MOLECULE_NAME,SMILES,extracted_value
-linalool,CC(C)=CCCC(C)(O)C=C,1.4359199999999999
1-2-cyanoethyl-3-2-hydroxyethyl-imidazoliumchloride,[Cl-].OCCn1cc[n+](CCC#N)c1,1.5385
1-2-cyanoethyl-3-2-propen-1-yl-imidazoliumchloride,[Cl-].C=CCn1cc[n+](CCC#N)c1,1.5368
1-4-bromophenylethanone,CC(=O)c1ccc(Br)cc1,1.647
1-adamantaneaceticacid,OC(=O)CC12CC3CC(CC(C3)C1)C2,1.6
1-benzyl-3-methylimidazolium,Cn1cc[n+](Cc2ccccc2)c1,1.6
1-benzyl-3-methylimidazoliumchloride,[Cl-].Cn1cc[n+](Cc2ccccc2)c1,1.5652
1-benzyl-4-propylbenzene,CCCc1ccc(Cc2ccccc2)cc1,1.3552
1-bromo-propane,CCCBr,1.434
1-bromoheptane,CCCCCCCBr,1.45
1-bromonaphthalene,Brc1cccc2ccccc12,1.6589999999999998
1-butanol,CCCCO,1.399
1-butene,CCC=C,1.39
1-butyl-3-2-cyanoethyl-imidazoliumchloride,[Cl-].CCCC[n+]1ccn(CCC#N)c1,1.5142
1-butyl-3-6-hydroxyhexyl-imidazoliumchloride,[Cl-].CCCC[n+]1ccn(CCCCCCO)c1,1.5028
1-butyl-3-methylimidazolium,CCCC[n+]1ccn(C)c1,1.42653
1-butyl-3-methylimidazolium_hexafluorophosphate,CCCC[n+]1ccn(C)c1.F[P-](F)(F)(F)(F)F,1.411
1-butyl-3-methylimidazolium_tetrafluoroborate,CCCC[n+]1ccn(C)c1.F[B-](F)(F)F,1.41764
1-butyl-3-methylimidazoliumbromide,[Br-].CCCC[n+]1ccn(C)c1,1.54
1-butylamine,CCCCN,2.7005
1-butylpyridinium_tetrafluoroborate,CCCC[n+]1ccccc1.F[B-](F)(F)F,1.443155
1-chloro-3-trichloromethylbenzene,Clc1cccc(c1)C(Cl)(Cl)Cl,1.4461
1-chloro-n-decane,CCCCCCCCCCCl,1.438
1-chloro-n-hexadecane,CCCCCCCCCCCCCCCCCl,1.45
1-chloro-n-propane,CCCCl,1.386
1-chlorobutane,CCCCCl,1.39995
1-chlorohexane,CCCCCCCl,1.4172
1-chloronaphthalene,Clc1cccc2ccccc12,1.633
1-chloropentane,CCCCCCl,1.4099
1-chloropropane,CCCCl,1.388
1-cyclohexylpiperazine,C1CCC(CC1)N2CCNCC2,1.6011
1-decanol,CCCCCCCCCCO,1.437
1-decene,CCCCCCCCC=C,1.422
1-decyl-3-methylimidazolium,CCCCCCCCCC[n+]1ccn(C)c1,1.43557
1-dodecanethiol,CCCCCCCCCCCCS,1.4586
1-dodecanol,CCCCCCCCCCCCO,1.46
1-ethyl-3-6-hydroxyhexyl-imidazoliumchloride,[Cl-].CC[n+]1ccn(CCCCCCO)c1,1.5011
1-ethyl-3-methylimidazolium,CC[n+]1ccn(C)c1,1.42251
1-ethyl-3-methylimidazoliumthiocyanate,CC[n+]1ccn(C)c1.[S-]C#N,1.5355
1-heptanol,CCCCCCCO,1.424
1-hexanol,CCCCCCO,1.418
1-hexene,CCCCC=C,1.38605
1-hexyl-3-methylimidazolium,CCCCCC[n+]1ccn(C)c1,1.42954
1-hexyl-3-methylimidazoliumchloride,[Cl-].CCCCCC[n+]1ccn(C)c1,1.5045
1-hydroxy_cyclohexyl_phenyl_ketone,OC1(CCCCC1)C(=O)c2ccccc2,1.607
1-iodonaphthalene_sulfur,S.Ic1cccc2ccccc12,1.7
1-isopropylnaphthalene,CC(C)c1cccc2ccccc12,1.693
1-methoxynaphthalene,COc1cccc2ccccc12,1.694
1-methyl-2-pyrrolidone,CN1CCCC1=O,1.4687000000000001
1-methyl-3-octylimidazoliumchloride,[Cl-].CCCCCCCCn1cc[n+](C)c1,1.4936
1-methylcyclohexene,CC1=CCCCC1,1.45
1-methyldecahydronaphthalene,CC1CCCC2CCCCC12,1.4794
1-methylnaphthalene,Cc1cccc2ccccc12,1.617275
1-methylpyreneacetonitrile,CC1(CC=C2C=Cc3cccc4ccc1c2c34)CC#N,1.3581
1-methylpyrrolidin-2-one,CN1CCCC1=O,1.47
1-naphthalenecarboxylicacid,OC(=O)c1cccc2ccccc12,1.46
1-nitropropane,CCC[N+]([O-])=O,1.401
1-nonanol,CCCCCCCCCO,6.6
1-octadecene,CCCCCCCCCCCCCCCCC=C,1.4475
1-octanethiol,CCCCCCCCS,1.45
1-octanol,CCCCCCCCO,1.429
1-octene,CCCCCCC=C,1.409
1-octyl-3-methylimidazolium,CCCCCCCC[n+]1ccn(C)c1,1.43256
1-pentanol,CCCCCO,1.40941
1-pentene,CCCC=C,1.372
1-pentylamine,CCCCCN,1.412
1-phenyl-1-pentanol,CCCCC(O)c1ccccc1,1.4086
1-propanol,CCCO,1.398
1-propyl_alcohol,CCCO,1.3836499999999998
10-undecenoic_acid,OC(=O)CCCCCCCCC=C,5.0
120-82-1,Clc1ccc(Cl)c(Cl)c1,1.5719
123-35-3,CC(C)=CCCC(=C)C=C,1.469
12h,OCCCCCCCCCCCC(O)=O,3.985
1_1-dichloroethane,CC(Cl)Cl,1.416
1_1_1-trichloroethane,CC(Cl)(Cl)Cl,1.43792
1_1_2-trichloroethane,ClCC(Cl)Cl,1.4714
1_2-dibromopropane,CC(Br)CBr,1.5201
1_2-dichlorobenzene,Clc1ccccc1Cl,1.5514
1_2-dichloroethane,ClCCCl,1.444
1_2-dimethoxy_ethane,COCCOC,1.354
1_2-ethanediol,OCCO,1.4313500000000001
1_2-pentanediol,CCCC(O)CO,1.44
1_2-propanediol,CC(O)CO,1.4309
1_2_4-trichlorobenzene,Clc1ccc(Cl)c(Cl)c1,1.57
1_2_dichloroethane,ClCCCl,1.44
1_3-bis2_2_2-trifluoro-ethoxypropan-2-ol,OC(COCC(F)(F)F)COCC(F)(F)F,1.352
1_3-butadiene,C=CC=C,1.429
1_3-butanediol,CC(O)CCO,1.4384
1_3-indandione,O=C1CC(=O)c2ccccc12,1.948
1_3-propanediol,OCCCO,1.4385
1_3-xylene,Cc1cccc(C)c1,1.4946199999999998
1_3_5-trimethylbenzene,Cc1cc(C)cc(C)c1,1.49684
1_4-benzenedithiol,Sc1ccc(S)cc1,1.45
1_4-butanediol,OCCCCO,1.4446
1_4-dioxan,C1COCCO1,1.4224
1_4-dioxane,C1COCCO1,1.422
1_5-pentanediol,OCCCCCO,1.4481
1_6-dichlorohexane,ClCCCCCCCl,1.46
1_6-hexanediol_diacrylate,OCCCCCCO.OC(=O)C=C.OC(=O)C=C,1.456
1_8-cineole,CC12CCC(CC1)C(C)(C)O2,1.45756
1h-pyrazole,[nH]1cccn1,1.4203
2-2-ethoxyethoxy-ethyl_acrylate,CCOCCOCCOC(=O)C=C,1.437
2-acetylcyclohexanone,CC(=O)C1CCCCC1=O,1.5138
2-amino-1-phenylethanone,NCC(=O)c1ccccc1,1.616
2-amino-2-methyl-1-propanol,CC(C)(N)CO,1.4461249999999999
2-aminobenzenethiol,Nc1ccccc1S,1.4606
2-aminoethanethiol,NCCS,1.48
2-aminoethanol,NCCO,1.4542
2-apb,NCCOB(c1ccccc1)c2ccccc2,3.5
2-butanol,CCC(C)O,1.3952499999999999
2-butanone,CCC(C)=O,1.376925
2-butoxyethanol,CCCCOCCO,1.66
2-chloro-3-nitropyridine,[O-][N+](=O)c1cccnc1Cl,1.455
2-chlorobutane,CCC(C)Cl,1.396
2-chloroethanol,OCCCl,1.4419
2-chloropropane,CC(C)Cl,1.378
2-chlorotoluene,Cc1ccccc1Cl,1.522605
2-decanone,CCCCCCCCC(C)=O,5.9
2-decyloxyethanol,CCCCCCCCCCOCCO,1.45
2-dodecanol,CCCCCCCCCCC(C)O,1.423
2-ethoxyethanol,CCOCCO,1.406
2-ethyl-1-butene,CCC(=C)CC,1.397
2-ethyl-1-hexanol,CCCCC(CC)CO,1.4293
2-ethyl-3-nitrosothiazolidine,CCC1SCCN1N=O,1.612
2-ethylhexanal,CCCCC(CC)C=O,4.8
2-ethylhexanoic_acid,CCCCC(CC)C(O)=O,1.7000000000000002
2-ethylhexanol,CCCCC(CC)CO,1.431
2-ethylhexyl_acetate,CCCCC(CC)COC(C)=O,6.1
2-furaldehyde,O=Cc1occc1,1.524
2-furylethylene,C=Cc1occc1,5.0
2-heptanol,CCCCCC(C)O,1.42
2-heptanone,CCCCCC(C)=O,5.3
2-hexanol,CCCCC(C)O,1.415
2-hexanone,CCCCC(C)=O,1.401
2-hexyloxyethanol,CCCCCCOCCO,1.429
2-hydroxybenzaldehyde,Oc1ccccc1C=O,1.573
2-hydroxyethyl_acrylate,OCCOC(=O)C=C,1.44875
2-hydroxyethylacrylate,OCCOC(=O)C=C,1.448
2-hydroxyethylammonium_formate,[NH3+]CCO.[O-]C=O,1.4542
2-hydroxylethylacrylate,OCCOC(=O)C=C,1.445
2-iodo-4-methylphenol,Cc1ccc(O)c(I)c1,1.5331
2-me,OCCS,3.04
2-methoxyethanol,COCCO,1.402
2-methyl-1-butanol,CCC(C)CO,3.36
2-methyl-1-pentene,CCCC(C)=C,1.392
2-methyl-1-propanol,CC(C)CO,1.39495
2-methyl-2-butanol,CCC(C)(C)O,1.40239
2-methyl-2-butene,CC=C(C)C,1.387
2-methyl-2-propanol,CC(C)(C)O,1.3866999999999998
2-methyl-thiophene,Cc1sccc1,1.52
2-methyl_pentane,CCCC(C)C,1.371
2-methylaminoethanol,CNCCO,1.439
2-methylbenzothiophene,Cc1sc2ccccc2c1,1.699
2-methylbutane,CCC(C)C,1.354
2-methylbutylammonium_formate,CCC(C)C[NH3+].[O-]C=O,1.4516
2-methylbutyraldehyde,CCC(C)C=O,1.392
2-methylfuran,Cc1occc1,1.434
2-methylnaphthalene,Cc1ccc2ccccc2c1,1.602
2-methylpropenal,CC(=C)C=O,1.414
2-methylpropylammonium_formate,CC(C)C[NH3+].[O-]C=O,1.4516
2-methyltetrahydrofuran,CC1CCCO1,1.406
2-n-butylaminoethanol,CCCCNCCO,1.445
2-naphthol,Oc1ccc2ccccc2c1,1.29
2-nitrophenol,Oc1ccccc1[N+]([O-])=O,5.2
2-nitrophenyl2-methylpropanoate,CC(C)(C([O-])=O)c1ccccc1[N+]([O-])=O,1.4315
2-octanol,CCCCCCC(C)O,1.426
2-octyloxyethanol,CCCCCCCCOCCO,1.435
2-pentanol,CCCC(C)O,1.49065
2-pentanone,CCCC(C)=O,1.3893
2-pentyloxyethanol,CCCCCOCCO,1.423
2-phenoxyethylacrylate,C=CC(=O)OCCOc1ccccc1,1.52
2-phenylethanol,OCCc1ccccc1,4.35
2-phenylnaphthalene,c1ccc(cc1)c2ccc3ccccc3c2,1.648
2-picoline,Cc1ccccn1,1.49839
2-propanol,CC(C)O,1.3772
2-propoxyethanol,CCCOCCO,1.414
2-pyrrolidone,O=C1CCCN1,1.4805
2-thiophenecarboxaldehyde,O=Cc1sccc1,1.5882
2-thiophenemethanol,OCc1sccc1,1.563
2_2-dimethylbutane,CCC(C)(C)C,1.3688
2_2_2-trifluoroethanol,OCC(F)(F)F,1.2854999999999999
2_2_4-trimethylpentane,CC(C)CC(C)(C)C,1.39727
2_3-butanediol,CC(O)C(C)O,1.4366
2_3-butylene_glycol,CC(O)C(C)O,1.4343
2_3-dehydro-1_8-cineole,CC12CCC(C=C1)C(C)(C)O2,4.0
2_3-dimethyl-1-butene,CC(C)C(C)=C,1.4
2_3-dimethyl-2-butene,CC(C)=C(C)C,1.412
2_3-heptanedione,CCCCC(=O)C(C)=O,2.15
2_3-octanedione,CCCCCC(=O)C(C)=O,7.4
2_3_3-trimethyl-1-butene,CC(=C)C(C)(C)C,1.403
2_4-dichlorotoluene,Cc1ccc(Cl)cc1Cl,1.55
2_4-dimethyl-2-pentene,CC(C)C=C(C)C,1.404
2_4-dimethyl-3-pentanone,CC(C)C(=O)C(C)C,1.4
2_4_4-trimethyl-2-pentene,CC(C)=CC(C)(C)C,1.416
2_4_6-tca,Nc1c(Cl)cc(Cl)cc1Cl,3.32
2_6-dichlorotoluene,Cc1c(Cl)cccc1Cl,1.55
3-6-hydroxyhexyl-1-methylimidazoliumchloride,[Cl-].C[n+]1ccn(CCCCCCO)c1,1.5002
3-6-hydroxyhexyl-imidazoliumchloride,[Cl-].OCCCCCCn1cc[nH+]c1,1.4989
3-buten-2-one,CC(=O)C=C,1.4129999999999998
3-chloro-2-methylanisole,COc1cccc(Cl)c1C,1.42
3-dimethylaminoacrolein,CN(C)C=CC=O,1.584
3-dimethylaminophenol,CN(C)c1cccc(O)c1,1.5895
3-ethyltetrahydrofuran,CCC1CCOC1,1.491
3-furancarboxaldehyde,O=Cc1cocc1,1.495
3-heptanol,CCCCC(O)CC,1.42
3-heptanone,CCCCC(=O)CC,1.406
3-hexanone,CCCC(=O)CC,3.79
3-hydroxy-2-butanone,CC(O)C(C)=O,1.417
3-hydroxy-3-methylbutanoicacid,CC(C)(O)CC(O)=O,1.5081
3-methoxy-1-propyne,COCC#C,1.5035
3-methoxy_propionitrile,COCCC#N,1.403
3-methoxybenzaldehyde,COc1cccc(C=O)c1,1.553
3-methyl-1-butanol,CC(C)CCO,1.40615
3-methyl-1-butene,CC(C)C=C,1.364
3-methyl-1-pentene,CCC(C)C=C,1.384
3-methyl-2-butanone,CC(C)C(C)=O,1.388
3-methyl-2_5-furandione,CC1=CC(=O)OC1=O,1.471
3-methylbenzaldehyde,Cc1cccc(C=O)c1,1.541
3-methylbutanal,CC(C)CC=O,1.39
3-methylbutanoic_acid,CC(C)CC(O)=O,3.55
3-methylbutanoic_acid_ethyl_ester,CCOC(=O)CC(C)C,4.5
3-methylpentane,CCC(C)CC,1.37385
3-methyltetrahydrofuran,CC1CCOC1,1.493
3-nitrobenzanthrone,[O-][N+](=O)c1ccc2c3ccccc3C(=O)c4cccc1c24,3.0
3-nitrophenol,Oc1cccc(c1)[N+]([O-])=O,5.8
3-pentanone,CCC(=O)CC,1.392
3-penten-2-one,CC=CC(C)=O,4.0
3-picoline,Cc1cccnc1,1.5053100000000001
3-pyridinecarboxamide,NC(=O)c1cccnc1,1.466
3_3-dimethyl-1-butene,CC(C)(C)C=C,1.376
3_3-dimethyl-2-butanone,CC(=O)C(C)(C)C,1.395
3_4-dichlorotoluene,Cc1ccc(Cl)c(Cl)c1,1.55
3mpa,OC(=O)CCS,3.0
4-1-ethylpropylpyridine,CCC(CC)c1ccncc1,1.4091
4-acetylbutyric_acid,CC(=O)CCCC(O)=O,1.445
4-bromo-3-fluoroaniline,Nc1ccc(Br)c(F)c1,1.471
4-bromo-3-methyl-1h-pyrazole,Cc1n[nH]cc1Br,1.5182
4-chlorobenzenesulfonothioicacid,O[S](=O)(=S)c1ccc(Cl)cc1,1.4087
4-dibutylaminobenzaldehyde,CCCCN(CCCC)c1ccc(C=O)cc1,1.587
4-heptanone,CCCC(=O)CCC,4.21
4-hydroxy-2mercapto-6-propylpyrimidine,CCCc1cc(O)nc(S)n1,1.338
4-hydroxybenzaldehyde,Oc1ccc(C=O)cc1,1.571
4-hydroxybenzoic_acid,OC(=O)c1ccc(O)cc1,4.84
4-hydroxybutylacrylate,OCCCCOC(=O)C=C,1.454
4-mercaptophenol,Oc1ccc(S)cc1,1.5101
4-methoxybenzylisocyanate,COc1ccc(CN=C=O)cc1,1.433
4-methyl-1-pentene,CC(C)CC=C,1.383
4-methyl-2-isopropyl-1-pentanol,CC(C)CC(CO)C(C)C,1.621
4-methyl-2-nitrophenol,Cc1ccc(O)c(c1)[N+]([O-])=O,1.574
4-methyl-2-oxovaleric_acid,CC(C)CC(=O)C(O)=O,6.8
4-methyl-2-pentanol,CC(C)CC(C)O,3.75
4-methyl-2-pentanone,CC(C)CC(C)=O,1.398
4-methylacetophenone,CC(=O)c1ccc(C)cc1,1.534
4-methylbenzaldehyde,Cc1ccc(C=O)cc1,1.545
4-methylthiobenzaldehyde,CSc1ccc(C=O)cc1,1.646
4-nitrophenol,Oc1ccc(cc1)[N+]([O-])=O,2.7
4-nitrothioanisole,CSc1ccc(cc1)[N+]([O-])=O,1.6401
4-oxopentanoic_acid,CC(=O)CCC(O)=O,1.44
4-pentenoic_acid,OC(=O)CCC=C,2.0
4-picoline,Cc1ccncc1,1.50286
4-terpineol,CC(C)C1(O)CCC(=CC1)C,1.4685000000000001
4_4’-oxydianiline,Nc1ccc(Oc2ccc(N)cc2)cc1,1.6883
4_pa,OC(=O)CCC=C,1.33
4pb,ONC(=O)CCC[P](O)(O)=O,2.27
5-bromo-2-nitropyridine,[O-][N+](=O)c1ccc(Br)cn1,1.304
5-hexen-2-one,CC(=O)CCC=C,1.418
5-ht,NCCc1c[nH]c2ccc(O)cc12.OC(=O)\C=C/C(O)=O,3.0
5-hydroxymethylfurfural,OCc1oc(C=O)cc1,5.55
5-methyl-23h-furanone,CC1=CCC(=O)O1,1.448
5-methyl-25h-furanone,CC1OC(=O)C=C1,1.445
5-methylbenzotriazole,Cc1ccc2[nH]nnc2c1,1.68
5-nitrofurfurylalcohol,OCc1oc(cc1)[N+]([O-])=O,1.582
56-81-5,OCC(O)CO,1.47
5989-27-5,CC(=C)[C@@H]1CCC(=CC1)C,1.473
5ni,[O-][N+](=O)c1ccc2[nH]ncc2c1,1.74
6-acetyl_glucose,CC(=O)C(O)[C@@H](O)[C@@H](O)[C@H](O)[C@@H](O)C=O,3.0
6196-95-8,CC(c1ccccc1)c2ccc(C)c(C)c2,1.565
7-methyl-3-octanone,CCC(=O)CCCC(C)C,1.4748
8-hydroxyquinolinium_2-carboxy-6-nitrophthalate_monohydrate,O.OC(=O)C1(C=CC=C(C1C([O-])=O)[N+]([O-])=O)C([O-])=O.Oc2cccc3ccc[nH+]c23.Oc4cccc5ccc[nH+]c45,1.19
9-methylanthracene,Cc1c2ccccc2cc3ccccc13,1.6959
9-octadecene,CCCCCCCCC=CCCCCCCCC,1.447
94-13-3,CCCOC(=O)c1ccc(O)cc1,1.505
9_9-bis4-hydroxyphenylfluorene,Oc1ccc(cc1)C2(c3ccc(O)cc3)c4ccccc4c5ccccc25,1.661
_methyl_methacrylate_,CC=C(C)C([O-])=O,1.4905
abn,NCc1ccccc1,2.0
abs,C=CC=C.C=CC#N.C=Cc1ccccc1,1.5593
abts,[NH4+].[NH4+].CCN1/C(Sc2cc(ccc12)[S]([O-])(=O)=O)=N/N=C/3Sc4cc(ccc4N3CC)[S]([O-])(=O)=O,4.72
acac,CC(=O)CC(C)=O,1.45
acacetin,COc1ccc(cc1)C2=CC(=O)c3c(O)cc(O)cc3O2,1.03
acenaphthene,C1Cc2cccc3cccc1c23,1.605
acenaphthylene,c1cc2cccc3C=Cc(c1)c23,3.62
acetal,CCOC(C)OCC,8.0
acetaldehyde,CC=O,3.0
acetaminophen,CC(=O)Nc1ccc(O)cc1,1.568
acetate,CC([O-])=O,1.48
acetazolamide,CC(=O)Nc1sc(nn1)[S](N)(=O)=O,3.0
acetic_acid,CC(O)=O,1.372
aceticacid,CC(O)=O,1.3719
aceticanhydride,CC(=O)OC(C)=O,1.39
aceton,CC(C)=O,1.3587
acetone,CC(C)=O,1.359
acetone-methylene_diiodide,CC(C)=O.ICI,1.56
acetonitrile,CC#N,1.3441
acetophenone,CC(=O)c1ccccc1,1.53225
acetylacetone,CC(=O)CC(C)=O,1.4494
acetyliodide,CC(I)=O,1.5491
acf,C[n+]1c2cc(N)ccc2cc3ccc(N)cc13.Nc4ccc5cc6ccc(N)cc6nc5c4,1.61
acid_chloride,CCCC(C)c1ccc(OCC(Cl)=O)c(c1)C(C)CCC,3.995
acl,CC(=O)[C@@H](N)CCCN=C(N)N,3.0
acn,CC#N,1.34
acridine_orange,CN(C)c1ccc2cc3ccc(cc3nc2c1)N(C)C,1.955
acriflavine,[Cl-].C[n+]1c2cc(N)ccc2cc3ccc(N)cc13.Nc4ccc5cc6ccc(N)cc6nc5c4,1.45
acrivastine,Cc1ccc(cc1)C(=C\CN2CCCC2)/c3cccc(\C=C\C(O)=O)n3,2.1
acrolein,C=CC=O,2.93
acroleine,C=CC=O,2.7
acrylonitrile,C=CC#N,1.57
active_amyl_alcohol,CCC(C)CO,1.4086500000000002
adipic_acid,OC(=O)CCCCC(O)=O,1.46
adipic_acid_monomethyl_ester,COC(=O)CCCCC(O)=O,1.441
aether,CCOCC,1.3545
age,C=CCOCC1CO1,1.433
alcohol,CCO,1.5
alcohols,CCO,1.4868000000000001
aldosterone,C[C@]12CCC(=O)C=C1CC[C@H]3[C@@H]4CC[C@H](C(=O)CO)[C@]4(C[C@H](O)[C@H]23)C=O,5.5
aliquat_336,[Cl-].CCCCCCCC[N+](C)(CCCCCCCC)CCCCCCCC,1.4675
allergan,[H+].[Cl-].CN(C)CCOC(c1ccccc1)c2ccccc2,1.47
allyl_alcohol,OCC=C,1.41195
alon,CC(C)c1ccc(NC(=O)N(C)C)cc1,1.79
alpinetin,COc1cc(O)cc2OC(CC(=O)c12)c3ccccc3,1.16
amino-nitro-benzene,Nc1ccccc1[N+]([O-])=O,1.352
aminopyrine,CN(C)C1=C(C)N(C)N(c2ccccc2)C1=O,4.0
ammonium_acetate,[NH4+].CC([O-])=O,1.33
ammonium_acetate-acetic_acid,[NH4+].CC(O)=O.CC([O-])=O,4.5
amo,N[C@@H](CC(O)=O)C(=O)O[P](O)(=O)OC[C@H]1O[C@H]([C@H](O)[C@@H]1O)n2cnc3c(N)ncnc23,1.4649999999999999
ampicillin,CC1(C)S[C@@H]2[C@H](NC(=O)[C@H](N)c3ccccc3)C(=O)N2[C@H]1C(O)=O,3.17
amt,[H+].[Cl-].CC1CCN=C(N)S1,1.935
amyl_alcohol,CCCCCO,1.4082
amylacetate,CCCCCCC([O-])=O,1.4025
amylalcohol,CCCCCO,1.4073
anastrozole,CC(C)(C#N)c1cc(Cn2cncn2)cc(c1)C(C)(C)C#N,1.08
anb-nos,[O-][N+](=O)c1ccc(cc1C(=O)ON2C(=O)CCC2=O)N=[N+]=[N-],1.55
aniline,Nc1ccccc1,1.5863
anisodamine,CN1C2C[C@H](O)C1C[C@H](C2)OC(=O)[C@@H](CO)c3ccccc3,1.5885
anisol,COc1ccccc1,1.5155
anisole,COc1ccccc1,1.5155
anthracene,c1ccc2cc3ccccc3cc2c1,1.786
anthracite,[O-]Cc1cccc2cc3ccccc3cc12,2.05
anthraquinone,O=C1c2ccccc2C(=O)c3ccccc13,1.7354
ants,[Na+].[Na+].Nc1cc(cc2cc(cc(c12)[S]([O-])(=O)=O)[S]([O-])(=O)=O)[S](O)(=O)=O,3.615
aot,[Na+].CCCCC(CC)COC(=O)CC(C(=O)OCC(CC)CCCC)[S]([O-])(=O)=O,1.40165
apa,NC(=N)c1ccc(CC(O)(O)C(O)=O)cc1,3.5
apigenin,Oc1ccc(cc1)C2=CC(=O)c3c(O)cc(O)cc3O2,1.22
ar1,Cn1cc(NC=O)nc1C(=O)Nc2cn(C)c(n2)C(=O)Nc3cn(C)c(n3)C(=O)NCC[NH+](C)C,1.6185
arabitol,OCC(O)C(O)C(O)CO,1.8
arachidic_acid,CCCCCCCCCCCCCCCCCCCC(O)=O,1.45
arachidicacid,CCCCCCCCCCCCCCCCCCCC(O)=O,1.45
arachidonic_acid,CCCCC/C=C\C\C=C/C/C=C\C\C=C/CCCC(O)=O,1.482
arginine,N[C@@H](CCCNC(N)=N)C(O)=O,1.637
armor,Nc1nc(N)nc(NC2CC2)n1,1.78
asparagine,N[C@@H](CC(N)=O)C(O)=O,1.1
aspartate,N[C@@H](CC([O-])=O)C([O-])=O,3.0
aspirin,CC(=O)Oc1ccccc1C(O)=O,1.9
ata,N.N.N.OC(=O)c1cc(ccc1O)C(c2ccc(O)c(c2)C(O)=O)=C3C=CC(=O)C(=C3)C(O)=O,1.4
atenolol,CC(C)NCC(O)COc1ccc(CC(N)=O)cc1,7.0
ato,CC(=O)CCl,1.68
atorvastatin,CC(C)c1n(CC[C@@H](O)C[C@@H](O)CC(O)=O)c(c2ccc(F)cc2)c(c3ccccc3)c1C(=O)Nc4ccccc4,1.065
atropine,CN1C2CCC1CC(C2)OC(=O)C(CO)c3ccccc3,3.0
aurantia,[O-][N+](=O)c1cc(c(Nc2c(cc(cc2[N+]([O-])=O)[N+]([O-])=O)[N+]([O-])=O)c(c1)[N+]([O-])=O)[N+]([O-])=O,1.4
azelaic_acid,OC(=O)CCCCCCCC(O)=O,4.53
azelnidipine,CC(C)OC(=O)C1=C(C)NC(=C(C1c2cccc(c2)[N+]([O-])=O)C(=O)OC3CN(C3)C(c4ccccc4)c5ccccc5)N,1.09
azithromycin,CC[C@H]1OC(=O)[C@H](C)[C@@H](O[C@H]2C[C@@](C)(OC)[C@@H](O)[C@H](C)O2)C(C)[C@@H](O[C@@H]3O[C@H](C)C[C@@H]([C@H]3O)N(C)C)[C@](C)(O)C[C@@H](C)CN(C)[C@H](C)[C@@H](O)[C@]1(C)O,3.6832
azo,CO\C=C(C(=O)OC)/c1ccccc1Oc2cc(Oc3ccccc3C#N)ncn2,1.7570000000000001
azobenzene,c1ccc(cc1)N=Nc2ccccc2,2.535
azulenylium,c1ccc2cc[c+]c2cc1,1.5
azure_a,[Cl-].CN(C)c1ccc2nc3ccc(N)cc3[s+]c2c1,1.4
bacteriochlorin,C1Cc2cc3[nH]c(cc3)cc4CCc(cc5[nH]c(cc5)cc1n2)n4,1.31
baicalein,Oc1cc2OC(=CC(=O)c2c(O)c1O)c3ccccc3,1.0955
baicalin,O[C@@H]1[C@@H](O)[C@@H](O[C@@H]([C@H]1O)C(O)=O)Oc2cc3OC(=CC(=O)c3c(O)c2O)c4ccccc4,1.19
benzaldehyde,O=Cc1ccccc1,1.54615
benzene,c1ccccc1,1.5
benzenemethanethiol,SCc1ccccc1,1.5151
benzenesulfinylchloride,Cl[S](=O)c1ccccc1,1.347
benzoic_acid,OC(=O)c1ccccc1,1.504
benzol,c1ccccc1,1.4986
benzonitrile,N#Cc1ccccc1,1.528
benzothiazole,s1cnc2ccccc12,1.63
benzotriazole,[nH]1nnc2ccccc12,1.73
benzoxazine,N1Oc2ccccc2C=C1,6.0
benzphetamine,CC(Cc1ccccc1)N(C)Cc2ccccc2,1.5515
benzyl_alcohol,OCc1ccccc1,1.54
benzyl_benzoate,O=C(OCc1ccccc1)c2ccccc2,1.5685
benzyl_n-butyl_phthalate,CCCCOC(=O)c1ccccc1C(=O)OCc2ccccc2,1.538
benzylalcohol,OCc1ccccc1,1.54
benzyne,c1ccc#cc1,1.354
betaxolol,CC(C)NCC(O)COc1ccc(CCOCC2CC2)cc1,7.0
bic,NC(=O)[C@@H]1CCN2CC[C@@](N)(Cc3ccccc3)C(=O)N12,1.46
bilirubin,CC1=C(C=C)/C(NC1=O)=C/c2[nH]c(Cc3[nH]c(\C=C/4NC(=O)C(=C4C)C=C)c(C)c3CCC(O)=O)c(CCC(O)=O)c2C,4.95
biotin,OC(=O)CCCCC1SCC2NC(=O)NC12,1.5
biphenyl,c1ccc(cc1)c2ccccc2,1.8245
bipyridine,c1ccc(nc1)c2ccccn2,4.5
bis-gma,CC(=C)C(=O)OCC(O)COc1ccc(cc1)C(C)(C)c2ccc(OCC(O)COC(=O)C(C)=C)cc2,1.549
bisdemethoxycurcumin,Oc1ccc(cc1)\C=C\C(=O)CC(=O)/C=C/c2ccc(O)cc2,1.37
bisphenol_a,CC(C)(c1ccc(O)cc1)c2ccc(O)cc2,1.6705
bisphenol_a_diglycidyl_ether,CC(C)(c1ccc(O)cc1)c2ccc(O)cc2.C(OCC3CO3)C4CO4,1.574
bisphenol_af,Oc1ccc(cc1)C(c2ccc(O)cc2)(C(F)(F)F)C(F)(F)F,1.613
bisthiophene–fluorene,C1c2ccccc2c3ccccc13.s4cccc4.s5cccc5,1.5
blue_line,[H+].[Cl-].CN(C)CCN(Cc1sccc1)c2ccccn2,2.1
bmimcl,[Cl-].CCCCn1cc[n+](C)c1,1.54
bpc-c,BPCC,1.507
brij_35,CCCCCCCCCCCCOCCO,1.345
brimonidine,Brc1c(NC2=NCCN2)ccc3nccnc13,6.0
brinzolamide,CCN[C@H]1CN(CCCOC)[S](=O)(=O)c2sc(cc12)[S](N)(=O)=O,3.0
bromcresol_green,Cc1c(Br)c(O)c(Br)cc1C2(O[S](=O)(=O)c3ccccc23)c4cc(Br)c(O)c(Br)c4C,1.334
bromfenac,[Na+].Nc1c(CC([O-])=O)cccc1C(=O)c2ccc(Br)cc2,6.5
bromobenzene,Brc1ccccc1,1.5341
bromocresol_green,Cc1c(Br)c(O)c(Br)cc1C2(O[S](=O)(=O)c3ccccc23)c4cc(Br)c(O)c(Br)c4C,2.46
bromodecane,CCCCCCCCCCBr,1.07
bromoethane,CCBr,1.425
bromonaphthalene,Brc1cccc2ccccc12,1.66
butadiene,C=CC=C,1.43
butan-1-ol,CCCCO,1.3991
butan-2-ol,CCC(C)O,1.3983
butanal,CCCC=O,1.387
butane,CCCC,1.3543
butanenitrile,CCCC#N,1.384
butanoic_acid,CCCC(O)=O,6.800000000000001
butanol,CCCCO,1.399
butanone,CCC(C)=O,1.379
butanoylbromide,CCCC(Br)=O,1.596
butyl3-bromopropanoate,CCCCOC(=O)CCBr,1.3051
butyl_4-hydroxybenzoate,CCCCOC(=O)c1ccc(O)cc1,1.6
butyl_acetate,CCCCOC(C)=O,1.4242
butyl_butanoate,CCCCOC(=O)CCC,1.3947500000000002
butyl_ether,CCCCOCCCC,1.3968
butyl_ethyl_ether,CCCCOCC,1.3818
butyl_laurate,CCCCCCCCCCCC(=O)OCCCC,1.4366
butyl_levulinate,CCCCOC(=O)CCC(C)=O,1.549802
butyl_methacrylate,CCCCOC(=O)C(C)=C,1.4222000000000001
butylacetate,CCCCOC(C)=O,1.4252
butylacrylate,CCCCOC(=O)C=C,1.417
butylamine,CCCCN,1.3934
butylammonium_formate,CCCC[NH3+].[O-]C=O,1.4529
butylbenzene,CCCCc1ccccc1,1.4898
butylchloride,CCCCCl,1.402
butylcyclohexane,CCCCC1CCCCC1,1.4408
butylene_glycol,OCCCCO,1.4456
butyleneglycol,OCCCCO,1.0171
butylethanoate,CCCCOC(C)=O,1.3848
butylether,CCCCOCCCC,1.398
butylethylether,CCCCOCC,1.3818
butyllaurate,CCCCCCCCCCCC(=O)OCCCC,1.4366
butyrate,CCCC([O-])=O,1.4532
butyric_acid,CCCC(O)=O,1.3976
butyricacid,CCCC(O)=O,1.3976
butyronitrile,CCCC#N,1.38
c-c,CC,6.6
c10,CCCCCCCCCCOCCOCCOCCOCCOCCOCCO,5.5
c10e8,CCCCCCCCCCOCCOCCOCCOCCOCCOCCOCCOCCO,8.0
c20,CC(C)[C@H](NC(C)=O)C(=O)N[C@@H](Cc1ccccc1)[C@@H](O)CN(CC2CCCCC2)NC(=O)[C@@H](NC(C)=O)C(C)C,1.4361
c2h5oh,CCO,1.36
c2h6,CC,1.96
c60,CCCCNC(=O)[C@@H](CC(=O)[C@H](CC1CCCCC1)NC(=O)[C@H](Cc2[nH]cnc2)NC(=O)[C@H](Cc3ccccc3)C[S](=O)(=O)C(C)(C)C)C(C)C,1.55
c8,CC[C@H](C)[C@H](NC(=O)[C@H](Cc1c[nH]c2ccccc12)NC(=O)CNC(=O)[C@@H](NC(=O)[C@H](Cc3c[nH]c4ccccc34)NC(=O)[C@H](CC(O)=O)NC(=O)[C@H](CCC(O)=O)NC(=O)[C@H](Cc5c[nH]c6ccccc56)NC(C)=O)C(C)C)C(N)=O,1.8
caffeic_acid,OC(=O)\C=C/c1ccc(O)c(O)c1,5.245
calix[4]arene,Oc1c2Cc3cccc(Cc4cccc(Cc5cccc(Cc1ccc2)c5O)c4O)c3O,1.525
calixarene,COC(=O)COc1c2Cc3cc(cc(Cc4cc(cc(Cc5cc(cc(Cc1cc(c2)C(C)(C)C)c5OCC(=O)OC)C(C)(C)C)c4OCC(=O)OC)C(C)(C)C)c3OCC(=O)OC)C(C)(C)C,1.47
campesterol,CC(C)C(C)CCC(C)C1CCC2C3CC=C4CC(O)CCC4(C)C3CCC12C,2.995
camphene,CC1(C)C2CCC(C2)C1=C,1.457
camphor,CC1(C)C2CCC1(C)C(=O)C2,1.5462
camphoric_acid,CC1(C)C(CCC1(C)C(O)=O)C(O)=O,2.0
camptothecin,CC[C@@]1(O)C(=O)OCC2=C1C=C3N(Cc4cc5ccccc5nc34)C2=O,1.51
caprate,CCCCCCCCCC([O-])=O,1.4367
capric_acid_triglyceride,CCCCCCCCCC(=O)OCC(COC(=O)CCCCCCCCC)OC(=O)CCCCCCCCC,5.8
caprolactam,O=C1CCCCCN1,3.1067
caprylic_acid_triglyceride,CCCCCCCC(=O)OCC(COC(=O)CCCCCCC)OC(=O)CCCCCCC,2.0
captopril,C[C@H](CS)C(=O)N1CCC[C@H]1C(O)=O,4.0
carbazole,[nH]1c2ccccc2c3ccccc13,3.0
cardamonin,COc1cc(O)cc(O)c1C(=O)\C=C\c2ccccc2,1.27
carmoisine,[Na+].[Na+].[O-][S](=O)(=O)c1ccc(N\N=C\2C=C(c3ccccc3C2=O)[S]([O-])(=O)=O)c4ccccc14,1.08
carnitine,C[N+](C)(C)CC(O)CC([O-])=O,2.0
carteolol,CC(C)(C)NCC(O)COc1cccc2NC(=O)CCc12,7.0
carvacrol,CC(C)c1ccc(C)c(O)c1,1.522
carvone,CC(=C)[C@H]1CC=C(C)C(=O)C1,1.497
catechin,O[C@H]1Cc2c(O)cc(O)cc2O[C@@H]1c3ccc(O)c(O)c3,1.4465
cbn,ClCC#CCOC(=O)Nc1cccc(Cl)c1,2.116
cbp,ONC(=O)CC1(CCOCC1)[S](=O)(=O)c2ccc(Oc3ccc(Cl)cc3)cc2,1.75
cbz,O=COCc1ccccc1,1.3902
ccm,CC1(CCCC1)C([O-])=O,1.1825
cco,CCO,1.45325
cdc,C[N+](C)(C)CCO[P]([O-])(=O)O[P](O)(=O)OC[C@H]1O[C@H]([C@H](O)[C@@H]1O)N2C=CC(=NC2=O)N,1.5624500000000001
cefamandole,Cn1nnnc1SCC2=C(N3[C@H](SC2)[C@H](NC(=O)[C@H](O)c4ccccc4)C3=O)C(O)=O,1.114
cefpodoxime,[Na+].COCC1=C(N2[C@H](SC1)[C@H](NC(=O)C(=N/OC)\c3csc(N)n3)C2=O)C([O-])=O,3.75
cephalothin,CC(=O)OCC1=C(N2[C@H](SC1)[C@H](NC(=O)Cc3sccc3)C2=O)C(O)=O,6.1
cetyl_palmitate,CCCCCCCCCCCCCCCCOC(=O)CCCCCCCCCCCCCCC,1.44
cf3ch2oh,OCC(F)(F)F,1.2907
ch2cch3cooch2ch2cf2ncf3,C.C.C[FH].CCCOOC.NC[FH],8.0
ch3ch2oh,CCO,1.361
ch3cn,CCN,1.342
ch3cooh,CCOO,1.3716
chalcone,O=C(C=Cc1ccccc1)c2ccccc2,2.241
chb,OC(=O)c1ccc(O)c(Cl)c1,1.492
chelating_agents,OC(=O)CN(CCN(CC(O)=O)CC(O)=O)CC(O)=O,2.0
chitin,CC(=O)NC1[C@H](O)OC(CO)[C@@H](COC[C@@H]2OC(CO)[C@@H](COC[C@@H]3OC(CO)[C@@H](O)[C@@H](O)C3NC(C)=O)[C@@H](O)C2NC(C)=O)[C@H]1O,1.56
chlorbenzene,Clc1ccccc1,1.5241
chloro-benzene,Clc1ccccc1,1.5248
chlorobenzene,Clc1ccccc1,1.51036
chlorobutane,CCCCCl,1.52
chlorocurcumin,COc1cc(ccc1O)/C=C/C(=O)CC(=O)/C=C/c2ccc(O)c(OCCl)c2,1.4
chlorogenic_acid,O[C@@H]1C[C@](O)(C[C@@H](OC(=O)\C=C\c2ccc(O)c(O)c2)[C@@H]1O)C(O)=O,1.83
chloromethane,CCl,1.47915
chloronaphthalene,Clc1cccc2ccccc12,1.5485
chlorophyll_a,[Mg++].CCc1c(C)c2cc3[n-]c(cc4nc([C@@H](CCC(=O)OC\C=C(C)\CCCC(C)CCCC(C)CCCC(C)C)[C@@H]4C)c5C(C(=O)OC)C(=O)c6c(C)c([n-]c56)cc1n2)c(C)c3C=C,1.5
chloroquine,CCN(CC)CCCC(C)Nc1ccnc2cc(Cl)ccc12,1.91
cho,C[C@H](CCC(N)=O)[C@H]1CC[C@H]2[C@@H]3C(O)C[C@@H]4C[C@H](O)CC[C@]4(C)[C@H]3CC[C@]12C,1.548
cholesterol,CC(C)CCC[C@@H](C)[C@H]1CC[C@H]2[C@@H]3CC=C4C[C@@H](O)CC[C@]4(C)[C@H]3CC[C@]12C,3.55
choline,C[N+](C)(C)CCO,2.97
choline_chloride,[Cl-].C[N+](C)(C)CCO,2.5
chrysene,c1ccc2c(c1)ccc3c4ccccc4ccc23,1.787
chrysin,Oc1cc(O)c2C(=O)C=C(Oc2c1)c3ccccc3,2.0936
cil,CCC/C=C(NC(=O)[C@H]1CC1(C)C)/C(O)=O,1.5159
cimetidine,CN=C(NCCSCc1nc[nH]c1C)NC#N,8.0
cinchonidine,OC(C1CC2CCN1CC2C=C)c3ccnc4ccccc34,1.36
cinnamaldehyde,O=CC=Cc1ccccc1,1.59016
cinnamic_acid,OC(=O)C=Cc1ccccc1,2.0
cinnamic_alcohol,OC/C=C/c1ccccc1,1.795
cinnamic_aldehyde,O=C/C=C/c1ccccc1,1.25
cip,CN1CC[N+](=C1Cl)C.F[P-](F)(F)(F)(F)F,1.52
ciprofloxacin,OC(=O)C1=CN(C2CC2)c3cc(N4CCNCC4)c(F)cc3C1=O,3.1871
circadin,COc1ccc2[nH]cc(CCNC(C)=O)c2c1,5.165
cis-3-hexene,CC\C=C/CC,1.395
cis-4-octene,CCC\C=C/CCC,1.415
cis-5-decene,CCCC\C=C/CCCC,1.426
cis-decalin,C1CC[C@@H]2CCCC[C@@H]2C1,1.48
citraconic_anhydride,CC1=CC(=O)OC1=O,1.471
citral,CC(C)=CCCC(C)=CC=O,1.4655
citrate,OC(CC([O-])=O)(CC([O-])=O)C([O-])=O,1.35
citric_acid,OC(=O)CC(O)(CC(O)=O)C(O)=O,1.5087
citricacid,OC(=O)CC(O)(CC(O)=O)C(O)=O,1.36475
citronellal,CC(CCC=C(C)C)CC=O,1.446
clenbuterol,CC(C)(C)NCC(O)c1cc(Cl)c(N)c(Cl)c1,1.09
clioquinol,Oc1c(I)cc(Cl)c2cccnc12,1.4
clonazepam,[O-][N+](=O)c1ccc2NC(=O)CN=C(c3ccccc3Cl)c2c1,1.05
cloxacillin,Cc1onc(c2ccccc2Cl)c1C(=O)N[C@H]3[C@H]4SC(C)(C)[C@@H](N4C3=O)C(O)=O,3.36
cne,CCOc1ccc(\C=C\C(=O)OC)cc1CC(=O)N[C@@H](C(C)C)C(=O)N[C@@H](CC(O)=O)C(=O)CSCc2c(F)cccc2Cl,1.4867
cnh,CC(C)(O)C#N,1.243
cno,CC(C)(Oc1ccc(CC(=O)Nc2cccc(NC(=O)Cc3ccc(OC(C)(C)C(O)=O)cc3)c2)cc1)C(O)=O,1.312
coch2ch2–ch2,[CH2]CCO[CH2],2.31
coch2–ch2ch2,[CH2]CCO[CH2],2.34
colchicine,COC1=CC=C2C(=CC1=O)[C@H](CCc3cc(OC)c(OC)c(OC)c23)NC(C)=O,2.11
conferone,CC1=CCC2C(C)(C)C(=O)CC[C@]2(C)C1COc3ccc4C=CC(=O)Oc4c3,1.225
congo_red,[Na+].[Na+].Nc1c(cc(c2ccccc12)[S]([O-])(=O)=O)N=Nc3ccc(cc3)c4ccc(cc4)N=Nc5cc(c6ccccc6c5N)[S]([O-])(=O)=O,1.518
coniferaldehyde,COc1cc(/C=C/C=O)ccc1O,9.0
coralyne,[Cl-].COc1cc2cc[n+]3c(C)c4cc(OC)c(OC)cc4cc3c2cc1OC,1.02
cortisol,C[C@]12CCC(=O)C=C1CC[C@H]3[C@@H]4CC[C@](O)(C(=O)CO)[C@@]4(C)C[C@H](O)[C@H]23,6.73
cos,CC(C)(CO[P](O)(=O)O[P](O)(=O)OC[C@H]1O[C@H]([C@H](O)[C@@H]1O[P](O)(O)=O)n2cnc3c(N)ncnc23)[C@@H](O)C(=O)NCCC(=O)NCCSS,1.552
coumarin,O=C1Oc2ccccc2C=C1,1.348
coumarin_102,CC1=CC(=O)Oc2c3CCCN4CCCc(cc12)c34,1.54
creatinine,CN1CC(=O)N=C1N,2.9
cresyl_violet,[Cl-].CN(C)c1cc2[o+]c3cc(N)c4ccccc4c3nc2cc1C,1.38
cristal,OCC(O)CO,1.34
ctma,CONC(=O)COc1ccc(Cl)cc1C,1.512
cumene,CC(C)c1ccccc1,1.4915
curcumin,COc1cc(\C=C\C(=O)CC(=O)\C=C\c2ccc(O)c(OC)c2)ccc1O,1.38
curcumin–,COc1cc(\C=C\C(=O)CC(=O)\C=C\c2ccc(O)c(OC)c2)ccc1O,1.17
cyanine,[Cl-].Nc1ccc2nc3ccc(N)cc3[s+]c2c1,1.634
cyanoacrylate,C=CC(=O)OC#N,1.48
cyanobiphenyl,N#Cc1ccccc1c2ccccc2,5.75
cyclo-hexane,C1CCCCC1,1.4389
cyclobutane,C1CCC1,1.362
cyclodecane,C1CCCCCCCCC1,1.4716
cycloheptane,C1CCCCCC1,1.4528
cycloheptene,C1CCC=CCC1,1.455
cyclohexane,C1CCCCC1,1.4262
cyclohexanol,OC1CCCCC1,1.4648
cyclohexanone,O=C1CCCCC1,1.4629
cyclohexene,C1CCC=CC1,1.446
cyclohexyl_acetate,CC(=O)OC1CCCCC1,1.44225
cyclohexylacetate,[O-]C(=O)CC1CCCCC1,1.4425
cyclohexylamine,NC1CCCCC1,1.328
cyclohexylbenzene,C1CCC(CC1)c2ccccc2,1.5257
cyclone,O=C1C(=C(c2ccccc2)C(=C1c3ccccc3)c4ccccc4)c5ccccc5,2.0
cyclooctane,C1CCCCCCC1,1.456
cyclooctene,C1CCCC=CCC1,1.4706
cyclopentadiene,C1C=CC=C1,4.21
cyclopentan,C1CCCC1,1.4065
cyclopentane,C1CCCC1,1.4034925
cyclopentanol,OC1CCCC1,1.4512
cyclopentanone,O=C1CCCC1,2.2331
cyclosporine,CCC1NC(=O)C(C(O)C(C)C\C=C\C)N(C)C(=O)C(C(C)C)N(C)C(=O)C(CC(C)C)N(C)C(=O)C(CC(C)C)N(C)C(=O)C(C)NC(=O)C(C)NC(=O)C(CC(C)C)N(C)C(=O)C(NC(=O)C(CC(C)C)N(C)C(=O)CN(C)C1=O)C(C)C,3.2800000000000002
cysteamine,NCCS,1.45
cysteamine_hydrochloride,Cl.NCCS,2.4
c–c,CC,3.0
d-aspartate,N[C@H](CC([O-])=O)C([O-])=O,1.385
d-glu,N[C@H](CCC(O)=O)C(O)=O,1.34195
d-limonene,CC(=C)C1CCC(=CC1)C,1.473
d-limonène,CC(=C)C1CCC(=CC1)C,1.473
d3f,Cc1cc(c(Cl)cc1Cl)[S](=O)(=O)c2c(cc(cc2[N+]([O-])=O)C(F)(F)F)[N+]([O-])=O,1.35615
daba,CCN(CC)CC(=O)Nc1cccc(OCc2ccccc2)c1,1.549
dac,NC1=NC(=O)N(C=N1)C2CC(O)C(CO)O2,1.13
daidzein,Oc1ccc(cc1)C2=COc3cc(O)ccc3C2=O,1.56
dakar,Cc1c(C[S](=O)c2[nH]c3ccccc3n2)nccc1OCC(F)(F)F,1.49
dansylamide,CN(C)c1cccc2c1cccc2[S](N)(=O)=O,1.3524
dap,Nc1cccc(N)n1,1.462
dapi,NC(=N)c1ccc(cc1)c2[nH]c3cc(ccc3c2)C(N)=N,1.52
daptomycin,CCCCCCCCCC(=O)N[C@@H](Cc1c[nH]c2ccccc12)C(=O)N[C@@H](CC(N)=O)C(=O)N[C@@H](CC(O)=O)C(=O)NC3C(C)OC(=O)[C@H](CC(=O)c4ccccc4N)NC(=O)[C@@H](NC(=O)[C@@H](CO)NC(=O)CNC(=O)[C@H](CC(O)=O)NC(=O)[C@@H](C)NC(=O)[C@H](CC(O)=O)NC(=O)[C@H](CCCN)NC(=O)CNC3=O)C(C)CC(O)=O,4.0
dast,CCN(CC)[S](F)(F)F,2.75
datp,Nc1ncnc2n(cnc12)C3CC(O)C(CO[P](O)(=O)O[P](O)(=O)O[P](O)(O)=O)O3,1.524
db,O=C1C=C(N2CC2)C(=O)C=C1N3CC3,1.47
dbp,CCCCOC(=O)c1ccccc1C(=O)OCCCC,1.7149999999999999
dce,ClCCCl,1.44
dcf,OCC1OC(CC1O)n2cnc3[C@H](O)CN=CNc23,2.7
dcmp,NC1=NC(=O)N(C=C1)C2CC(O)C(CO[P](O)(O)=O)O2,1.7239
dcs,Cc1ncc(CO[P](O)(O)=O)c(CN[C@@H]2CONC2=O)c1O,1.4125
dctp,NC1=NC(=O)N(C=C1)C2CC(O)C(CO[P](O)(=O)O[P](O)(=O)O[P](O)(O)=O)O2,1.3
dda,Nc1ncnc2n(cnc12)[C@H]3CC[C@@H](CO)O3,1.536
ddab,[Br-].CCCCCCCCCCCC[N+](C)(C)CCCCCCCCCCCC,1.82
ddao,CCCCCCCCCCCC[N+](C)(C)[O-],1.9
ddoh,OCC(c1ccc(Cl)cc1)c2ccc(Cl)cc2,1.442
ddq,CCCCCCCCCC[N+](C)(C)O,1.6973
dea,OCCNCCO,1.42435
decahydronaphthalene,C1CCC2CCCCC2C1,1.474
decalin,C1CCC2CCCCC2C1,1.4726
decaline,C1CCC2CCCCC2C1,1.476
decan-1-ol,CCCCCCCCCCO,1.435
decane,CCCCCCCCCC,1.41
decane-1_10-diamine,NCCCCCCCCCCN,1.5
decanethiol,CCCCCCCCCCS,1.46
decanoic_acid,CCCCCCCCCC(O)=O,1.45
decanoicacid,CCCCCCCCCC(O)=O,1.45
decanol,CCCCCCCCCCO,1.437
decyl_oleate,CCCCCCCCCCOC(=O)CCCCCCC\C=C/CCCCCCCC,1.45088
decylamine,CCCCCCCCCCN,1.42725
decylcaprate,CCCCCCCCCCOC(=O)CCCCCCCCC,1.4448
decylethanoate,CCCCCCCCCCOC(C)=O,1.4218
decyloleate,CCCCCCCCCCOC(=O)CCCCCCC\C=C/CCCCCCCC,1.45794
deg,OCCOCCO,1.45
degmee,CCOCCOCCO,1.4204
dekalin,C1CCC2CCCCC2C1,1.47
den,CCN(CC)N=O,1.439
des,CC\C(c1ccc(O)cc1)=C(\CC)c2ccc(O)cc2,1.485758
dex,[Cl-].C[C@H](c1[nH]cnc1)c2cccc(C)c2C.[H+],1.5
dexamethasone,C[C@@H]1C[C@H]2[C@@H]3CCC4=CC(=O)C=C[C@]4(C)[C@@]3(F)[C@@H](O)C[C@]2(C)[C@@]1(O)C(=O)CO,7.0
dha,CC\C=C/C/C=C\C\C=C/C/C=C\C\C=C/C/C=C\CCC(O)=O,2.3
di-2-naphthyldisulfide,S(Sc1ccc2ccccc2c1)c3ccc4ccccc4c3,1.4555
di-[4-n_n-ditolyl-amino-phenyl]_cyclohexane,Cc1ccccc1N(c2ccc(cc2)C3(CCCCC3)c4ccc(cc4)N(c5ccccc5C)c6ccccc6C)c7ccccc7C,1.7
di-ethyl-hexyl-sebacate,CCCCCCC(CC)(C(CC)CCCCCCC([O-])=O)C([O-])=O,1.45
di-ethylether,CCOCC,1.35
di-iso-propylether,CC(C)OC(C)C,1.368
di-isopropylnaphthalene,CC(C)c1ccc2ccccc2c1C(C)C,1.542
di-n-butyl_phthalate,CCCCOC(=O)c1ccccc1C(=O)OCCCC,1.49
di-n-butyldiphenyltin,CCCC[Sn](CCCC)(c1ccccc1)c2ccccc2,1.562
di-n-butylether,CCCCOCCCC,1.399
di-n-propyl_ether,CCCOCCC,1.3782
di-tert-butyl_peroxide,CC(C)(C)OOC(C)(C)C,1.3
diacetonalcohol,CC(=O)CC(C)(C)O,1.42
diammonium_hydrogen_citrate,[NH4+].[NH4+].OC(=O)CC(O)(CC([O-])=O)C([O-])=O,1.33
diatrizoic_acid,CC(=O)Nc1c(I)c(NC(C)=O)c(I)c(C(O)=O)c1I,1.4569999999999999
dibenzo-p-dioxin,O1c2ccccc2Oc3ccccc13,2.47
dibenzo[a_h]anthracene,c1ccc2c(c1)ccc3cc4c(ccc5ccccc45)cc23,3.9
dibenzyl_ether,C(OCc1ccccc1)c2ccccc2,1.52
dibenzylether,C(OCc1ccccc1)c2ccccc2,1.5615
dibk,CC(C)CC(=O)CC(C)C,1.4137499999999998
dibromobenzene,Brc1ccccc1Br,1.608
dibutyl_adipate,CCCCOC(=O)CCCCC(=O)OCCCC,1.4361
dibutyl_azelate,CCCCOC(=O)CCCCCCCC(=O)OCCCC,1.4409
dibutyl_ether,CCCCOCCCC,1.396509
dibutyl_phthalate,CCCCOC(=O)c1ccccc1C(=O)OCCCC,1.49085
dibutyladipate,CCCCOC(=O)CCCCC(=O)OCCCC,1.4361
dibutylamine,CCCCNCCCC,1.41045
dibutylazelate,CCCCOC(=O)CCCCCCCC(=O)OCCCC,1.4409
dibutylether,CCCCOCCCC,1.3990365
dibutylphthalate,CCCCOC(=O)c1ccccc1C(=O)OCCCC,1.49
dic,CC(C)N=C=NC(C)C,1.417
dicarboxylate,OC(=O)CC(O)=O,2.0
dichlorobenzene,Clc1ccccc1Cl,1.74075
dichloroethane,CC(Cl)Cl,1.4448
dichloromethan,ClCCl,1.4242
dichloromethane,ClCCl,1.424
dicinnamyl_glutarate,O=C(CCCC(=O)OCC=Cc1ccccc1)OCC=Cc2ccccc2,1.475
dicinnamyl_succinate,O=C(CCC(=O)OCC=Cc1ccccc1)OCC=Cc2ccccc2,1.476
dicinnamylglutarate,O=C(CCCC(=O)OCC=Cc1ccccc1)OCC=Cc2ccccc2,1.475
dicinnamylsuccinate,O=C(CCC(=O)OCC=Cc1ccccc1)OCC=Cc2ccccc2,1.476
dicitronellyl_glutarate,CC(CCOC(=O)CCCC(=O)OCCC(C)CCC=C(C)C)CCC=C(C)C,1.478
dicitronellyl_succinate,CC(CCOC(=O)CCC(=O)OCCC(C)CCC=C(C)C)CCC=C(C)C,1.475
diclofenac,OC(=O)Cc1ccccc1Nc2c(Cl)cccc2Cl,2.0949999999999998
diclofenac_sodium,[Na+].[O-]C(=O)Cc1ccccc1Nc2c(Cl)cccc2Cl,4.0
dicloxacillin,Cc1onc(c1C(=O)N[C@H]2[C@H]3SC(C)(C)[C@@H](N3C2=O)C(O)=O)c4c(Cl)cccc4Cl,3.3
dicyclohexyl,C1CCC(CC1)C2CCCCC2,1.4791
dicyclohexylphthalate,O=C(OC1CCCCC1)c2ccccc2C(=O)OC3CCCCC3,1.431
didodecyl_maleate,CCCCCCCCCCCCOC(=O)\C=C/C(=O)OCCCCCCCCCCCC,1.46
didp,CC(C)CCCCCCCOC(=O)c1ccccc1C(=O)OCCCCCCCC(C)C,1.48
dien,NCCNCCN,1.48441
diethanolamine,OCCNCCO,1.4776
diethoxyethane,CCOC(C)OCC,1.3898
diethyl_acetamide,CCN(CC)C(C)=O,1.456
diethyl_adipate,CCOC(=O)CCCCC(=O)OCC,4.0
diethyl_azelate,CCOC(=O)CCCCCCCC(=O)OCC,1.4353
diethyl_carbonate,CCOC(=O)OCC,1.38285
diethyl_ether,CCOCC,1.3526
diethyl_malonate,CCOC(=O)CC(=O)OCC,1.41
diethyl_phthalate,CCOC(=O)c1ccccc1C(=O)OCC,4.875150735
diethyl_pimelate,CCOC(=O)CCCCCC(=O)OCC,1.43
diethyl_sebacate,CCOC(=O)CCCCCCCCC(=O)OCC,1.43645
diethyl_succinate,CCOC(=O)CCC(=O)OCC,2.0
diethylamine,CCNCC,1.384
diethylammonium_acetate,CC[NH2+]CC.CC([O-])=O,1.42787
diethylammonium_hydrogen_sulfate,CC[NH2+]CC.O[S]([O-])(=O)=O,1.42639
diethylazelate,CCOC(=O)CCCCCCCC(=O)OCC,1.4353
diethylbromomalonate,CCOC(=O)C(Br)C(=O)OCC,1.4433
diethylcarbonate,CCOC(=O)OCC,1.3835
diethylene_glycol,OCCOCCO,1.447
diethylene_glycol_dimethyl_ether,COCCOCCOC,1.40816
diethyleneglycol,OCCOCCO,1.4
diethylenetriamine,NCCNCCN,1.4826
diethylether,CCOCC,1.353
diethylmalonate,CCC(CC)(C([O-])=O)C([O-])=O,1.0551
diethylphthalate,CCOC(=O)c1ccccc1C(=O)OCC,1.504
diethylsebacate,CCOC(=O)CCCCCCCCC(=O)OCC,1.43645
digeranyl_glutarate,CC(C)=CCCC(/C)=C/COC(=O)CCCC(=O)OC\C=C(/C)CCC=C(C)C,1.485
digeranyl_succinate,CC(C)=CCCC(/C)=C/COC(=O)CCC(=O)OC\C=C(/C)CCC=C(C)C,1.486
digitoxin,C[C@H]1O[C@H](C[C@H](O)[C@@H]1O)O[C@H]2[C@@H](O)C[C@@H](O[C@@H]2C)O[C@H]3[C@@H](O)C[C@@H](O[C@@H]3C)O[C@H]4CC[C@@]5(C)[C@H](CC[C@@H]6[C@@H]5CC[C@]7(C)[C@@H](CC[C@]67O)C8=CC(=O)OC8)C4,1.26
diglycerol,OCC(O)COCC(O)CO,1.487
diglyme,COCCOCCOC,1.40591
digoxin,C[C@H]1O[C@H](C[C@H](O)[C@@H]1O)O[C@H]2[C@@H](O)C[C@@H](O[C@@H]2C)O[C@H]3[C@@H](O)C[C@@H](O[C@@H]3C)O[C@H]4CC[C@@]5(C)[C@H](CC[C@@H]6[C@@H]5C[C@@H](O)[C@]7(C)[C@H](CC[C@]67O)C8=CC(=O)OC8)C4,1.2
diheptyl_ether,CCCCCCCOCCCCCCC,1.0271
diheptylether,CCCCCCCOCCCCCCC,1.2273
dihexyl_ether,CCCCCCOCCCCCC,1.0236
dihexylamine,CCCCCCNCCCCCC,1.4305
dihexylether,CCCCCCOCCCCCC,1.222
dihydropyridine,C1NC=CC=C1,1.645
diisobutylketone,CC(C)CC(=O)CC(C)C,1.4118
diisopentyl_ether,CC(C)CCOCCC(C)C,1.02
diisopentylether,CC(C)CCOCCC(C)C,1.21425
diisopropyl_ether,CC(C)OC(C)C,1.3653
diisopropylamine,CC(C)NC(C)C,1.3828
diisopropylether,CC(C)OC(C)C,1.3655
dimethoxycurcumin,COC(OC)Oc1cc(\C=C\C(=O)CC(=O)\C=C\c2ccc(O)c(OC)c2)ccc1O,1.35
dimethyl,CC,1.396
dimethyl_adipate,COC(=O)CCCCC(=O)OC,4.0
dimethyl_azelate,COC(=O)CCCCCCCC(=O)OC,7.0
dimethyl_butane,CCCC(C)C,1.369
dimethyl_glutarate,COC(=O)CCCC(=O)OC,1.421505
dimethyl_phthalate,COC(=O)c1ccccc1C(=O)OC,1.5139
dimethyl_succinate,COC(=O)CCC(=O)OC,2.0
dimethyladamantane,CC1C2CC3CC(C2)CC1(C)C3,1.4787
dimethyladipate,COC(=O)CCCCC(=O)OC,1.40165
dimethylbenzene,Cc1ccccc1C,1.5
dimethylbutane,CCCC(C)C,1.369
dimethylglutarate,COC(=O)CCCC(=O)OC,1.42
dimethylheptanol,CCCCCCC(C)(C)O,3.5
dimethylpentane,CCCCC(C)C,1.381
dimethylsuccinate,COC(=O)CCC(=O)OC,1.42
din,Oc1ccc2c(O)cccc2c1,1.568
din-butyl_ether,CCCCOCCCC,1.404
din-pentyl_ether,CCCCCOCCCCC,1.412
din-propyl_ether,CCCOCCC,1.388
dineryl_glutarate,CC(C)=CCCC(\C)=C/COC(=O)CCCC(=O)OC\C=C(\C)CCC=C(C)C,1.4862
dineryl_succinate,CC(C)=CCCC(\C)=C/COC(=O)CCC(=O)OC\C=C(\C)CCC=C(C)C,1.485
dioctyl_adipate,CCCCCCCCOC(=O)CCCCC(=O)OCCCCCCCC,1.44745
dioctyl_azelate,CCCCCCCCOC(=O)CCCCCCCC(=O)OCCCCCCCC,1.4514
dioctyl_ether,CCCCCCCCOCCCCCCCC,1.2307000000000001
dioctyl_sebacate,CCCCCCCCOC(=O)CCCCCCCCC(=O)OCCCCCCCC,1.45
dioctyladipate,CCCCCCCCOC(=O)CCCCC(=O)OCCCCCCCC,1.44745
dioctylamine,CCCCCCCCNCCCCCCCC,1.442
dioctylazelate,CCCCCCCCOC(=O)CCCCCCCC(=O)OCCCCCCCC,1.4514
dioctylether,CCCCCCCCOCCCCCCCC,1.4318
dioksan,C1COCCO1,1.4224
diol,C[C@H](O)[C@H]1CC[C@H]2[C@@H]3CC[C@@H]4C[C@H](O)CC[C@]4(C)[C@H]3CC[C@]12C,7.0
dioxan,C1COCCO1,1.422
dioxane,C1COCCO1,1.4224
dipa,CC(C)NC(C)C,1.46
dipentyl_ether,CCCCCOCCCCC,1.2161
dipentylether,CCCCCOCCCCC,1.4119
diphenyl,c1ccc(cc1)c2ccccc2,1.658
diphenyl_ether,O(c1ccccc1)c2ccccc2,1.579
diphenyl_sulphide,S(c1ccccc1)c2ccccc2,1.633
diphenyl_sulphoxide,O=[S](c1ccccc1)c2ccccc2,1.606
dipropyl_ether,CCCOCCC,1.3784
dipropylamine,CCCNCCC,1.3977
discoid,N[S](=O)(=O)c1cc(C(O)=O)c(NCc2occc2)cc1Cl,1.7
disodium_hydrogen_citrate,[Na+].[Na+].OC(=O)CC(O)(CC([O-])=O)C([O-])=O,1.33
dithizone,S=C(NNc1ccccc1)N=Nc2ccccc2,1.37
diuron,CN(C)C(=O)Nc1ccc(Cl)c(Cl)c1,1.5
dma,CC(C)=CCO[P](O)(=O)O[P](O)(O)=O,1.4278
dmam,CC(C)CC(C)OC(=O)\C=C/C(=O)OC(C)CC(C)C,1.575
dmap,CN(C)c1ccncc1,1.57
dmc,CC(O)(c1ccc(Cl)cc1)c2ccc(Cl)cc2,1.42485
dme,C[N+](C)(C)CCCCCCCCCC[N+](C)(C)C,7.0
dmm,CC(CCC(C)O[S](C)(=O)=O)O[S](C)(=O)=O,1.351
dmpa,C[C@H]1C[C@@H]2[C@H](CC[C@@]3(C)[C@H]2CC[C@]3(OC(C)=O)C(C)=O)[C@@]4(C)CCC(=O)C=C14,1.45
dmpe,COc1ccc(CCN)cc1OC,1.33
dmpu,OCN1CCCN(CO)C1=O,1.62225
dnd,Nc1ncnc2n(cnc12)[C@@H]3O[C@H](CO[P](O)(=O)O[P](O)(=O)OC[C@H]4OC([C@H](O)[C@@H]4O)[n+]5cccc(c5)C(O)=O)[C@@H](O)[C@H]3O,1.65
doc,C[C@]12CC[C@H]3[C@@H](CCC4=CC(=O)CC[C@]34C)[C@@H]1CC[C@@H]2C(=O)CO,2.28
docetaxel,CC(=O)O[C@@]12CO[C@@H]1C[C@H](O)[C@]3(C)[C@@H]2[C@H](OC(=O)c4ccccc4)[C@]5(O)C[C@H](OC(=O)[C@H](O)[C@@H](NC(=O)OC(C)(C)C)c6ccccc6)C(=C([C@@H](O)C3=O)C5(C)C)C,1.045
docosahexaenoic_acid,CCCCCCCCCC=CC=CC=CC=CC=CC=CC(O)=O,6.7
doda,CCCCCCCCCCCCCCCCCCNCCCCCCCCCCCCCCCCCC,1.525
dodecan-4-ol,CCCCCCCCC(O)CCC,1.44
dodecane,CCCCCCCCCCCC,1.421
dodecanedioic_acid,OC(=O)CCCCCCCCCCC(O)=O,4.275
dodecanol,CCCCCCCCCCCCO,1.4255
dodecyl_laurate,CCCCCCCCCCCCOC(=O)CCCCCCCCCCC,1.4468
dodecylamine,CCCCCCCCCCCCN,1.4357
dodecylethanoate,CCCCCCCCCCCCOC(C)=O,1.4253
dodecyllaurate,CCCCCCCCCCCCOC(=O)CCCCCCCCCCC,1.4468
domperidone,Clc1ccc2N(C3CCN(CCCN4C(=O)Nc5ccccc45)CC3)C(=O)Nc2c1,3.81
dop,CCCCC(CC)COC(=O)c1ccccc1C(=O)OCC(CC)CCCC,1.6644999999999999
dopamine,NCCc1ccc(O)c(O)c1,5.75
dopc,CCCCCCCC\C=C/CCCCCCCC(=O)OCC(CO[P]([O-])(=O)OCC[N+](C)(C)C)OC(=O)CCCCCCC\C=C/CCCCCCCC,2.8
dope,CCCCCCCC\C=C/CCCCCCCC(=O)OC[C@H](CO[P](O)(=O)OCCN)OC(=O)CCCCCCC\C=C/CCCCCCCC,1.76
dorzolamide,CCN[C@H]1C[C@H](C)[S](=O)(=O)c2sc(cc12)[S](N)(=O)=O,5.0
dotap,CCCCCCCC\C=C/CCCCCCCC(=O)OCC(C[N+](C)(C)C)OC(=O)CCCCCCC\C=C/CCCCCCCC,1.56
dox,[Cl-].COc1cccc2C(=O)c3c(O)c4C[C@](O)(C[C@H](O[C@H]5C[C@H](N)[C@H](O)[C@H](C)O5)c4c(O)c3C(=O)c12)C(=O)CO.[H+],1.78
doxo,CC(=O)OCC(=O)C1CCC2C3CCC4=CC(=O)CCC4(C)C3CCC12C,3.0
doxorubicin,COc1cccc2C(=O)c3c(O)c4C[C@](O)(C[C@H](O[C@H]5C[C@H](N)[C@H](O)[C@H](C)O5)c4c(O)c3C(=O)c12)C(=O)CO,3.0
dph,C[C@@H](Cc1ccccc1)C(N)=O,1.341
dpi,[Cl].[I-]1c2ccccc2c3ccccc13.[H],1.4064
dpp,CC(C)=CCO[P](O)(=O)O[P](O)(O)=O,6.5
dppc,Cl[P](=O)(Oc1ccccc1)Oc2ccccc2,2.03
dppe,[H+].[Cl-].CCN(CC)CCOc1ccc(Cc2ccccc2)cc1,2.5
dpph,[O-][N+](=O)c1cc(c(NN(c2ccccc2)c3ccccc3)c(c1)[N+]([O-])=O)[N+]([O-])=O,3.1799999999999997
dtab,[Br-].CCCCCCCCCCCC[N+](C)(C)C,1.63
duloxetine,CNCCC(Oc1cccc2ccccc12)c3sccc3,3.0
duran,CN(C)C(=O)Nc1ccc(Cl)c(Cl)c1,1.473
durene,Cc1cc(C)c(C)cc1C,2.24
dynasan_118,CCCCCCCCCCCCCCCCCC(=O)OCC(COC(=O)CCCCCCCCCCCCCCCCC)OC(=O)CCCCCCCCCCCCCCCCC,1.4385
e-3-hexen-1-ol,CC/C=C/CCO,4.5
edta,OC(=O)CN(CCN(CC(O)=O)CC(O)=O)CC(O)=O,2.48
efron,NC(=O)NC(=O)Cc1ccccc1,2.6
eg3,N[C@@H](Cc1ccccc1)C(=O)NCCOCCOCCNC(=O)c2ccc(cc2)[S](N)(=O)=O,3.0
egcg,Oc1cc(O)c2C[C@@H](OC(=O)c3cc(O)c(O)c(O)c3)[C@H](Oc2c1)c4cc(O)c(O)c(O)c4,5.8
egta,OC(=O)CN(CCOCCOCCN(CC(O)=O)CC(O)=O)CC(O)=O,5.395
eicosanedioic_acid,OC(=O)CCCCCCCCCCCCCCCCCCC(O)=O,2.865
eletriptan,CN1CCC[C@@H]1Cc2c[nH]c3ccc(CC[S](=O)(=O)c4ccccc4)cc23,2.74
em,CCC1OC(=O)C(C)C(OC2CC(C)(OC)C(O)C(C)O2)C(C)C(OC3OC(C)CC(C3O)N(C)C)C(C)(O)CC(C)C(=O)C(C)C(O)C1(C)O,1.45
entellan,CCCCOC(=O)C(C)=C.COC(=O)C(C)=C,1.493
eosin,[Na+].[Na+].[O-]C(=O)c1ccccc1C2=C3C=C(Br)C(=O)C(=C3Oc4c(Br)c([O-])c(Br)cc24)Br,1.424
epa,CC/C=C\C\C=C/C/C=C\C\C=C/C/C=C\CCCC(O)=O,3.68
epicatechin,O[C@@H]1Cc2c(O)cc(O)cc2OC1c3ccc(O)c(O)c3,3.0
epinephrine,CNC[C@H](O)c1ccc(O)c(O)c1,3.83
eplerenone,COC(=O)[C@@H]1CC2=CC(=O)CC[C@]2(C)[C@@]34O[C@@H]3C[C@@]5(C)[C@@H](CC[C@@]56CCC(=O)O6)[C@H]14,6.0
epoxy_resin,CC(C)(c1ccc(O)cc1)c2ccc(O)cc2.OC(=O)C=C.ClCC3CO3,1.5702
erlotinib,[H+].[Cl-].COCCOc1cc2ncnc(Nc3cccc(c3)C#C)c2cc1OCCOC,4.0
ertapenem,C[C@@H](O)[C@@H]1[C@H]2[C@@H](C)C(=C(N2C1=O)C(O)=O)S[C@@H]3CN[C@@H](C3)C(=O)Nc4cccc(c4)C(O)=O,3.0
erythrodiol,CC1(C)CC[C@]2(CO)CC[C@]3(C)C(=CC[C@@H]4[C@@]5(C)CC[C@H](O)C(C)(C)[C@@H]5CC[C@@]34C)[C@@H]2C1,1.59
erythromycin,CC[C@H]1OC(=O)[C@H](C)[C@@H](O[C@H]2C[C@@](C)(OC)[C@@H](O)[C@H](C)O2)[C@H](C)[C@@H](O[C@@H]3O[C@H](C)C[C@@H]([C@H]3O)N(C)C)[C@](C)(O)C[C@@H](C)C(=O)[C@H](C)[C@@H](O)[C@]1(C)O,1.97
erythrosine,[Na+].[Na+].[O-]C(=O)c1ccccc1C2=C3C=C(I)C(=O)C(=C3Oc4c(I)c([O-])c(I)cc24)I,3.3
escor,COC(=O)C1=C(NC(=C(C1c2cccc(c2)[N+]([O-])=O)C(=O)OC(C)C)C)C#N,2.3499999999999996
estane_5703,CCOC(N)=O,1.489
estragole,COc1ccc(CC=C)cc1,3.74
et,CC[n+]1c2cc(N)ccc2c3ccc(N)cc3c1c4ccccc4,3.0
etbe,CCOC(C)(C)C,1.373
etbr,[Br-].CC[n+]1c2cc(N)ccc2c3ccc(N)cc3c1c4ccccc4,1.33
ethane,CC,1.44
ethanol,CCO,1.361
ethanolamine,NCCO,1.449
ethanol–,CCO,1.3475000000000001
ether,CCOCC,1.353
ethyl-alcohol,CCO,1.4204
ethyl-hexylalcohol,CCCCCC(O)CC,1.432
ethyl-lactate,CCOC(=O)C(C)O,2.77
ethyl2-phenoxypropanoate,CCOC(=O)C(C)Oc1ccccc1,1.36
ethyl4-bromoacetoacetate,CCOC(=O)CC(=O)CBr,1.5281
ethyl4-methyl-3-oxopentanoate,CCOC(=O)CC(=O)C(C)C,1.25
ethyl_acetat,CCOC(C)=O,6.02
ethyl_acetate,CCOC(C)=O,1.3723
ethyl_acetoacetate,CCOC(=O)CC(C)=O,1.419
ethyl_alcohol,CCO,1.3618
ethyl_benzene,CCc1ccccc1,1.4931
ethyl_benzoate,CCOC(=O)c1ccccc1,1.504
ethyl_bromide,CCBr,3.5
ethyl_butanoate,CCCC(=O)OCC,1.3805
ethyl_butyrate,CCCC(=O)OCC,1.391
ethyl_cyanide,CCC#N,1.364
ethyl_dichloroacetate,CCOC(=O)C(Cl)Cl,1.438
ethyl_ester,CCOC(C)=O,1.4576
ethyl_ether,CCOCC,1.4139
ethyl_isoamyl_ketone,CCC(=O)CCC(C)C,1.4194650000000002
ethyl_levulinate,CCOC(=O)CCC(C)=O,1.547312
ethyl_methacrylate,CCOC(=O)C(C)=C,1.4109500000000001
ethyl_propionate,CCOC(=O)CC,1.3826999999999998
ethylacetate,CCOC(C)=O,1.3723
ethylacetoacetate,CCCC(=O)CC([O-])=O,1.47475
ethylalcohol,CCO,1.3611
ethylammonium_acetate,CC[NH3+].CC([O-])=O,1.4529
ethylammonium_butyrate,CC[NH3+].CCCC([O-])=O,1.4529
ethylammonium_formate,CC[NH3+].[O-]C=O,1.4529
ethylammonium_glycolate,CC[NH3+].OCC([O-])=O,1.4542
ethylammonium_hydrogen_sulfate,CC[NH3+].O[S]([O-])(=O)=O,1.4529
ethylammonium_lactate,CC[NH3+].CC(O)C([O-])=O,1.4542
ethylammonium_nitrate,CC[NH3+].[O-][N+]([O-])=O,1.4515
ethylammonium_propionate,CC[NH3+].CCC([O-])=O,1.4529
ethylbenzene,CCc1ccccc1,1.4796200000000002
ethylbenzoate,CCOC(=O)c1ccccc1,1.5068
ethylbutyrate,CCCC(=O)OCC,1.392
ethylcyclohexane,CCC1CCCCC1,1.433
ethyldichloroacetate,CCC(Cl)(Cl)C([O-])=O,1.438
ethylendiamine,NCCN,1.564
ethylene-glycol,OCCO,1.432
ethylene_carbonate,O=C1OCCO1,1.425
ethylene_glycol,OCCO,1.431
ethylene_glycol_monophenyl_ether,OCCOc1ccccc1,1.53
ethylene_glycol_tetraacetic_acid,CC(O)=O.CC(O)=O.CC(O)=O.CC(O)=O.OCCO,5.395
ethylene_propylene,CC=C.C=C,1.34
ethylene_vinyl_acetate,CC(=O)OC=C.C=C,1.5
ethylenediamine,NCCN,1.5899999999999999
ethyleneglycol,OCCO,1.4318
ethylethanoate,CCOC(C)=O,1.3634
ethylether,CCOCC,1.353
ethylformate,CCOC=O,1.36
ethylhexylalcohol,CCCCCC(O)CC,1.431
ethyloxalate,CCOC(=O)C([O-])=O,1.41023
ethylpentanoate,CCCCC(=O)OCC,3.88
ethylpropanate,CCOC(=O)CC,3.39
ethylpropionate,CCOC(=O)CC,1.37435
etoh,CCO,1.361
etp,CCc1cc(ccn1)C(N)=S,1.505
eucalyptol,CC12CCC(CC1)C(C)(C)O2,1.37
eugenol,COc1cc(CC=C)ccc1O,1.5407
eusolex,c1ccc(cc1)\C=N\N=C\c2ccccc2,1.472
fenoprofen,CC(C(O)=O)c1cccc(Oc2ccccc2)c1,1.79
ferulic_acid,COc1cc(\C=C\C(O)=O)ccc1O,1.39
finesse,COc1nc(C)nc(NC(=O)N[S](=O)(=O)c2ccccc2Cl)n1,2.435
fitc,Oc1ccc2c(Oc3cc(O)ccc3C24OC(=O)c5cc(ccc45)N=C=S)c1,1.78
flavone,O=C1C=C(Oc2ccccc12)c3ccccc3,1.85224
flavonoid,Oc1ccc(cc1)C2=CC(=O)c3c(O)c(O)c(O)cc3O2,1.656
fluconazole,OC(Cn1cncn1)(Cn2cncn2)c3ccc(F)cc3F,7.0
fluocinolone_acetonide,CC1(C)O[C@@H]2C[C@H]3[C@@H]4C[C@H](F)C5=CC(=O)C=C[C@]5(C)[C@@]4(F)[C@@H](O)C[C@]3(C)[C@@]2(O1)C(=O)CO,3.0
fluoranthene,c1ccc2c(c1)c3cccc4cccc2c34,2.8
fluorene,C1c2ccccc2c3ccccc13,1.663
fluorescein,Oc1ccc2c(Oc3cc(O)ccc3C24OC(=O)c5ccccc45)c1,1.3903
fluorescein_isothiocyanate,Oc1ccc2c(Oc3cc(O)ccc3C24OC(=O)c5cc(ccc45)N=C=S)c1,7.0
fluorobenzene,Fc1ccccc1,1.4483
fmoc-pro-oh,OC(=O)[C@@H]1CCCN1C(=O)OCC2c3ccccc3c4ccccc24,8.2
folic_acid,NC1=Nc2ncc(CNc3ccc(cc3)C(=O)N[C@@H](CCC(O)=O)C(O)=O)nc2C(=O)N1,7.7
folicacid,NC1=Nc2ncc(CNc3ccc(cc3)C(=O)N[C@@H](CCC(O)=O)C(O)=O)nc2C(=O)N1,4.09
forsythiaside,C[C@@H]1O[C@@H](OC[C@H]2O[C@@H](OCCc3ccc(O)c(O)c3)[C@H](O)[C@@H](O)[C@@H]2OC(=O)/C=C/c4ccc(O)c(O)c4)[C@H](O)[C@H](O)[C@H]1O,1.42
furan,o1cccc1,1.4212
furfural,O=Cc1occc1,1.4334500000000001
furfurol,OCc1occc1,1.1594
furfuryl_alcohol,OCc1occc1,1.6129
furoic_acid,OC(=O)c1occc1,1.645
furoicacid,OC(=O)c1occc1,1.645
galangin,Oc1cc(O)c2C(=O)C(=C(Oc2c1)c3ccccc3)O,3.0
gallic_acid,OC(=O)c1cc(O)c(O)c(O)c1,8.239999999999998
gamma-linolenic_acid,CCCCC\C=C/C/C=C\C\C=C/CCCCC(O)=O,4.2
gbl,O=C1CCCO1,1.1
gdma,SCC(=O)OCCOC(=O)CS,1.4696
gefitinib,COc1cc2ncnc(Nc3ccc(F)c(Cl)c3)c2cc1OCCCN4CCOCC4,1.01
genistein,Oc1ccc(cc1)C2=COc3cc(O)cc(O)c3C2=O,1.14
gentamicin,CNC(C)C1CCC(N)C(O1)OC2C(N)CC(N)C(OC3OCC(C)(O)C(NC)C3O)C2O,6.0
gentisic_acid,OC(=O)c1cc(O)ccc1O,3.0
geranial,CC(C)=CCC\C(C)=C\C=O,1.4545
geraniol,CC(C)=CCC\C(C)=C\CO,1.4752999999999998
geranyl_acetate,CC(=O)OC\C=C(/C)CCC=C(C)C,1.458
germacrene_d,CC(C)[C@@H]\1CCC(=C/CCC(=C)/C=C1)/C,5.445
gflx,O.O.O.COc1c(N2CCNC(C)C2)c(F)cc3C(=O)C(=CN(C4CC4)c13)C(O)=O.COc5c(N6CCNC(C)C6)c(F)cc7C(=O)C(=CN(C8CC8)c57)C(O)=O,1.17
ghb,[Na+].OCCCC([O-])=O,1.4995
glu,NC(CCC(O)=O)C(O)=O,1.413
glutamate,N[C@@H](CCC([O-])=O)C([O-])=O,3.535
glutaraldehyde,O=CCCCC=O,1.35
glutaric_acid,OC(=O)CCCC(O)=O,1.4452500000000001
glutathione,N[C@@H](CCC(=O)N[C@@H](CS)C(=O)NCC(O)=O)C(O)=O,2.03
gly,NCC(O)=O,4.029999999999999
glycerine,OCC(O)CO,1.4268
glycerol,OCC(O)CO,1.466
glycerol_triacetate,CC(=O)OCC(COC(C)=O)OC(C)=O,1.43
glycerol–,OCC(O)CO,1.395
glycerol−,OCC(O)CO,1.46
glycidyl_methacrylate,CC(=C)C(=O)OCC1CO1,1.449
glycine,NCC(O)=O,1.3368
glycol,OCCO,1.434
glycol_dimethacrylate,CC(=C)C(=O)OCCOC(=O)C(C)=C,1.448
glycolaldehyde,OCC=O,1.4772
glyme,COCCOC,6.0
glyoxal,O=CC=O,1.447
gma,N[C@H](CCC(O)=O)C(N)=O,1.45
gmbs,O=C(CCCN1C(=O)C=CC1=O)ON2C(=O)CCC2=O,1.46
gnr,ONC(=O)C[C@H]1Sc2ccccc2NC1=O,1.1
golden_yellow,Oc1c2ccccc2c(cc1[N+]([O-])=O)[N+]([O-])=O,1.455
gps,N[C@@H](CCC(=O)N[C@@H](CS[C@@H]1[C@@H](O)c2ccccc2c3ccccc13)C(=O)NCC(O)=O)C(O)=O,1.436
grilon,CCCCCC(N)=O,1.4
gsh,NC(CCC(=O)NC(CS)C(=O)NCC(O)=O)C(O)=O,2.955
gst,CC(C)=CCC\C(C)=C\CS[P](O)(=O)O[P](O)(O)=O,4.48
hcfc-141b,CC(F)(Cl)Cl,1.36
hcnp,OCCn1c(ccc1[N+]([O-])=O)C#N,1.943
hcpt,CC[C@@]1(O)C(=O)OCC2=C1C=C3N(Cc4cc5cc(O)ccc5nc34)C2=O,1.0922999999999998
hema,CC(=C)C(=O)OCCO,1.452
hepes,OCCN1CCN(CC1)CC[S](O)(=O)=O,1.333
heptaldehyde,CCCCCCC=O,1.413
heptan-1-ol,CCCCCCCO,1.424
heptanal,CCCCCCC=O,4.39
heptane,CCCCCCC,1.3876
heptanoate,CCCCCCC([O-])=O,1.4549
heptanol,CCCCCCCO,1.4235
heptanone,CCCCCC(C)=O,1.4093
heptene,CCCCCC=C,1.4
heptylbenzene,CCCCCCCc1ccccc1,1.4865
heptylmethylether,CCCCCCCOC,1.4055
hesperetin,COc1ccc(cc1O)[C@@H]2CC(=O)c3c(O)cc(O)cc3O2,1.29
hesperidin,COc1ccc(cc1O)[C@@H]2CC(=O)c3c(O)cc(O[C@@H]4O[C@H](CO[C@@H]5O[C@@H](C)[C@H](O)[C@@H](O)[C@H]5O)[C@@H](O)[C@H](O)[C@H]4O)cc3O2,1.3071000000000002
hexadecane,CCCCCCCCCCCCCCCC,1.434
hexadecanethiol,CCCCCCCCCCCCCCCCS,1.462
hexadecanoic_acid,CCCCCCCCCCCCCCCC(O)=O,7.0
hexadecyl_acetate,CCCCCCCCCCCCCCCCOC(C)=O,1.4443
hexadecylacetate,CCCCCCCCCCCCCCCCCC([O-])=O,1.4443
hexaethylene_glycol,OCCOCCOCCOCCOCCOCCO,2.0
hexan-1-ol,CCCCCCO,1.4183
hexanal,CCCCCC=O,1.404
hexane,CCCCCC,1.375
hexanediol_diacrylate,CCCCCC(O)O.OC(=O)C=C.OC(=O)C=C,1.456
hexanenitrile,CCCCCC#N,1.406
hexanes,CCCCCC,1.36
hexanethiol,CCCCCCS,2.0149999999999997
hexanoic_acid,CCCCCC(O)=O,3.8
hexanoic_acid_ethyl_ester,CCCCCC(=O)OCC,1.2
hexanol,CCCCCCO,1.418
hexene,CCCCC=C,1.388
hexene-1,CCCCC=C,1.388
hexyl,[O-][N+](=O)c1cc(c(Nc2c(cc(cc2[N+]([O-])=O)[N+]([O-])=O)[N+]([O-])=O)c(c1)[N+]([O-])=O)[N+]([O-])=O,3.778
hexyl_acetate,CCCCCCOC(C)=O,1.4093
hexyl_acetoacetate,CCCCCCOC(=O)CC(C)=O,1.4338
hexylacetate,CCCCCCOC(C)=O,1.4093
hexylacetoacetate,CCCCCCCC(=O)CC([O-])=O,1.4338
hexylamine,CCCCCCN,1.41235
hexylammonium,CCCCCC[NH3+],2.5
hexylcaprate,CCCCCCCCCC(=O)OCCCCCC,1.4367
hfc-134a,FCC(F)(F)F,1.06385
histodenz,CC(=O)N(CC(O)CO)c1c(I)c(C(=O)NCC(O)CO)c(I)c(C(=O)NCC(O)CO)c1I,1.46
hmimcl,[Cl-].CCCCCCn1cc[n+](C)c1,1.507
hoggar,CCC(Br)(CC)C(=O)NC(N)=O,3.9
homocysteine,N[C@@H](CCS)C(O)=O,2.019
hydrochlorothiazide,N[S](=O)(=O)c1cc2c(NCN[S]2(=O)=O)cc1Cl,1.35
hydrocortisone,C[C@]12CCC(=O)C=C1CC[C@H]3[C@@H]4CC[C@](O)(C(=O)CO)[C@@]4(C)C[C@H](O)[C@H]23,7.0
hydroquinone,Oc1ccc(O)cc1,1.5418
hydroxyethylmethacrylate,CC(=C)C(=O)OCCO,1.54
hyperoside,OC[C@H]1O[C@@H](OC2=C(Oc3cc(O)cc(O)c3C2=O)c4ccc(O)c(O)c4)[C@H](O)[C@@H](O)[C@H]1O,1.555
i-butanol,CC(C)CO,1.3959
i-propanol,CC(C)O,1.3776
ibuprofen,CC(C)Cc1ccc(cc1)C(C)C(O)=O,1.16
indacaterol,CCc1cc2CC(Cc2cc1CC)NCC(O)c3ccc(O)c4NC(=O)C=Cc34,3.09
indane,C1Cc2ccccc2C1,1.532
indapamide,CC1Cc2ccccc2N1NC(=O)c3ccc(Cl)c(c3)[S](N)(=O)=O,1.65
indene,C1C=Cc2ccccc12,4.87
indole,[nH]1ccc2ccccc12,6.62
indoline,C1Cc2ccccc2N1,1.5867
indomethacin,COc1ccc2n(c(C)c(CC(O)=O)c2c1)C(=O)c3ccc(Cl)cc3,5.0
iodobenzene,Ic1ccccc1,1.62
iohexol,CC(=O)N(CC(O)CO)c1c(I)c(C(=O)NCC(O)CO)c(I)c(C(=O)NCC(O)CO)c1I,1.4889999999999999
iso-butanol,CC(C)CO,1.3959
iso-butylalcohol,CC(C)CO,1.395
iso-octane,CCCCCC(C)C,1.38895
iso-pentane,CCC(C)C,1.35
iso-propanol,CC(C)O,1.3747
iso-propyl_alcohol,CC(C)O,1.37
iso-propylalcohol,CC(C)O,1.389
iso-propylbenzene,CC(C)c1ccccc1,1.491
isoamyl-acetate,CC(C)CCCC([O-])=O,4.0
isoamyl_alcohol,CC(C)CCO,1.405
isoamylacetate,CC(C)CCCC([O-])=O,1.3612
isoamylalcohol,CC(C)CCO,1.407
isobornyl_acrylate,CC1(C)[C@H]2CC[C@]1(C)C(C2)OC(=O)C=C,1.474
isobutanol,CC(C)CO,1.3957
isobutene,CC(C)=C,1.39
isobutyl_acetate,CC(C)COC(C)=O,1.388
isobutyl_alcohol,CC(C)CO,1.395
isobutylacetate,CC(C)CCC([O-])=O,1.39
isobutylalcohol,CC(C)CO,1.3954
isobutylisobutyrate,CC(C)COC(=O)C(C)C,1.398
isobutyraldehyde,CC(C)C=O,1.374
isobutyric_acid,CC(C)C(O)=O,1.3931499999999999
isobutyricacid,CC(C)C(O)=O,1.3933
isoferulic_acid,COc1ccc(\C=C\C(O)=O)cc1O,3.0
isolongifolene,CC1(C)CCC=C2C(C)(C)C3CCC12C3,1.0025
isooctane,CCCCCC(C)C,1.391
isopentyl_acetate,CC(C)CCOC(C)=O,1.3981
isopentylacetate,CC(C)CCCC([O-])=O,1.399
isoprene,CC(=C)C=C,1.422
isopropanal,CC(C)=O,1.385
isopropanol,CC(C)O,1.3772
isopropyl_acetate,CC(C)OC(C)=O,1.3750499999999999
isopropyl_alcohol,CC(C)O,1.3765
isopropyl_benzene,CC(C)c1ccccc1,1.4913500000000002
isopropyl_ether,CC(C)OC(C)C,1.368
isopropylacetate,CC(C)CC([O-])=O,1.40699
isopropylalcohol,CC(C)O,1.3775
isopropylbenzene,CC(C)c1ccccc1,1.491
isopropylether,CC(C)OC(C)C,2.763
isorhamnetin,COc1cc(ccc1O)C2=C(O)C(=O)c3c(O)cc(O)cc3O2,9.0
isovitexin,OC[C@H]1O[C@H]([C@H](O)[C@@H](O)[C@@H]1O)c2c(O)cc3OC(=CC(=O)c3c2O)c4ccc(O)cc4,1.09
itaconate,[O-]C(=O)CC(=C)C([O-])=O,2.0
itraconazole,CCC(C)N1N=CN(C1=O)c2ccc(cc2)N3CCN(CC3)c4ccc(OC[C@H]5CO[C@@](Cn6cncn6)(O5)c7ccc(Cl)cc7Cl)cc4,4.25
kaempferol,Oc1ccc(cc1)C2=C(O)C(=O)c3c(O)cc(O)cc3O2,3.0
ketoconazole,CC(=O)N1CCN(CC1)c2ccc(OC[C@H]3CO[C@@](Cn4ccnc4)(O3)c5ccc(Cl)cc5Cl)cc2,1.59
ketoprofen,CC(C(O)=O)c1cccc(c1)C(=O)c2ccccc2,2.57
ketorolac,OC(=O)C1CCn2c1ccc2C(=O)c3ccccc3,4.0
kynurenic_acid,OC(=O)C1=CC(=O)c2ccccc2N1,2.0
l-carnitine,C[N+](C)(C)C[C@H](O)CC([O-])=O,6.0
lacdinac,CC(=O)N[C@@H](C=O)[C@@H](O)[C@H](O[C@@H]1O[C@H](CO)[C@H](O)[C@H](O)[C@H]1NC(C)=O)[C@H](O)CO,2.3
lactate,CC(O)C([O-])=O,6.0
lactic_acid,CC(O)C(O)=O,6.75
lacticacid,CC(O)C(O)=O,2.21
lactose,OCC1OC(OC2C(O)C(O)C(O)OC2CO)C(O)C(O)C1O,1.3987500000000002
lamotrigine,Nc1nnc(c(N)n1)c2cccc(Cl)c2Cl,1.56
lap,CCCCCCCCCCCC(O)=O,1.9
lapatinib,C[S](=O)(=O)CCNCc1oc(cc1)c2ccc3ncnc(Nc4ccc(OCc5cccc(F)c5)c(Cl)c4)c3c2,1.05
latrunculin_a,C[C@H]\1CC[C@@H]2C[C@H](C[C@@](O)(O2)[C@@H]3CSC(=O)N3)OC(=O)\C=C(\C)CC\C=C\C=C1,3.0
lauric_acid,CCCCCCCCCCCC(O)=O,1.43
lauryl_methacrylate,CCCCCCCCCCCCOC(=O)C(C)=C,1.442
lazo,CCc1cccc(CC)c1N(COC)C(=O)CCl,2.0
leaf,COC(=O)[C@H]1[C@H](CC2CCC1N2C)OC(=O)c3ccccc3,2.5
leron,CC1CCN(CCN=C(N)N)C=C1.O[S](O)(=O)=O,1.3293050000000002
leu,CC(C)CC(N)C(O)=O,5.975
leucite,CC(C)CC(O)C[O-],1.5175
levocabastine,C[C@@H]1CN(CC[C@]1(C(O)=O)c2ccccc2)C3CC[C@@](CC3)(C#N)c4ccc(F)cc4,4.0
levofloxacin,C[C@H]1COc2c(N3CCN(C)CC3)c(F)cc4C(=O)C(=CN1c24)C(O)=O,3.7754
levulinic_acid,CC(=O)CCC(O)=O,1.54182
lidocaine,CCN(CC)CC(=O)Nc1c(C)cccc1C,4.0
light_green,[Cl-].[Cl-].CN(C)c1ccc(cc1)[C+](c2ccc(cc2)N(C)C)c3ccc(cc3)[N+](C)(C)C,1.56
limonene,CC(=C)C1CCC(=CC1)C,1.473
linalool,CC(C)=CCCC(C)(O)C=C,1.462
linarin,COc1ccc(cc1)C2=CC(=O)c3c(O)cc(O[C@@H]4O[C@H](CO[C@@H]5O[C@@H](C)[C@H](O)[C@@H](O)[C@H]5O)[C@@H](O)[C@H](O)[C@H]4O)cc3O2,1.13
lincomycin,CCCC1CC(N(C)C1)C(=O)NC(C(C)O)C2OC(SC)C(O)C(O)C2O,7.0
linoleic_acid,CCCCC/C=C\C\C=C/CCCCCCCC(O)=O,1.165
linoleicacid,CCCCC/C=C\C\C=C/CCCCCCCC(O)=O,1.46955
liquiritigenin,Oc1ccc(cc1)[C@@H]2CC(=O)c3ccc(O)cc3O2,1.27
lissamine,[Na+].[Na+].[Na+].[O-][S](=O)(=O)c1ccc2c(c1)C=C(C(=O)/C2=N/Nc3ccc(c4ccccc34)[S]([O-])(=O)=O)[S]([O-])(=O)=O,2.8
listerine,CC1CCC(C(C)C)C(O)C1.CC(C)c2ccc(C)cc2O.CC34CCC(CC3)C(C)(C)O4,1.516
ln,CC(=O)N[C@H]1C(O)O[C@H](CO)[C@@H](O[C@@H]2O[C@H](CO)[C@H](O)[C@H](O)[C@H]2O)[C@@H]1O,1.5285
luciferin,OC(=O)[C@H]1CSC(/N1)=C2/SC3=CC(=O)C=CC3=N2,3.0
lumen,CCC1(C(=O)NC(=O)NC1=O)c2ccccc2,1.34
lutein,CC(=C\C=C\C=C(C)\C=C\C=C(C)\C=C\C1=C(C)C[C@@H](O)CC1(C)C)/C=C/C=C(C)/C=C/[C@H]2C(=C[C@H](O)CC2(C)C)C,1.4209999999999998
luteolin,Oc1cc(O)c2C(=O)C=C(Oc2c1)c3ccc(O)c(O)c3,1.36
luteolin-7-o-glucoside,OC[C@H]1O[C@@H](Oc2cc(O)c3C(=O)C=C(Oc3c2)c4ccc(O)c(O)c4)[C@H](O)[C@@H](O)[C@@H]1O,3.0
lutidine,Cc1cccc(C)n1,1.9449999999999998
lys,NCCCCC(N)C(O)=O,4.09
lysine,NCCCC[C@H](N)C(O)=O,1.45523
l−,N[C@@H](CCCN=C(N)N)C(O)=O,4.0
m-chloroaniline,Nc1cccc(Cl)c1,1.489
m-cresol,Cc1cccc(O)c1,1.535
m-hydroxybenzoic_acid,OC(=O)c1cccc(O)c1,3.0
m-tolualdehyde,Cc1cccc(C=O)c1,1.541
m-toluic_acid,Cc1cccc(c1)C(O)=O,1.509
m-xylene,Cc1cccc(C)c1,1.497
magenta,[H+].[Cl-].CC1=CC(C=CC1=N)=C(c2ccc(N)cc2)c3ccc(N)cc3,1.582
magnesium_acetate,[Mg++].CC([O-])=O.CC([O-])=O,1.08
magnesium_phthalocyanine,[Mg++].[n-]1c2nc3nc(nc4[n-]c(nc5nc(nc1c6ccccc26)c7ccccc57)c8ccccc48)c9ccccc39,1.89
malic_acid,OC(CC(O)=O)C(O)=O,1.24
malicacid,OC(CC(O)=O)C(O)=O,1.3516
malondialdehyde,O=CCC=O,2.0
malonic_acid,OC(=O)CC(O)=O,1.4611
maltose,OCC1OC(OC2C(O)C(O)C(O)OC2CO)C(O)C(O)C1O,4.3100000000000005
maltotetraose,OCC1OC(OC2C(O)C(O)C(OC2CO)OC3C(O)C(O)C(OC3CO)OC4C(O)C(O)C(O)OC4CO)C(O)C(O)C1O,6.0
maltotriose,OCC1OC(OC2C(O)C(O)C(OC2CO)OC3C(O)C(O)C(O)OC3CO)C(O)C(O)C1O,4.6
mangiferin,OC[C@H]1O[C@H]([C@H](O)[C@@H](O)[C@@H]1O)c2c(O)cc3Oc4cc(O)c(O)cc4C(=O)c3c2O,1.2320000000000002
mbba,CCCCc1ccc(cc1)N=Cc2ccc(OC)cc2,1.6115
mbp,CCCCOC(=O)c1ccccc1C(O)=O,1.4463
mbta,[I-].C[N+](C)(C)Cc1ccc(cc1)N2C(=O)C=CC2=O,1.6145
mch,CC1=CC(=O)CCC1,3.425
mdea,CN(CCO)CCO,1.4601899999999999
mea,NCCS,1.3529
mecn,CC#N,1.346
meg,[Br-].NC([NH3+])=NCCS,1.3852
meglumine_diatrizoate,CNC[C@H](O)[C@@H](O)[C@H](O)[C@H](O)CO.CC(=O)Nc1c(I)c(NC(C)=O)c(I)c(C(O)=O)c1I,1.45
mek,CCC(C)=O,1.375
mel,NC(=N)c1ccc(CNC(=O)[C@@H]2CCN2C(=O)[C@H](NCC(O)=O)C3CCCCC3)cc1,1.0026
melibiose,OCC1OC(OCC2OC(O)C(O)C(O)C2O)C(O)C(O)C1O,2.05
melittin,CCC(C)C(NC(=O)CN)C(=O)NCC(=O)NC(C)C(=O)NC(C(C)C)C(=O)NC(CC(C)C)C(=O)NC(CCCCN)C(=O)NC(C(C)C)C(=O)NC(CC(C)C)C(=O)NC(C(C)O)C(=O)NC(C(C)O)C(=O)NCC(=O)NC(CC(C)C)C(=O)N1CCCC1C(=O)NC(C)C(=O)NC(CC(C)C)C(=O)NC(C(C)CC)C(=O)NC(CO)C(=O)NC(Cc2c[nH]c3ccccc23)C(=O)NC(C(C)CC)C(=O)NC(CCCCN)C(=O)NC(CCCNC(N)=N)C(=O)NC(CCCCN)C(=O)NC(CCCNC(N)=N)C(=O)NC(CCC(N)=O)C(=O)NC(CCC(N)=O)C(N)=O,1.7705
mep,CCc1ccc(C)nc1,1.525
mesitylene,Cc1cc(C)cc(C)c1,2.24
met,CSCCC(N)C(O)=O,2.19
methacrolein,CC(=C)C=O,1.416
methacrylate,CC(=C)C([O-])=O,2.49
methotrexate,CN(Cc1cnc2nc(N)nc(N)c2n1)c3ccc(cc3)C(=O)N[C@@H](CCC(O)=O)C(O)=O,5.0
methoxybenzene,COc1ccccc1,1.4684
methyl2-furanacrylate,COC(=O)C=Cc1occc1,1.4447
methyl2-isothiocyanatobenzoate,COC(=O)c1ccccc1N=C=S,1.5364
methyl2-thiofuroate,COC(=O)c1sccc1,1.5711
methyl_butanoate,CCCC(=O)OC,1.38497
methyl_ethyl_ketone,CCC(C)=O,3.396725
methyl_heptanoate,CCCCCCC(=O)OC,1.40945
methyl_isobutyl_ketone,CC(C)CC(C)=O,1.3958
methyl_linoleate,CCCCC/C=C\C\C=C/CCCCCCCC(=O)OC,1.4615
methyl_oleate,CCCCCCCC\C=C/CCCCCCCC(=O)OC,1.39255
methyl_palmitate,CCCCCCCCCCCCCCCC(=O)OC,1.4332
methyl_pentanoate,CCCCC(=O)OC,1.3948
methyl_propanoate,CCC(=O)OC,1.3743150000000002
methyl_salicylate,COC(=O)c1ccccc1O,1.5273
methyl_stearate,CCCCCCCCCCCCCCCCCC(=O)OC,1.4365
methyl_succinic_acid,CC(CC(O)=O)C(O)=O,1.4779
methyl_vinyl_ketone,CC(=O)C=C,1.411
methylanisole,COc1ccccc1C,1.5124
methylbutane,CCCCC,1.354
methylbutanoate,CCCC(=O)OC,1.408
methylbutyrate,CCCC(=O)OC,3.42
methylchloride,CCl,1.339
methylcyclohexane,CC1CCCCC1,1.42305
methylcyclopentane,CC1CCCC1,1.4391
methylene_blue,[Cl-].CN(C)c1ccc2nc3ccc(cc3[s+]c2c1)N(C)C,5.2
methylene_chloride,ClCCl,1.4243
methylene_dichloride,ClCCl,1.424
methylenechloride,ClCCl,1.4244
methylenedichloride,ClCCl,1.424
methylethylacetone,CCC(C)C(C)=O,1.379
methylethylketone,CCC(C)=O,1.3793
methylheptanoate,CCCCCCC(=O)OC,1.40945
methylisobutylketone,CC(C)CC(C)=O,1.3959
methyllevulinate,COC(=O)CCC(C)=O,1.415494
methylnaphthalene,Cc1cccc2ccccc12,1.615
methyloctanol,CCCCCCCC(C)O,5.7
methylparaben,COC(=O)c1ccc(O)cc1,1.895
methylpentene,CCCC=CC,1.464
methylphenylsulfoxide,C[S](=O)c1ccccc1,1.57
methylpropanoate,CCC(=O)OC,1.37443
methylpropionate,CCC(=O)OC,1.3667
methylsalicylate,COc1ccccc1C([O-])=O,1.52665
mha,NC(=O)CN(CC(O)=O)CC(O)=O,1.46
miak,CC(C)CCC(C)=O,1.4068
mibk,CC(C)CC(C)=O,1.4408
milli,C[C@]12CC[C@H]3[C@@H](CCC4=CC(=O)CC[C@H]34)[C@@H]1CC[C@@]2(O)C#C,1.5265
mitoxantrone,OCCNCCNc1ccc(NCCNCCO)c2C(=O)c3c(O)ccc(O)c3C(=O)c12,1.125
mmf,COc1c(C)c2COC(=O)c2c(O)c1C\C=C(C)\CCC(=O)OCCN3CCOCC3,1.4443100000000002
mne,COC12CC(COC(=O)c3cncc(Br)c3)CN(C)C1Cc4cn(C)c5cccc2c45,1.35
mns,CN(C)c1cccc2c1cccc2[S](N)(=O)=O,5.0
monensin,CC[C@]1(CC[C@@H](O1)[C@]2(C)CC[C@]3(C[C@H](O)[C@@H](C)[C@H](O3)[C@@H](C)[C@@H](OC)[C@H](C)C(O)=O)O2)[C@@H]4O[C@H](C[C@@H]4C)[C@H]5O[C@@](O)(CO)[C@H](C)C[C@@H]5C,1.61
monobromonaphthalene,Brc1cccc2ccccc12,1.66
monochlorobenzene,Clc1ccccc1,1.52
monoethylene_glycol,OCCO,1.432
monoglyme,COCCOC,1.37718
monoterpenes,CC1=CCC2CC1C2(C)C,1.458
morin,Oc1ccc(c(O)c1)C2=C(O)C(=O)c3c(O)cc(O)cc3O2,1.18
morpholine,C1COCCN1,1.457
morpholine-4-carbaldehyde,O=CN1CCOCC1,1.4849
mpa,COc1c(C)c2COC(=O)c2c(O)c1C\C=C(C)\CCC(O)=O,2.1
mpep,Cc1cccc(n1)C#Cc2ccccc2,3.5
mr3,Cn1cccc1,1.5045
mta,CSCC1OC(C(O)C1O)n2cnc3c(N)ncnc23,1.603
mtt,[Br-].Cc1sc(nc1C)[n+]2nc(nn2c3ccccc3)c4ccccc4,4.5
mxf,COc1c(N2C[C@@H]3CCCN[C@@H]3C2)c(F)cc4C(=O)C(=CN(C5CC5)c14)C(O)=O,6.0
mycophenolate_mofetil,COc1c(C)c2COC(=O)c2c(O)c1C\C=C(C)\CCC(=O)OCCN3CCOCC3,4.0
myricetin,Oc1cc(O)c2C(=O)C(=C(Oc2c1)c3cc(O)c(O)c(O)c3)O,1.085
myristic_acid,CCCCCCCCCCCCCC(O)=O,1.19
myristicacid,CCCCCCCCCCCCCC(O)=O,1.4498
n-[tert-butylperoxymethyl]acrylamide,CC(C)(C)OOCNC(=O)C=C,1.4512
n-amyl_acetate,CCCCCOC(C)=O,1.39957
n-butanol,CCCCO,1.399
n-butyl-acetate,CCCCCC([O-])=O,1.395
n-butyl_acetate,CCCCOC(C)=O,1.392
n-butyl_chloride,CCCCCl,1.402
n-butylacetate,CCCCCC([O-])=O,1.39405
n-butylacrylate,CCCCOC(=O)C=C,1.52
n-butylalcohol,CCCCO,1.3995
n-butylamine,CCCCN,1.401
n-butylammonium_acetate,CCCC[NH3+].CC([O-])=O,1.4529
n-butylammonium_nitrate,CCCC[NH3+].[O-][N+]([O-])=O,1.45105
n-butylbenzene,CCCCc1ccccc1,1.489
n-butylchloride,CCCCCl,1.4
n-butylpropanate,CCCCOC(=O)CC,3.97
n-butyraldehyde,CCCC=O,2.25
n-decane,CCCCCCCCCC,1.43505
n-decanol,CCCCCCCCCCO,1.437
n-dodecane,CCCCCCCCCCCC,1.421
n-eicosane,CCCCCCCCCCCCCCCCCCCC,1.4425
n-heptadecane,CCCCCCCCCCCCCCCCC,1.5248
n-heptane,CCCCCCC,1.387
n-heptanoic_acid,CCCCCCC(O)=O,1.42
n-heptanol,CCCCCCCO,1.42
n-hexadecane,CCCCCCCCCCCCCCCC,1.4329
n-hexane,CCCCCC,1.375
n-hexanol,CCCCCCO,1.4165
n-hexylacetate,CCCCCCCC([O-])=O,4.16
n-hexylalcohol,CCCCCCO,1.418
n-methyl-2-hydroxyethylammonium_acetate,C[NH2+]CCO.CC([O-])=O,1.4494
n-methyl-2-hydroxyethylammonium_butyrate,CCCC([O-])=O.C[NH2+]CCO,1.43238
n-methyl-2-hydroxyethylammonium_formate,C[NH2+]CCO.[O-]C=O,1.4458
n-methyl-2-hydroxyethylammonium_isobutyrate,C[NH2+]CCO.CC(C)C([O-])=O,1.4511
n-methyl-2-hydroxyethylammonium_pentanoate,CCCCC([O-])=O.C[NH2+]CCO,1.4538
n-methyl-2-hydroxyethylammonium_propionate,CCC([O-])=O.C[NH2+]CCO,1.4534
n-methyl-2-naphthalenamine,CNc1ccc2ccccc2c1,1.6722
n-methyl-2-pyrrolidinone,CN1CCCC1=O,1.46389
n-methyl-2-pyrrolidone,CN1CCCC1=O,1.4675
n-methylimidazole,Cn1ccnc1,1.529
n-methylpyridine,CN1CC=CC=C1,2.0
n-methylpyrrolidone,CN1CCCC1=O,1.47
n-methylthiopyrrolidone,CN1CCCC1=S,1.5782
n-nonadecane,CCCCCCCCCCCCCCCCCCC,1.4409
n-nonane,CCCCCCCCC,1.4054
n-nonanol,CCCCCCCCCO,1.4302
n-octane,CCCCCCCC,1.396
n-octanol,CCCCCCCCO,1.4295
n-octyl-2-pyrrolidone,CCCCCCCCN1CCCC1=O,1.45858
n-octylalcohol,CCCCCCCCO,1.429
n-pentadecane,CCCCCCCCCCCCCCC,1.431
n-pentane,CCCCC,1.3575
n-pentanol,CCCCCO,1.409
n-pentylacetate,CCCCCCC([O-])=O,3.97
n-pentylbutyrate,CCCCCOC(=O)CCC,4.38
n-propanol,CCCO,1.385
n-propyl_acetate,CCCOC(C)=O,1.382
n-propyl_alcohol,CCCO,1.38442
n-propyl_cyanide,CCCC#N,1.382
n-propylacetate,CCCCC([O-])=O,2.3665000000000003
n-propylalcohol,CCCO,1.38964
n-propylamine,CCCN,1.98
n-propylammonium_nitrate,CCC[NH3+].[O-][N+]([O-])=O,1.4536
n-propylbenzene,CCCc1ccccc1,1.491
n-propylbutyrate,CCCOC(=O)CCC,3.94
n-propylpropanate,CCCOC(=O)CC,3.72
n-tetradecane,CCCCCCCCCCCCCC,1.429
n-tetradecyl-triethylammonium,CCCCCCCCCCCCCC[N+](CC)(CC)CC,1.42787
n-tridecane,CCCCCCCCCCCCC,1.4251
n-undecane,CCCCCCCCCCC,1.416
n_n-dimethylaniline,CN(C)c1ccccc1,1.55832
nac,CC(=O)N[C@@H](CS)C(O)=O,2.7
nadolol,CC(C)(C)NCC(O)COc1cccc2C[C@@H](O)[C@@H](O)Cc12,7.0
naphtalene,c1ccc2ccccc2c1,1.722
naphthalene,c1ccc2ccccc2c1,1.623
naringenin,Oc1ccc(cc1)C2CC(=O)c3c(O)cc(O)cc3O2,1.02
naringin,C[C@@H]1O[C@@H](O[C@@H]2[C@@H](O)[C@H](O)[C@@H](CO)O[C@H]2Oc3cc(O)c4C(=O)C[C@H](Oc4c3)c5ccc(O)cc5)[C@H](O)[C@H](O)[C@H]1O,1.2570000000000001
navan,CN1CCN(CC/C=C/2c3ccccc3Sc4ccc(cc24)[S](=O)(=O)N(C)C)CC1,3.0
ncf,OC(=O)C1=N[C@H](SCC1)[C@H](NC(=O)Cc2sccc2)C=O,1.33
neostigmine,CN(C)C(=O)Oc1cccc(c1)[N+](C)(C)C,4.0
neoxanthin,CC(=C/C=C/C=C(C)/C=C/C=C(\C)[CH]=[C]=[C]1C(C)(C)C[C@H](O)C[C@@]1(C)O)\C=C\C=C(C)\C=C\[C@@]23O[C@]2(C)C[C@@H](O)CC3(C)C,1.56
neral,CC(C)=CCC\C(C)=C/C=O,1.456
neryl_acetate,CC(=O)OC\C=C(\C)CCC=C(C)C,1.458
nethanol,CCC(C(=O)OCCN1CCOC(C1C)c2ccccc2)c3ccccc3,1.359
nic,O[C@H]([C@H](CC(O)=O)[N+]([O-])=O)C(O)=O,8.0
nicorandil,[O-][N+](=O)OCCNC(=O)c1cccnc1,4.0
nicotine,CN1CCCC1c2cccnc2,3.2640000000000002
nicotinic_acid,OC(=O)c1cccnc1,1.696
nicotinicacid,OC(=O)c1cccnc1,1.647
nitrobenzene,[O-][N+](=O)c1ccccc1,1.41239
nitroethane,CC[N+]([O-])=O,1.39
nonan-1-ol,CCCCCCCCCO,1.4334
nonanal,CCCCCCCCC=O,1.427
nonane,CCCCCCCCC,1.4033
nonanoate,CCCCCCCCC([O-])=O,1.4562
nonanoate_nonanoate,CCCCCCCCC(O)=O.CCCCCCCCC(O)=O,1.4555500000000001
nonanol,CCCCCCCCCO,1.427
nonylnaphthalene,CCCCCCCCCc1cccc2ccccc12,1.5477
norfloxacin,CCN1C=C(C(O)=O)C(=O)c2cc(F)c(cc12)N3CCNCC3,1.7
npa,OC(=O)c1ccccc1C(=O)Nc2cccc3ccccc23,2.0
ntpc,FC(F)(F)C(=O)N1CCC[C@H]1C(Cl)=O,1.45
nylon-6,CCCCCC(N)=O,5.9
nylon_6,CCCCCC(N)=O,1.52
o-anisidine,COc1ccccc1N,1.4595
o-chloroaniline,Nc1ccccc1Cl,1.471
o-cresol,Cc1ccccc1O,1.5191
o-dichlorobenzene,Clc1ccccc1Cl,1.5515
o-nitrobenzyl_acetate,CC(=O)OCc1ccccc1[N+]([O-])=O,1.545
o-tolualdehyde,Cc1ccccc1C=O,1.547
o-toluenethiosulfonicacid,Cc1ccccc1[S](O)(=O)=S,1.5341
o-toluic_acid,Cc1ccccc1C(O)=O,1.512
o-xylene,Cc1ccccc1C,1.505
octa,OC(=O)CN(CC(O)=O)C1CCCCC1N(CC(O)=O)CC(O)=O,1.86
octadecyl_ethyl_ether,CCCCCCCCCCCCCCCCCCOCC,1.43405
octadecylethylether,CCCCCCCCCCCCCCCCCCOCC,1.43405
octan-1-ol,CCCCCCCCO,1.4291
octanal,CCCCCCCC=O,6.5
octane,CCCCCCCC,1.3962949999999998
octanenitrile,CCCCCCCC#N,1.42
octanol,CCCCCCCCO,1.429
octyl_acetoacetate,CCCCCCCCOC(=O)CC(C)=O,1.43975
octyl_laurate,CCCCCCCCCCCC(=O)OCCCCCCCC,1.4453
octyl_palmitate,CCCCCCCCCCCCCCCC(=O)OCCCCCCCC,1.4472
octylacetoacetate,CCCCCCCCCC(=O)CC([O-])=O,1.43975
octylamine,CCCCCCCCN,1.4243
octylethylether,CCCCCCCCOCC,1.41435
octyllaurate,CCCCCCCCCCCC(=O)OCCCCCCCC,1.4453
octylpalmitate,CCCCCCCCCCCCCCCC(=O)OCCCCCCCC,1.4472
odcb,Clc1ccccc1Cl,2.5
oestradiol,C[C@]12CC[C@H]3[C@@H](CCc4cc(O)ccc34)[C@@H]1CC[C@@H]2O,4.3
oleic_acid,CCCCCCCC\C=C/CCCCCCCC(O)=O,1.4579
oleic_acid_methyl_ester,CCCCCCCC\C=C/CCCCCCCC(=O)OC,1.452
oleicacid,CCCCCCCC\C=C/CCCCCCCC(O)=O,1.45845
olein,CCCCCCCC\C=C/CCCCCCCC(=O)OCC(COC(=O)CCCCCCC\C=C/CCCCCCCC)OC(=O)CCCCCCC\C=C/CCCCCCCC,1.459
oleyl_alcohol,CCCCCCCC\C=C/CCCCCCCCO,1.46
oleylalcohol,CCCCCCCC\C=C/CCCCCCCCO,1.46
olmesartan,CCCc1nc(c(n1Cc2ccc(cc2)c3ccccc3c4n[nH]nn4)C(O)=O)C(C)(C)O,5.75
omeprazole,COc1ccc2nc([nH]c2c1)[S](=O)Cc3ncc(C)c(OC)c3C,4.3
orientin,OC[C@H]1O[C@H]([C@H](O)[C@@H](O)[C@@H]1O)c2c(O)cc(O)c3C(=O)C=C(Oc23)c4ccc(O)c(O)c4,3.0
ouabain,C[C@@H]1O[C@@H](O[C@H]2C[C@@H](O)[C@]3(CO)C4[C@H](O)C[C@]5(C)[C@H](CC[C@]5(O)C4CC[C@]3(O)C2)C6=CC(=O)OC6)[C@H](O)[C@H](O)[C@H]1O,2.975
oxacillin,Cc1onc(c2ccccc2)c1C(=O)N[C@H]3[C@H]4SC(C)(C)[C@@H](N4C3=O)C(O)=O,3.32
oxane,C1CCOCC1,1.4
p-benzoquinone,O=C1C=CC(=O)C=C1,1.47
p-cimene,CC(C)c1ccc(C)cc1,1.471
p-coumaric_acid,OC(=O)/C=C/c1ccc(O)cc1,6.025
p-cresol,Cc1ccc(O)cc1,1.5272
p-cymene,CC(C)c1ccc(C)cc1,1.4909
p-dimethylaminobenzaldehyde,CN(C)c1ccc(C=O)cc1,1.6082
p-dioxane,C1COCCO1,1.421125
p-hydroxybenzoic_acid,OC(=O)c1ccc(O)cc1,3.0
p-methoxyazobenzene,COc1ccc(cc1)N=Nc2ccccc2,6.0
p-terphenyl,c1ccc(cc1)c2ccc(cc2)c3ccccc3,1.65
p-tolualdehyde,Cc1ccc(C=O)cc1,1.545
p-xylene,Cc1ccc(C)cc1,1.495
paam,OC(=O)Cc1ccc(cc1)N(CCCl)CCCl,1.33
pac,OC(=O)Cc1ccccc1,4.5
padc,C=CCOC(=O)OCCOCCOC(=O)OCC=C,1.493
palmitic_acid,CCCCCCCCCCCCCCCC(O)=O,1.4209
palmiticacid,CCCCCCCCCCCCCCCC(O)=O,1.4455
para-cymene,CC(C)c1ccc(C)cc1,1.491
para-cymène,CC(C)c1ccc(C)cc1,1.49
paracetamol,CC(=O)Nc1ccc(O)cc1,2.1079999999999997
paraldehyde,CC1OC(C)OC(C)O1,1.405
paramethadione,CCC1(C)OC(=O)N(C)C1=O,1.449
paraoxon,CCO[P](=O)(OCC)Oc1ccc(cc1)[N+]([O-])=O,6.5
paraquat,C[n+]1ccc(cc1)c2cc[n+](C)cc2,1.021
peg_1500,CC.CO.CO.CO.CO.CCO.CCO.COC,1.443
peg_400,OCCO,1.363
peg_600,OCCO,1.5899999999999999
pema,O.CCC(C(N)=O)(C(N)=O)c1ccccc1,1.5070000000000001
penicillin_f,CC/C=C/CC(=O)N[C@H]1[C@H]2SC(C)(C)[C@@H](N2C1=O)C(O)=O,1.628
penicillin_g,CC1(C)S[C@@H]2[C@H](NC(=O)Cc3ccccc3)C(=O)N2[C@H]1C(O)=O,3.32
pentacene,c1ccc2cc3cc4cc5ccccc5cc4cc3cc2c1,2.6
pentadecane,CCCCCCCCCCCCCCC,1.423
pentan-1-ol,CCCCCO,1.41
pentanal,CCCCC=O,1.394
pentane,CCCCC,1.358
pentanenitrile,CCCCC#N,1.397
pentanol,CCCCCO,1.451
pentanol-1,CCCCCO,1.385
pentyl,[Na+].CCCC(C)C1(CC)C(=O)NC(=O)NC1=O,1.563
pentyl_acetate,CCCCCOC(C)=O,1.3918
pentylacetate,CCCCCOC(C)=O,1.3967999999999998
pentylammonium_formate,CCCCC[NH3+].[O-]C=O,1.4529
pentylbenzene,CCCCCc1ccccc1,1.4878
pentylcyclohexane,CCCCCC1CCCCC1,1.4437
perhydrofluorene,C1CCC2C(C1)CC3CCCCC23,1.5022
perylene,c1cc2cccc3c4cccc5cccc(c(c1)c23)c45,2.23
peta,OCC(COC(=O)C=C)(COC(=O)C=C)COC(=O)C=C,1.491
petg,OC[C@H]1O[C@@H](SCCc2ccccc2)[C@H](O)[C@@H](O)[C@@H]1O,1.57
phc,C[C@H](N(C)C=O)c1ccccc1,3.35
phema,CC(=C)C(=O)OCCO,1.4700000000000002
phen,c1cnc2c(c1)ccc3cccnc23,1.43105
phenanthrene,c1ccc2c(c1)ccc3ccccc23,1.7085
phenethyl-alcohol,OCCc1ccccc1,9.78
phenol,Oc1ccccc1,1.568
phenol-formaldehyde,Oc1ccccc1.C=O,1.7
phenolphthalein,Oc1ccc(cc1)C2(OC(=O)c3ccccc23)c4ccc(O)cc4,1.51
phenyl,c1ccccc1,1.56
phenylacetate,[O-]C(=O)Cc1ccccc1,1.421
phenylacetylene,C#Cc1ccccc1,9.33
phenylalanine,N[C@@H](Cc1ccccc1)C(O)=O,4.0
phenylbutazone,CCCCC1C(=O)N(N(C1=O)c2ccccc2)c3ccccc3,1.194
phenylephrine,CNC[C@H](O)c1cccc(O)c1,2.0
phenylethylacrylate,C=CC(=O)OCCc1ccccc1,1.55
phenylethylamine,NCCc1ccccc1,1.468
phenylethylmethacrylate,CC(=C)C(=O)OCCc1ccccc1,1.52
phenyloctane,CCCCCCCCc1ccccc1,1.49
phloroglucinol,Oc1cc(O)cc(O)c1,1.85466
phosphorylcholine,C[N+](C)(CCO)C#[P]=O,1.4
photobiotin,CN(CCCNC(=O)CCCCC1SC[C@@H]2NC(=O)N[C@H]12)CCCNc3ccc(cc3[N+]([O-])=O)N=[N+]=[N-],1.45
phthalocyanine,[nH]1c2nc3[nH]c(nc4nc(nc5nc(nc1c6ccccc26)c7ccccc57)c8ccccc48)c9ccccc39,1.591
phytantriol,CC(C)CCCC(C)CCCC(C)CCCC(C)CC(O)(O)O,1.467
picric_acid,Oc1c(cc(cc1[N+]([O-])=O)[N+]([O-])=O)[N+]([O-])=O,2.07
pilocarpine,CC[C@H]1[C@H](COC1=O)Cc2cncn2C,7.0
pimelic_acid,OC(=O)CCCCCC(O)=O,4.71
pindolol,CC(C)NCC(O)COc1cccc2[nH]ccc12,1.1
pinobanksin,O[C@@H]1[C@H](Oc2cc(O)cc(O)c2C1=O)c3ccccc3,9.0
piperazine,C1CNCCN1,1.446
piperazine-diol,OC1CNCCN1O,1.5609
piperidinium,C1CC[NH2+]CC1,1.412
piperine,O=C(/C=C/C=C/c1ccc2OCOc2c1)N3CCCCC3,7.0
plt,CC1=NC=C(CO[P](O)(O)=O)/C(=C/N[C@@H](Cc2c[nH]c3ccccc23)C(O)=O)C1=O,1.8
pluronic,CC1CO1.C2CO2,1.3154
pluronic_f127,CC1CO1.C2CO2,2.61
pmda,O=C1OC(=O)c2cc3C(=O)OC(=O)c3cc12,1.68255
pmea,Nc1ncnc2n(CCOC[P](O)(O)=O)cnc12,1.35
poloxamer_188,CC1CO1.C2CO2,1.0194999999999999
poloxamer_407,CC1CO1.C2CO2,1.0175
poly-d-lysine,NCCCC[C@@H](N)C(O)=O,1.51
poly-hema,CC(=C)C(=O)OCCO,1.515
poly1-decene,CCCCCCCCC=C,1.473
poly2-vinylpyridine,C=Cc1ccccn1,5.0
poly4-methyl-1-pentene,CC(C)CC=C,1.464
polyacrylonitrile,C=CC#N,1.52
polybenzylmethacrylate,CC(=C)C(=O)OCc1ccccc1,1.567
polycarbonate,CC(C)(c1ccc(O)cc1)c2ccc(O)cc2,1.586
polyethylene_glycol,OCCO,1.469
polyethylmethacrylate,CCOC(=O)C(C)=C,1.485
polylysine,NCCCC[C@H](N)C(O)=O,1.5
polymethacrylic_acid,CC(=C)C(O)=O,1.545
polyn-vinylpyrrolidone,C=CN1CCCC1=O,1.53
polynorbornene,C=CC1CCC(C1)C=C,1.55
polypropylene,CC=C,1.499
polypyrrole,[NH2+]1C=CC=C1,1.55
polysorbate_80,CCCCCCCC/C=C/CCCCCCCC(=O)OCCOCC(OCCO)C1OCC(OCCO)C1OCCO,3.0
polystyrene,C=Cc1ccccc1,1.59
polystyrene-co-acrylonitrile,C=CC#N.C=Cc1ccccc1,1.573
polysulfone,CC(C)(c1ccc(O)cc1)c2ccc(O)cc2.Oc3ccc(cc3)[S](=O)(=O)c4ccc(O)cc4,1.63
polysulphone,CC(C)(c1ccc(O)cc1)c2ccc(O)cc2.Oc3ccc(cc3)[S](=O)(=O)c4ccc(O)cc4,1.63
polythiophene,s1cccc1,1.96
polyurethane,OCCO.OCCCCO.OC(=O)CCCCC(O)=O.O=C=Nc1ccc(Cc2ccc(cc2)N=C=O)cc1,1.48
polyvinyl_fluoride,CCF,1.49
polyvinylcarbazole,C=Cn1c2ccccc2c3ccccc13,1.675
polyvinylpyrrolidone,C=CN1CCCC1=O,1.54
porphine,[nH]1c2ccc1cc3ccc(cc4[nH]c(cc4)cc5ccc(c2)n5)n3,1.36
porphyrin,[nH]1c2ccc1cc3ccc(cc4[nH]c(cc4)cc5ccc(c2)n5)n3,1.97
potassium_acetate,[K+].CC([O-])=O,1.17
potassium_thiocyanate_glycerol,[K+].OCC(O)CO.[S-]C#N,1.482
povidone,C=CN1CCCC1=O,1.37
pravastatin,CC[C@H](C)C(=O)O[C@H]1C[C@H](O)C=C2C=C[C@H](C)[C@H](CC[C@@H](O)C[C@@H](O)CC(O)=O)[C@@H]12,3.4
prednisolone,C[C@]12C[C@H](O)[C@H]3[C@@H](CCC4=CC(=O)C=C[C@]34C)[C@@H]1CC[C@]2(O)C(=O)CO,3.75
pristane,CC(C)CCCC(C)CCCC(C)CCCC(C)C,1.4917
proanthocyanidins,COc1c(O)cc(cc1O)C2Oc3c(C[C@H]2O)c(O)cc(O)c3[C@@H]4[C@@H](O)[C@H](Oc5cc(O)cc(O)c45)c6ccc(O)cc6,2.96
prolate,CO[P](=S)(OC)SCN1C(=O)c2ccccc2C1=O,1.6
proline,OC(=O)[C@@H]1CCCN1,1.33389
promazine,CN(C)CCCN1c2ccccc2Sc3ccccc13,1.1
propan-1-ol,CCCO,1.38355
propan-2-ol,CC(C)O,1.377
propan-2-one,CC(C)=O,1.3579
propane,CCC,1.468
propane-2-ol,CC(C)O,1.377
propanediol,CCC(O)O,1.397
propanenitrile,CCC#N,1.366
propanol,CCCO,1.385
propanol-1,CCCO,1.3856
propanone,CC(C)=O,1.3562
propene,CC=C,1.357
propionaldehyde,CCC=O,1.755
propionic_acid,CCC(O)=O,1.3811
propionicacid,CCC(O)=O,1.386
propionitrile,CCC#N,1.366
propiophenone,CCC(=O)c1ccccc1,1.5245
propranolol,CC(C)NCC(O)COc1cccc2ccccc12,3.0
propyl,[CH2]CC,1.543
propyl_acetate,CCCOC(C)=O,1.4222
propyl_butanoate,CCCOC(=O)CCC,1.388
propyl_propanoate,CCCOC(=O)CC,1.3906
propylacetate,CCCOC(C)=O,1.38425
propylamine,CCCN,1.3851
propylammonium_acetate,CCC[NH3+].CC([O-])=O,1.4529
propylbenzene,CCCc1ccccc1,4.356
propylcyclohexane,CCCC1CCCCC1,1.4371
propylene,CC=C,2.62
propylene_carbonate,CC1COC(=O)O1,1.41802
propylene_glycol,CC(O)CO,1.4324
propyleneglycol,CC(O)CO,1.19305
propylethanoate,CCCOC(C)=O,1.3741
protocatechuic_acid,OC(=O)c1ccc(O)c(O)c1,3.0
pseudocumene,Cc1ccc(C)c(C)c1,1.5049
ptea,CCCCC[N+](CC)(CC)CC,1.558
ptma,[I-].C[N+](C)(C)c1ccc(O)cc1,3.01
puromycin,COc1ccc(C[C@H](N)C(=O)NC2[C@@H](O)[C@@H](O[C@@H]2CO)n3cnc4c(ncnc34)N(C)C)cc1,3.38
purum,[H+].[H+].[Cl-].[Cl-].CCC1CN2CCc3cc(OC)c(OC)cc3C2CC1CC4NCCc5cc(OC)c(OC)cc45,1.436
putrescine,NCCCCN,1.3340649999999998
pyrene,c1cc2ccc3cccc4ccc(c1)c2c34,2.02
pyreneacetonitrile,N#CCc1ccc2ccc3cccc4ccc1c2c34,1.3581
pyridine,c1ccncc1,1.51
pyridine-dicarboxamide,NC(=O)c1cccnc1C(N)=O,4.0
pyridinium,c1cc[nH+]cc1,1.448
pyrite,[O-]CC1OC=CC=C1,2.76
pyrolysate,CN(CC(O)=O)C(N)=N,1.819
pyrrole,[nH]1cccc1,1.50272
pyrrolidinium,C1CC[NH2+]C1,1.395
pyrromethene,[nH]1cccc1\C=C2\C=CC=N2,1.375
pyruvic_acid,CC(=O)C(O)=O,1.428
quercetin,Oc1cc(O)c2C(=O)C(=C(Oc2c1)c3ccc(O)c(O)c3)O,1.04
quinidine,COc1ccc2nccc([C@H](O)[C@H]3C[C@@H]4CCN3C[C@@H]4C=C)c2c1,7.0
quinine_sulfate,O.O.COc1ccc2nccc([C@@H](O)[C@@H]3CC4CCN3C[C@@H]4C=C)c2c1.COc5ccc6nccc([C@@H](O)[C@@H]7CC8CCN7C[C@@H]8C=C)c6c5.O[S](O)(=O)=O,1.33
quinine_sulphate,O.O.COc1ccc2nccc([C@@H](O)[C@@H]3CC4CCN3C[C@@H]4C=C)c2c1.COc5ccc6nccc([C@@H](O)[C@@H]7CC8CCN7C[C@@H]8C=C)c6c5.O[S](O)(=O)=O,1.333
quinoline,c1ccc2ncccc2c1,1.629
quinolinium_2-carboxy-6-nitrophthalate_monohydrate,O.OC(=O)C1(C=CC=C(C1C([O-])=O)[N+]([O-])=O)C([O-])=O.c2ccc3[nH+]cccc3c2.c4ccc5[nH+]cccc5c4,2.97
quinone,O=C1C=CC(=O)C=C1,1.31
r6g,CCNc1cc2[o+]c3cc(NCC)c(C)cc3c(c4ccc(cc4C(O)=O)C(=O)NCCCCCCO)c2cc1C,1.98
rac-1-phenylethanol,CC(O)c1ccccc1,1.5225
rac-1-phenylethyl_propionate,CCC(=O)OC(C)c1ccccc1,1.4865
rac-1-phenylethylpropionate,CCC(=O)OC(C)c1ccccc1,1.4865
rap,CO[C@@H]1C[C@@H](CC[C@H]1O)C[C@@H](C)[C@@H]2CC(=O)[C@H](C)\C=C(C)/[C@@H](O)[C@@H](OC)C(=O)[C@H](C)C[C@H](C)\C=C\C=C/C=C(C)/[C@H](C[C@@H]3CC[C@@H](C)[C@@](O)(O3)C(=O)C(=O)N4CCCC[C@H]4C(=O)O2)OC,5.0
rattler,CC(C)N.OC(=O)CNC[P](O)(O)=O,3.0
resorcinol–formaldehyde,Oc1cccc(OC=O)c1,2.7
resveratrol,Oc1ccc(cc1)C=Cc2cc(O)cc(O)c2,3.6
retinal,CC(=C\C=O)/C=C/C=C(C)/C=C/C1=C(C)CCCC1(C)C,2.0
rhodamine,[Cl-].CCN(CC)c1ccc2c(c1)[o+]c3cc(ccc3c2c4ccccc4C(O)=O)N(CC)CC,5.0
rhodamine_6g,[Cl-].CCNc1cc2[o+]c3cc(NCC)c(C)cc3c(c2cc1C)c4ccccc4C(=O)OCC,1.333
rhodamine_b,[Cl-].CCN(CC)c1ccc2c(c1)[o+]c3cc(ccc3c2c4ccccc4C(O)=O)N(CC)CC,1.68
rocket_fuel,C1CCN(CC1)C2(CCCCC2)c3ccccc3,1.45435
rose_bengal,[Na+].[Na+].[O-]C(=O)c1c(Cl)c(Cl)c(Cl)c(Cl)c1C2=C3C=C(I)C(=O)C(=C3Oc4c(I)c([O-])c(I)cc24)I,2.0
royal_blue,CCN(CC)C(=O)[C@H]1CN(C)[C@@H]2Cc3c[nH]c4cccc(C2=C1)c34,1.94
rpa,CC(C)=C/C=C/C(C)=C/C=C/C(C)=C/C=C/C(CO)=C/C=C/C=C(C)/C=C/C=C(C)/C=C/C=C(C)/CCCC(C)(C)O[C@@H]1O[C@H](CO)[C@@H](O)[C@H](O)[C@H]1O,6.25
ruboxistaurin,CN(C)C[C@@H]1CCn2cc(c3ccccc23)C4=C(C(=O)NC4=O)c5cn(CCO1)c6ccccc56,8.1
rubrene,c1ccc(cc1)c2c3ccccc3c(c4ccccc4)c5c(c6ccccc6)c7ccccc7c(c8ccccc8)c25,1.885
rutaecarpine,O=C1N2CCc3c([nH]c4ccccc34)C2=Nc5ccccc15,2.4
rutin,C[C@@H]1O[C@@H](OC[C@H]2O[C@@H](OC3=C(Oc4cc(O)cc(O)c4C3=O)c5ccc(O)c(O)c5)[C@H](O)[C@@H](O)[C@@H]2O)[C@H](O)[C@H](O)[C@H]1O,3.0
sabinene,CC(C)C12CCC(=C)C1C2,1.483
salbutamol,CC(C)(C)NCC(O)c1ccc(O)c(CO)c1,1.378
salicylic_acid,OC(=O)c1ccccc1O,2.0
salmeterol,OCc1cc(ccc1O)C(O)CNCCCCCCOCCCCc2ccccc2,1.52
saquinavir,CC(C)(C)NC(=O)[C@@H]1C[C@@H]2CCCC[C@@H]2CN1C[C@@H](O)[C@H](Cc3ccccc3)NC(=O)[C@H](CC(N)=O)NC(=O)c4ccc5ccccc5n4,4.25
sauflon,C=CN1CCCC1=O,1.399
scoparone,COc1cc2OC(=O)C=Cc2cc1OC,1.28
scopoletin,COc1cc2C=CC(=O)Oc2cc1O,1.05
scutellarin,O[C@@H]1[C@@H](O)[C@@H](O[C@@H]([C@H]1O)C(O)=O)Oc2cc3OC(=CC(=O)c3c(O)c2O)c4ccc(O)cc4,1.14
sebacic_acid,OC(=O)CCCCCCCCC(O)=O,4.59
sec-butylbenzene,CCC(C)c1ccccc1,1.489
shield,OC(=O)c1nc(Cl)ccc1Cl,3.0
shikimic_acid,OC1CC(=CC(O)C1O)C(O)=O,3.3
sialic_acid,CC(=O)N[C@@H]1[C@@H](O)C[C@](O)(O[C@H]1[C@H](O)[C@H](O)CO)C(O)=O,1.3
silibinin,COc1cc(ccc1O)C2Oc3cc(ccc3OC2CO)C4Oc5cc(O)cc(O)c5C(=O)C4O,1.121
silymarin,COc1cc(ccc1O)C2Oc3cc(ccc3OC2CO)C4Oc5cc(O)cc(O)c5C(=O)C4O,1.2400000000000002
simazine,CCNc1nc(Cl)nc(NCC)n1,1.505
simvastatin,CCC(C)(C)C(=O)O[C@H]1C[C@@H](C)C=C2C=C[C@H](C)[C@H](CC[C@@H]3C[C@@H](O)CC(=O)O3)[C@@H]12,1.5
sodium_acetate,[Na+].CC([O-])=O,1.17
sodium_benzoate,[Na+].[O-]C(=O)c1ccccc1,1.354576
sodium_fluorescein,[Na+].[Na+].[O-]C(=O)c1ccccc1C2=C3C=CC(=O)C=C3Oc4cc([O-])ccc24,7.0
sodium_lactate,[Na+].CC(O)C([O-])=O,1.5
soma,CCCC(C)(COC(N)=O)COC(=O)NC(C)C,6.7
sorafenib,CNC(=O)c1cc(Oc2ccc(NC(=O)Nc3ccc(Cl)c(c3)C(F)(F)F)cc2)ccn1,1.11
sparteine,C1CCN2C[C@@H]3C[C@@H](CN4CCCC[C@H]34)[C@@H]2C1,1.57
spermidine,NCCCCNCCCN,1.333785
spermine,NCCCNCCCCNCCCN,5.1850000000000005
squalane,CC(C)CCCC(C)CCCC(C)CCCCC(C)CCCC(C)CCCC(C)C,1.453
squalene,CC(C)=CCC\C(C)=C\CC\C(C)=C\CC\C=C(/C)CC\C=C(/C)CCC=C(C)C,1.493
stardust,C1CCN(CC1)C2(CCCCC2)c3ccccc3,2.9
stearic_acid,CCCCCCCCCCCCCCCCCC(O)=O,2.0
stearicacid,CCCCCCCCCCCCCCCCCC(O)=O,1.3393
stearin,CCCCCCCCCCCCCCCCCC(=O)OCC(COC(=O)CCCCCCCCCCCCCCCCC)OC(=O)CCCCCCCCCCCCCCCCC,1.4589
stigmasterol,CC[C@H](/C=C/[C@@H](C)[C@H]1CC[C@H]2[C@@H]3CC=C4C[C@@H](O)CC[C@]4(C)[C@H]3CC[C@]12C)C(C)C,1.025
stilbene,c1ccc(cc1)C=Cc2ccccc2,1.64
stilbite,[O-]Cc1ccccc1C=Cc2ccccc2,1.49
styrene,C=Cc1ccccc1,1.5469
styrene–divinyl-benzene,C=Cc1ccccc1.C=Cc2ccccc2C=C,1.5903
suberic_acid,OC(=O)CCCCCCC(O)=O,1.6531
succinate,[O-]C(=O)CCC([O-])=O,2.0
succinic_acid,OC(=O)CCC(O)=O,1.7622499999999999
succinic_anhydride,O=C1CCC(=O)O1,1.21
succinicacid,OC(=O)CCC(O)=O,1.3373
sulfasalazine,OC(=O)C1=C\C(C=CC1=O)=N/Nc2ccc(cc2)[S](=O)(=O)Nc3ccccn3,6.0
sulfolane,O=[S]1(=O)CCCC1,1.482
sulfoxide,CCCCCCCC[S](=O)C(C)Cc1ccc2OCOc2c1,1.58
sulphanilamide,Nc1ccc(cc1)[S](N)(=O)=O,1.674
sulpiride,CCN1CCCC1CNC(=O)c2cc(ccc2OC)[S](N)(=O)=O,1.39
sunitinib,CCN(CC)CCNC(=O)c1c(C)[nH]c(\C=C2/C(=O)Nc3ccc(F)cc23)c1C,1.02
sunset_yellow,[Na+].[Na+].[O-][S](=O)(=O)c1ccc(N\N=C2\C(=O)C=Cc3cc(ccc23)[S]([O-])(=O)=O)cc1,3.07
surfactin,CC(C)CCCCCCCCC[C@@H]1CC(=O)N[C@@H](CCC(O)=O)C(=O)N[C@@H](CC(C)C)C(=O)N[C@H](CC(C)C)C(=O)N[C@@H](C(C)C)C(=O)N[C@@H](CC(O)=O)C(=O)N[C@H](CC(C)C)C(=O)N[C@@H](CC(C)C)C(=O)O1,1.29
syringaldehyde,COc1cc(C=O)cc(OC)c1O,9.0
syringic_acid,COc1cc(cc(OC)c1O)C(O)=O,3.63
t-butanol,CC(C)(C)O,1.3933499999999999
taa,CC(N)=S,1.5929
tac,CN(C)C1[C@@H]2C[C@H]3C(=C(O)c4c(O)cccc4[C@@]3(C)O)C(=O)[C@]2(O)C(=O)\C(=C(N)\O)C1=O,1.506
tacrolimus,CO[C@@H]1C[C@@H](CC[C@H]1O)/C=C(C)/[C@H]2OC(=O)[C@@H]3CCCCN3C(=O)C(=O)[C@]4(O)O[C@H]([C@H](C[C@@H](C)CC(=C/[C@@H](CC=C)C(=O)C[C@H](O)[C@H]2C)/C)OC)[C@H](C[C@H]4C)OC,3.0
taic,C=CCN1C(=O)N(CC=C)C(=O)N(CC=C)C1=O,1.513
tamoxifen,CC/C(c1ccccc1)=C(c2ccccc2)/c3ccc(OCCN(C)C)cc3,1.6165
tamsulosin,CCOc1ccccc1OCCN[C@H](C)Cc2ccc(OC)c(c2)[S](N)(=O)=O,8.5
tannic_acid,Oc1cc(cc(O)c1O)C(=O)Oc2cc(cc(O)c2O)C(=O)OCC3OC(OC(=O)c4cc(O)c(O)c(OC(=O)c5cc(O)c(O)c(O)c5)c4)C(OC(=O)c6cc(O)c(O)c(OC(=O)c7cc(O)c(O)c(O)c7)c6)C(OC(=O)c8cc(O)c(O)c(OC(=O)c9cc(O)c(O)c(O)c9)c8)C3OC(=O)c%10cc(O)c(O)c(OC(=O)c%11cc(O)c(O)c(O)c%11)c%10,1.29
taxifolin,O[C@@H]1[C@H](Oc2cc(O)cc(O)c2C1=O)c3ccc(O)c(O)c3,3.0
taxol,CC(=O)O[C@H]1C(=O)[C@]2(C)[C@@H](O)C[C@H]3OC[C@@]3(OC(C)=O)[C@H]2[C@H](OC(=O)c4ccccc4)[C@]5(O)C[C@H](OC(=O)[C@H](O)[C@@H](NC(=O)c6ccccc6)c7ccccc7)C(=C1C5(C)C)C,6.0
tba,CCCC[N+](CCCC)(CCCC)CCCC,1.95
tbhq,CC(C)(C)c1cc(O)ccc1O,1.0950000000000002
tbn,Nc1ncnc2n(ccc12)[C@@H]3O[C@H](CO)[C@@H](O)[C@H]3O,1.4715
tbo,C[C@H]1CN2C(=S)Nc3ccc(Cl)c(CN1CC=C(C)C)c23,1.03
tbp,CCCCO[P](=O)(OCCCC)OCCCC,1.491
tbt,Cc1ccc(cc1)C(C)(C)C,5.0
tch,C[C@@H](CCC(=O)NCC[S](O)(=O)=O)[C@H]1CC[C@H]2[C@@H]3[C@H](O)C[C@H]4C[C@@H](O)CC[C@]4(C)C3C[C@H](O)[C@]12C,2.0
tcnb,[O-][N+](=O)c1c(Cl)c(Cl)cc(Cl)c1Cl,1.6921
tcnq,N#CC(C#N)=C1C=CC(C=C1)=C(C#N)C#N,1.73
tco,CC(C)(C)OC(=O)N[C@H](C=O)C1CCCCC1,1.88
tcp,Oc1cc(Cl)c(Cl)cc1Cl,1.5153
tcpp,OC(=O)c1ccc(cc1)c2c3[nH]c(cc3)c(c4ccc(cc4)C(O)=O)c5ccc(n5)c(c6ccc(cc6)C(O)=O)c7ccc(n7)c(c8[nH]c2cc8)c9ccc(cc9)C(O)=O,1.4449999999999998
tde,ClC(Cl)C(c1ccc(Cl)cc1)c2ccc(Cl)cc2,1.47
tea,OCCN(CCO)CCO,1.5554999999999999
teah,[H+].CCN(CC)CC,1.372
teg,OCCOCCOCCO,1.41292
terphenyl,c1ccc(cc1)c2ccccc2c3ccccc3,1.687
terpinolene,CC(C)=C1CCC(=CC1)C,1.488
tert-butanol,CC(C)(C)O,1.387
tert-butyl_benzene,CC(C)(C)c1ccccc1,1.471305
tert-butylbenzene,CC(C)(C)c1ccccc1,1.491045
tert-butylcumylperoxide,CC(C)(C)OOC(C)(C)c1ccccc1,1.421
tertiary_butyl_acetate,CC(=O)OC(C)(C)C,1.43245
tertiarybutylacetate,CC(C)(C)CC([O-])=O,1.43245
teta,NCCNCCNCCN,1.495
tetra-hydrofuran,C1CCOC1,1.407
tetrabromoethane,BrCC(Br)(Br)Br,1.624
tetracyanoethene,N#CC(C#N)=C(C#N)C#N,1.56
tetracyanoethylene,N#CC(C#N)=C(C#N)C#N,1.97
tetracycline,CN(C)[C@H]1[C@@H]2C[C@H]3C(=C(O)c4c(O)cccc4[C@@]3(C)O)C(=O)[C@]2(O)C(=O)\C(=C(N)/O)C1=O,2.5
tetradecane,CCCCCCCCCCCCCC,1.43
tetradecyl_acetate,CCCCCCCCCCCCCCOC(C)=O,1.4362
tetradecylacetate,CCCCCCCCCCCCCCCC([O-])=O,1.4362
tetraethyleneglycol,OCCOCCOCCOCCO,1.46
tetraethylenepentamine,NCCNCCNCCNCCN,1.5055
tetraglyme,COCCOCCOCCOCCOC,1.430615
tetrahydrofuran,C1CCOC1,1.407
tetrahydrofurane,C1CCOC1,1.407
tetrahydronaphthalene,C1CCc2ccccc2C1,1.5412
tetrahydropyran,C1CCOCC1,1.39161
tetralin,C1CCc2ccccc2C1,1.46183
tetraline,C1CCc2ccccc2C1,1.541
tetramethylenesulfoxide,O=[S]1CCCC1,1.521
tfe,OCC(F)(F)F,3.5
thc,CCCCCc1cc(O)c2[C@@H]3C=C(C)CC[C@H]3C(C)(C)Oc2c1,3.0
thf,C1CCOC1,1.407
thianthrene,S1c2ccccc2Sc3ccccc13,1.568
thioanisole,CSc1ccccc1,1.5872
thiol-ene,C1CC=[SH]C1,1.6400000000000001
thiol–ene,C1CC=[SH]C1,1.5145
thiophene,s1cccc1,1.42415
thioridazine,CSc1ccc2Sc3ccccc3N(CCC4CCCCN4C)c2c1,1.6
thpp,Cc1ncc(C[n+]2csc(CCO[P](O)(=O)O[P](O)(O)=O)c2C)c(N)n1,3.05
thymol_blue,CC(C)c1cc(c(C)cc1O)C2(O[S](=O)(=O)c3ccccc23)c4cc(C(C)C)c(O)cc4C,1.126
thz,s1cnc2ccccc12,1.75
tic,[Cl].O=C(Nc1ccc(cc1)C2=NCCN2)c3ccc(cc3)C(=O)Nc4ccc(cc4)C5=NCCN5,1.775
timolol,CC(C)(C)NC[C@H](O)COc1nsnc1N2CCOCC2,6.0
tizanidine,Clc1ccc2nsnc2c1NC3=NCCN3,4.0
tmb,Cc1cc(cc(C)c1N)c2cc(C)c(N)c(C)c2,1.341
tmmp,COc1cc(C)c(\C=C\C(C)=C\C=C\C(C)=C\C(O)=O)c(C)c1C,1.4974500000000002
tmpta,CCC(COC(=O)C=C)(COC(=O)C=C)COC(=O)C=C,1.5544
tmpyp4,C[n+]1ccc(cc1)c2c3[nH]c(cc3)c(c4cc[n+](C)cc4)c5ccc(n5)c(c6cc[n+](C)cc6)c7ccc(n7)c(c8[nH]c2cc8)c9cc[n+](C)cc9,1.84
tnt,Cc1c(cc(cc1[N+]([O-])=O)[N+]([O-])=O)[N+]([O-])=O,3.0
tocopherol,CC(C)CCCC(C)CCCC(C)CCCC1(C)CCc2cc(O)c(C)c(C)c2O1,1.48935
tocopherols,CC(C)CCCC(C)CCCC(C)CCCC1(C)CCc2cc(O)c(C)c(C)c2O1,1.4626
tol,COc1ccc2c(cccc2c1C(F)(F)F)C(=S)N(C)CC(O)=O,1.4969
toluene,Cc1ccccc1,1.4961
toluidine_blue,[Cl-].CN(C)c1ccc2nc3cc(C)c(N)cc3[s+]c2c1,1.518
tpa,CCCCCCCCCCCCCC(=O)O[C@@H]1[C@@H](C)[C@@]2(O)[C@@H](C=C(CO)C[C@@]3(O)[C@H]2C=C(C)C3=O)[C@@H]4C(C)(C)[C@]14OC(C)=O,1.7
tpaoh,[OH-].CCC[N+](CCC)(CCC)CCC,1.383
tpe,CC(=O)O[C@H]1C[C@@H](O[C@@H]1CO[P](O)(=O)O[P](O)(=O)Oc2ccccc2)N3C=C(C)C(=O)NC3=O,1.88
tpen,C(CN(Cc1ccccn1)Cc2ccccn2)N(Cc3ccccn3)Cc4ccccn4,9.0
tpp,Cc1ncc(C[n+]2csc(CCO[P](O)(=O)O[P](O)(O)=O)c2C)c(N)n1,1.7
tr1,COC(=O)[C@@H](NC(=O)CNC(=O)[C@H](CS)NCc1ccc(cc1)c2ccccc2)C(C)C,2.1
trans-3-hexene,CC\C=C\CC,1.394
trans-4-octene,CCC\C=C\CCC,1.411
trans-5-decene,CCCC\C=C\CCCC,1.424
trans-cinnamic_acid,OC(=O)\C=C\c1ccccc1,3.0
trans-resveratrol,Oc1ccc(cc1)/C=C/c2cc(O)cc(O)c2,1.16
transcutol,CCOCCOCCO,1.37
trap,CC(C)CC(NC(=O)C(CC(C)C)NC(=O)C(Cc1ccccc1)NC(=O)C(N)CO)C(=O)NC(CCCNC(N)=N)C(=O)NC(CC(N)=O)C(=O)N2CCCC2C(=O)NC(CC(N)=O)C(=O)NC(CC(O)=O)C(=O)NC(CCCCN)C(=O)NC(Cc3ccc(O)cc3)C(=O)NC(CCC(O)=O)C(=O)N4CCCC4C(=O)NC(Cc5ccccc5)C(O)=O,5.3
trehalose,OCC1OC(OC2OC(CO)C(O)C(O)C2O)C(O)C(O)C1O,1.9
tri-n-caprylylamine,CCCCCCCCN(CCCCCCCC)CCCCCCCC,1.45
tri-n-heptyltrimellitate,CCCCCCCc1c(CCCCCCC)c(C([O-])=O)c(C([O-])=O)c(CCCCCCC)c1C([O-])=O,1.403
triacetin,CC(=O)OCC(COC(C)=O)OC(C)=O,1.43025
triacetylmethane,CC(=O)C(C(C)=O)C(C)=O,1.487
triamcinolone,C[C@]12C[C@H](O)[C@@]3(F)[C@@H](CCC4=CC(=O)C=C[C@]34C)[C@@H]1C[C@@H](O)[C@]2(O)C(=O)CO,1.4275
triamcinolone_acetonide,CC1(C)O[C@@H]2C[C@H]3[C@@H]4CCC5=CC(=O)C=C[C@]5(C)[C@@]4(F)[C@@H](O)C[C@]3(C)[C@@]2(O1)C(=O)CO,4.4
triazole,[nH]1ccnn1,7.72
tributylamine,CCCCN(CCCC)CCCC,1.4222000000000001
tributyrin,CCCC(=O)OCC(COC(=O)CCC)OC(=O)CCC,1.43498
tricaprylin,CCCCCCCC(=O)OCC(COC(=O)CCCCCCC)OC(=O)CCCCCCC,1.44714
tricin,COc1cc(cc(OC)c1O)C2=CC(=O)c3c(O)cc(O)cc3O2,1.08
tricosenoic_acid,CCCCCCCCCCCCCCCCCCCCC=CC(O)=O,1.53
tridecanedioic_acid,OC(=O)CCCCCCCCCCCC(O)=O,4.1000000000000005
tridodecylamine,CCCCCCCCCCCCN(CCCCCCCCCCCC)CCCCCCCCCCCC,1.45235
triethanol_amine,OCCN(CCO)CCO,1.484
triethanolamine,OCCN(CCO)CCO,1.14
triethylamine,CCN(CC)CC,1.4
triethylammonium_acetate,CC[NH+](CC)CC.CC([O-])=O,1.42787
triethylammonium_hydrogen_sulfate,CC[NH+](CC)CC.O[S]([O-])(=O)=O,1.42787
triethylene_glycol,OCCOCCOCCO,1.4559
triethylene_glycol_monomethyl_ether,COCCOCCOCCO,1.439
triethyleneglycol,OCCOCCOCCO,1.444
triethyleneglycol_dimethacrylate,CC(=C)C(O)=O.CC(=C)C(O)=O.OCCOCCOCCO,1.46
triethylenetetramine,NCCNCCNCCN,1.593
triethylphosphate,CCO[P](=O)(OCC)OCC,1.405
triethylsulfonium,CC[S+](CC)CC,1.42472
triethylsulfonium_bistrifluoromethylsulfonylimide,CC[S+](CC)CC.[O-][S](=O)(=N[S](=O)(=O)C(F)(F)F)C(F)(F)F,1.42325
triglyceride,O=COCC(COC=O)OC=O,1.7
triglycerides,O=COCC(COC=O)OC=O,1.5185
triglycine,NCC(=O)NCC(=O)NCC(O)=O,1.332
triglyme,COCCOCCOCCOC,1.4239
trigonelline,C[n+]1cccc(c1)C([O-])=O,5.0
trihexylamine,CCCCCCN(CCCCCC)CCCCCC,1.4388
triisooctylamine,CC(C)CCCCCN(CCCCCC(C)C)CCCCCC(C)C,1.4441000000000002
trimethyl_pentane,CCCCC(C)(C)C,1.39
trimethylacetaldehyde,CC(C)(C)C=O,1.378
trimethylammonium_acetate,C[NH+](C)C.CC([O-])=O,1.42639
trimethylbenzene,Cc1cccc(C)c1C,1.504
trimethylolpropane_triacrylate,CCC(CO)(CO)CO.OC(=O)C=C.OC(=O)C=C.OC(=O)C=C,1.47
trimethylpentane,CCCCC(C)(C)C,1.3895
trioctylamine,CCCCCCCCN(CCCCCCCC)CCCCCCCC,1.4435
triolein,CCCCCCCC\C=C/CCCCCCCC(=O)OCC(COC(=O)CCCCCCC\C=C/CCCCCCCC)OC(=O)CCCCCCC\C=C/CCCCCCCC,1.884345
tripalmitin,CCCCCCCCCCCCCCCC(=O)OCC(COC(=O)CCCCCCCCCCCCCCC)OC(=O)CCCCCCCCCCCCCCC,1.54
triphenyl_phosphate,O=[P](Oc1ccccc1)(Oc2ccccc2)Oc3ccccc3,1.563
triphenylbismuthine,c1ccc(cc1)[Bi](c2ccccc2)c3ccccc3,1.704
tripropylamine,CCCN(CCC)CCC,1.4098000000000002
triptolide,CC(C)[C@]12O[C@H]1[C@@H]3O[C@@]34[C@@]5(C)CCC6=C(COC6=O)[C@@H]5C[C@@H]7O[C@]47[C@@H]2O,1.3813
tris2-hydroxyethylmethylammonium_methylsulfate,CO[S]([O-])(=O)=O.C[N+](CCO)(CCO)CCO,1.4542
tritan,c1ccc(cc1)C(c2ccccc2)c3ccccc3,5.055
tritc,[Cl-].CN(C)c1ccc2c(c1)[o+]c3cc(ccc3c2c4ccc(SC#N)cc4C(O)=O)N(C)C,1.71
triticonazole,CC1(C)CC\C(=C/c2ccc(Cl)cc2)C1(O)Cn3cncn3,2.715
triton_x-100,CC(C)(C)CC(C)(C)c1ccc(OCCO)cc1,4.0
troxerutin,CC1OC(OCC2OC(OC3=C(Oc4cc(O)cc(O)c4C3=O)c5ccc(O)c(O)c5)C(O)C(O)C2O)C(O)C(O)C1O,1.2650000000000001
trp,NC(Cc1c[nH]c2ccccc12)C(O)=O,4.22
tryptophan,N[C@@H](Cc1c[nH]c2ccccc12)C(O)=O,1.33
turanose,OCC(O)C(O)C(OC1OC(CO)C(O)C(O)C1O)C(=O)CO,1.36
tween_20,CCCCCCCCCCCC(=O)OCCOCC(OCCO)C1OCC(OCCO)C1OCCO,1.332
tween_40,CCCCCCCCCCCC(=O)OCCOCC(OCCO)C1OCC(OCCO)C1OCCO,1.442
tween_60,CCCCCCCCCCCC(=O)OCCOCC(OCCO)C1OCC(OCCO)C1OCCO,1.445
tween_80,CCCCCCCC/C=C/CCCCCCCC(=O)OCCOCC(OCCO)C1OCC(OCCO)C1OCCO,1.468
tyr,NC(Cc1ccc(O)cc1)C(O)=O,3.385
tyrosine,N[C@@H](Cc1ccc(O)cc1)C(O)=O,3.5
tz,s1ccnc1,1.075
tzl,CC[C@@H](C)c1sccn1,4.0
undecane,CCCCCCCCCCC,1.77
undecanedioic_acid,OC(=O)CCCCCCCCCC(O)=O,4.48
undecanol,CCCCCCCCCCCO,1.437
urethane,CCOC(N)=O,1.4984
urethane_dimethacrylate,CCOC(N)=O.CC(=C)C(O)=O.CC(=C)C(O)=O,1.48
uridine,OC[C@H]1O[C@H]([C@H](O)[C@@H]1O)N2C=CC(=O)NC2=O,1.86
valeraldehyde,CCCCC=O,1.452
valeric_acid,CCCCC(O)=O,1.4086
valericacid,CCCCC(O)=O,1.4087
valeronitrile,CCCCC#N,1.397
vanillic_acid,COc1cc(ccc1O)C(O)=O,4.08
vinyl_acetate,CC(=O)OC=C,1.393
vinyl_propionate,CCC(=O)OC=C,1.402
vinyl_tetrazole,C=Cc1[nH]nnn1,1.4975
vinylacetate,[O-]C(=O)CC=C,1.394
vinylcyclohexane,C=CC1CCCCC1,1.455
vinylpropionate,CCC(=O)OC=C,1.402
vitamin_b1,[Cl-].Cc1ncc(C[n+]2csc(CCO)c2C)c(N)n1,1.65
vitamin_b2,Cc1cc2N=C3C(=O)NC(=O)N=C3N(CC(O)C(O)C(O)CO)c2cc1C,6.46
vitamin_e,CC(C)CCC[C@@H](C)CCC[C@@H](C)CCC[C@]1(C)CCc2c(C)c(O)c(C)c(C)c2O1,9.625
vivatec,NCCCC[C@H](N[C@@H](CCc1ccccc1)C(O)=O)C(=O)N2CCC[C@H]2C(O)=O,1.53
voriconazole,C[C@@H](c1ncncc1F)[C@](O)(Cn2cncn2)c3ccc(F)cc3F,4.0
warfarin,CC(=O)CC(c1ccccc1)C2=C(O)Oc3ccccc3C2=O,1.36
warfarin_sodium,[Na+].CC(=O)CC([C-]1C(=O)Oc2ccccc2C1=O)c3ccccc3,1.32
window_pane,CCN(CC)C(=O)[C@H]1CN(C)[C@@H]2Cc3c[nH]c4cccc(C2=C1)c34,1.52056
xylene,Cc1ccccc1C,1.4972
xylenes,CCc1ccccc1.Cc2ccc(C)cc2.Cc3cccc(C)c3.Cc4ccccc4C,1.4802
xylol,Cc1ccccc1C,1.4949
zst,OC(=O)CC1=NN(Cc2sc3ccc(cc3n2)C(F)(F)F)C(=O)c4ccccc14,3.06
−sparteine,C1CCN2C[C@@H]3C[C@@H](CN4CCCC[C@H]34)[C@@H]2C1,1.528
