MOLECULE_NAME,SMILES,logEpsilon
proline,OC(=O)[C@@H]1CCCN1,2
terephthalic_acid,OC(=O)c1ccc(cc1)C(O)=O,2
cbn,ClCC#CCOC(=O)Nc1cccc(Cl)c1,1.986771734
at_1420,Cc1ccc(cc1C[C@H](N)C(O)=O)N(CCCl)CCCl,1.984527313
ethylene_carbonate,O=C1OCCO1,1.95230801
cyclopentene,C1CC=CC1,1.931966115
diisopropylammonium_bromide,[Br-].CC(C)[NH2+]C(C)C,1.929418926
tmb,Cc1cc(cc(C)c1N)c2cc(C)c(N)c(C)c2,1.905256049
scopoletin,COc1cc2C=CC(=O)Oc2cc1O,1.903957709
thc,CCCCCc1cc(O)c2[C@@H]3C=C(C)CC[C@H]3C(C)(C)Oc2c1,1.903632516
ammp,COc1ccc(Cc2cc(N)nc(OC)n2)cc1,1.903089987
cysteine–arginine,N[C@@H](CS)C(O)=O.N[C@@H](CCCNC(N)=N)C(O)=O,1.903089987
phenolate,[O-]c1ccccc1,1.903089987
ron,CCC[C@H](N)C(O)=O,1.903089987
hepes,OCCN1CCN(CC1)CC[S](O)(=O)=O,1.897627091
histidine,N[C@@H](Cc1c[nH]cn1)C(O)=O,1.894869657
rhodamine,[Cl-].CCN(CC)c1ccc2c(c1)[o+]c3cc(ccc3c2c4ccccc4C(O)=O)N(CC)CC,1.894869657
tabun,CCO[P](=O)(C#N)N(C)C,1.894316063
barone,[Na+].CN(C[S]([O-])(=O)=O)C1=C(C)N(C)N(C1=O)c2ccccc2,1.894260664
bicalutamide,CC(O)(C[S](=O)(=O)c1ccc(F)cc1)C(=O)Nc2ccc(C#N)c(c2)C(F)(F)F,1.894260664
ketoconazole,CC(=O)N1CCN(CC1)c2ccc(OC[C@H]3CO[C@@](Cn4ccnc4)(O3)c5ccc(Cl)cc5Cl)cc2,1.894094427
4-ap,Nc1ccncc1,1.893761762
cyclone,O=C1C(=C(c2ccccc2)C(=C1c3ccccc3)c4ccccc4)c5ccccc5,1.892094603
n-methyl-oxazolidinone,CN1CCOC1=O,1.892094603
oxadiazole,o1ccnn1,1.892094603
thionine,s1cccccccc1,1.892094603
sodium_carboxymethyl_cellulose,[Na].CC(O)=O.OCC(O)C(O)C(O)C(O)C=O,1.890421019
tea,OCCN(CCO)CCO,1.890197386
3-methyloxazolidin-2-one,CN1CCOC1=O,1.889301703
dam,CC(=O)C(/C)=N/O,1.882922791
tam,NC(CCO)(CCO)CCO,1.882581454
2-methyl-2_4-pentanediol,CC(O)CC(C)(C)O,1.875061263
mai,C[C@@H](O)[C@@H](N)CCCN=C(N)N,1.875061263
maltose,OCC1OC(OC2C(O)C(O)C(O)OC2CO)C(O)C(O)C1O,1.867968082
cerebro,CCCCCCCCNC(C)C(O)c1ccc(SC(C)C)cc1,1.861713588
trehalose,OCC1OC(OC2OC(CO)C(O)C(O)C2O)C(O)C(O)C1O,1.857332496
dopamine,NCCc1ccc(O)c(O)c1,1.85672889
prc,Cc1ccc(NC(=O)c2cccnc2)cc1Nc3nccc(n3)c4cccnc4,1.838849091
gly,NCC(O)=O,1.829946696
butanamide,CCCC(N)=O,1.824503317
lysine,NCCCC[C@H](N)C(O)=O,1.819543936
brij_35,CCCCCCCCCCCCOCCO,1.812913357
propylene_carbonate,CC1COC(=O)O1,1.812378511
polyn-isopropylacrylamide,CC(C)NC(=O)C=C,1.799340549
defi,CCCN(CCC)C(=O)SCc1ccccc1,1.785329835
dimethylthianthrene,Cc1ccc2Sc3ccccc3Sc2c1C,1.77815125
quinoxaline,c1ccc2nccnc2c1,1.77815125
acetamide,CC(N)=O,1.770852012
pyridazine,c1ccnnc1,1.769007871
4_pa,OC(=O)CCC=C,1.767155866
spirolactone,CC(=O)S[C@@H]1CC2=CC(=O)CC[C@]2(C)[C@H]3CC[C@@]4(C)[C@@H](CC[C@@]45CCC(=O)O5)[C@H]13,1.755874856
mea,NCCS,1.740678425
nile_red,CCN(CC)c1ccc2N=C3C(=CC(=O)c4ccccc34)Oc2c1,1.740362689
1_2-butylene_carbonate,CCC1COC(=O)O1,1.735997884
butylene_carbonate,O=C1OCCCCO1,1.72427587
tz,s1ccnc1,1.72427587
dhap,OCC(=O)CO[P](O)(O)=O,1.721810615
lno,CC(C)C[C@H](N)C(=O)NO,1.720159303
alamine_336,CCCCCCCCN(CCCCCCCC)CCCCCCCC,1.703755524
2-fluorophenyl2-nitrophenyl_ether,[O-][N+](=O)c1c(Oc2cccc(c3ccccc3F)c2[N+]([O-])=O)cccc1c4ccccc4F,1.698970004
2-fluorophenyl_2-nitrophenyl_ether,[O-][N+](=O)c1ccccc1Oc2ccccc2F,1.698970004
tetraethylammonium_tetrafluoroborate,CC[N+](CC)(CC)CC.F[B-](F)(F)F,1.698970004
desal,N[S](=O)(=O)c1cc(C(O)=O)c(NCc2occc2)cc1Cl,1.67669361
2-furoylfluoride_dimethylsulfoxide,C[S](C)=O.FC(=O)c1occc1,1.669316881
abt,Nn1nnc2ccccc12,1.667452953
ald,CC(C)C[C@@H](CO)NC(=O)[C@H](CC(C)C)NC(=O)[C@H](CC(C)C)NC(=O)OCc1ccccc1,1.667452953
diclofenac_sodium,[Na+].[O-]C(=O)Cc1ccccc1Nc2c(Cl)cccc2Cl,1.662757832
sulfolan,O=[S]1(=O)CCCC1,1.639984248
diethanolamine,OCCNCCO,1.638988159
di-n-propylammonium_thiocyanate,CCC[NH2+]CCC.[S-]C#N,1.636487896
sulfolane,O=[S]1(=O)CCCC1,1.636487896
sulpholane,O=[S]1(=O)CCCC1,1.636487896
ethylene_glycerol,OCC(O)CO.C=C,1.62838893
glycerine,OCC(O)CO,1.62838893
glycerol,OCC(O)CO,1.62838893
carboxylate,CCCCCCCCCC1C[C@@H]2CC[C@H]3[C@H]([C@@H](C)N=C(N1)N23)C(=O)OC(C)CCCCC[C@@H]4C[C@@H]5CC[C@H]6C[C@@H](C)NC(=N4)N56,1.623352682
aa267,NC(CCO)c1ccc2ccccc2c1,1.62324929
eg,OCCO,1.617000341
ethylenglycol,OCCO,1.617000341
glycol,OCCO,1.614897216
2-oxazolidinone,O=C1NCCO1,1.612783857
ethyl_pyruvate,CCOC(=O)C(C)=O,1.612783857
furfural,O=Cc1occc1,1.612783857
ethane-1_2-diol,OCCO,1.609594409
1_2_3-triazole,[nH]1ccnn1,1.607455023
tetraethyleneglycol,OCCOCCOCCOCCO,1.604226053
meg,[Br-].NC([NH3+])=NCCS,1.60260252
1-butyl-3-methylimidazolium,CCCC[n+]1ccn(C)c1,1.602059991
stilbene,c1ccc(cc1)C=Cc2ccccc2,1.602059991
butyrolactone,O=C1CCCO1,1.60184279
gbl,O=C1CCCO1,1.591064607
ethane-1_2_diol,OCCO,1.58726185
ethyleneglycol,OCCO,1.583595468
1_2-ethanediol,OCCO,1.57634135
ethylene_glycol,OCCO,1.57634135
mono_ethylene_glycol,OCCO,1.57634135
dmi,CNCCCN1c2ccccc2CCc3ccccc13,1.575187845
acetonitril,CC#N,1.574031268
ethanenitrile,CC#N,1.574031268
mecn,CC#N,1.574031268
lys,NCCCCC(N)C(O)=O,1.573451822
edta,OC(=O)CN(CCN(CC(O)=O)CC(O)=O)CC(O)=O,1.57054294
ch3cn,CCN,1.568201724
glutaronitrile,N#CCCCC#N,1.568201724
triethyleneglycol,OCCOCCOCCO,1.564666064
acetonitrile,CC#N,1.563955465
acn,CC#N,1.563955465
dmpu,OCN1CCCN(CO)C1=O,1.557507202
sec-butylammonium_thiocyanate,CCC(C)[NH3+].[S-]C#N,1.557507202
cyclohexane_acetone,CC(C)=O.C1CCCCC1,1.556314564
3-methoxy-propionitrile,COCCC#N,1.556302501
3-methoxypropionitrile,COCCC#N,1.556302501
abts,[NH4+].[NH4+].CCN1/C(Sc2cc(ccc12)[S]([O-])(=O)=O)=N/N=C/3Sc4cc(ccc4N3CC)[S]([O-])(=O)=O,1.556302501
cetylpyridinium_chloride,[Cl-].CCCCCCCCCCCCCCCC[n+]1ccccc1,1.556302501
citric_acid,OC(=O)CC(O)(CC(O)=O)C(O)=O,1.556302501
gga,CC(C)=CCC\C(C)=C\CC\C(C)=C\CC\C(C)=C\CCC(C)=O,1.556302501
methoxyacetonitrile,COCC#N,1.556302501
1_4-dihydroxy-2-butanone,OCCC(=O)CO,1.551327988
1_3-propanediol,OCCCO,1.544068044
4am,CC(=O)N[C@@H]1[C@@H](N)C=C(O[C@H]1[C@H](O)[C@H](O)CO)C(O)=O,1.544068044
nitrobenzene,[O-][N+](=O)c1ccccc1,1.541579244
propane-1_3-diol,OCCCO,1.5402043
1-naphthol,Oc1cccc2ccccc12,1.535420718
ethylammonium_formate,CC[NH3+].[O-]C=O,1.533263517
1_2_3-butanetriol,CC(O)C(O)CO,1.532754379
diglycerol,OCC(O)COCC(O)CO,1.531478917
butylammonium_thiocyanate,CCCC[NH3+].[S-]C#N,1.530199698
2-pyrrolidon,O=C1CCCN1,1.527629901
1_3-propylene_glycol,OCCCO,1.527372083
1-methylimidazole,Cn1ccnc1,1.523746467
1_3_5-pentanetriol,OCCC(O)CCO,1.523226042
acrylonitrile,C=CC#N,1.51851394
ethylene_glycol–methanol,CO.OCCO,1.51851394
meth,[H+].[Cl-].CCC(=O)C(CC(C)N(C)C)(c1ccccc1)c2ccccc2,1.514547753
n-methyl-2-pyrrolidinone,CN1CCCC1=O,1.514547753
2-furoylfluoride_methanol,CO.FC(=O)c1occc1,1.513617074
n-methyl-2-pyrrolidone,CN1CCCC1=O,1.507855872
n-methyl-pyrrolidone,CN1CCCC1=O,1.507855872
n-methyl_pyrrolidone,CN1CCCC1=O,1.507855872
n-methylpyrrolidone,CN1CCCC1=O,1.506505032
1-methyl-2-pyrrolidinone,CN1CCCC1=O,1.505149978
n-methylpyrrolidinone,CN1CCCC1=O,1.505149978
propanediol,CCC(O)O,1.505149978
propylene_glycol,CC(O)CO,1.505149978
butane-1_4-diol,OCCCCO,1.502700175
dma,CC(C)=CCO[P](O)(=O)O[P](O)(O)=O,1.501983039
diethylene_glycol,OCCOCCO,1.501059262
diethyleneglycol,OCCOCCO,1.501059262
deg,OCCOCCO,1.500922239
1_4-butanediol,OCCCCO,1.496929648
dmpg,CCCCCCCCCCCCCC(=O)OCC(CO[P](O)(=O)OCC(O)CO)OC(=O)CCCCCCCCCCCCC,1.485721426
butanediol,CCCC(O)O,1.480006943
1_2-butanediol,CCC(O)CO,1.477121255
adiponitrile,N#CCCCCC#N,1.477121255
and,C[C@]12CC[C@H]3[C@@H](CC=C4C[C@@H](O)CC[C@]34C)[C@@H]1CCC2=O,1.477121255
zst,OC(=O)CC1=NN(Cc2sc3ccc(cc3n2)C(F)(F)F)C(=O)c4ccccc14,1.474216264
1_2-propanediol,CC(O)CO,1.47348697
propanenitrile,CCC#N,1.467163966
propanonitrile,CCC#N,1.464638559
tes,C[C@]12CC[C@H]3[C@@H](CCC4=CC(=O)CC[C@]34C)[C@@H]1CC[C@@H]2O,1.462397998
butane-1_3-diol,CC(O)CCO,1.459844642
1_3-butanediol,CC(O)CCO,1.458562313
2ap,Nc1cccc[nH+]1,1.456441952
propane-1_2-diol,CC(O)CO,1.452706227
ethyl_cyanide,CCC#N,1.451786436
propionitrile,CCC#N,1.451172158
nitroethanol,CC(O)[N+]([O-])=O,1.448087667
nitroethane,CC[N+]([O-])=O,1.447158031
propiononitrile,CCC#N,1.434568904
pentane-1_5-diol,OCCCCCO,1.42975228
dehydrated_alcohol,CCO,1.428134794
2_2_2-trifluoroethanol,OCC(F)(F)F,1.426933964
tfe,OCC(F)(F)F,1.426511261
cf3ch2oh,OCC(F)(F)F,1.416640507
ch3och2ch2oh,COCCO,1.412292509
2-chloroethanol,OCCCl,1.411619706
2-nitropropane,CC(C)[N+]([O-])=O,1.409933123
acetylacetone,CC(=O)CC(C)=O,1.409933123
alcohol,CCO,1.409933123
2oh,CC(C)(c1ccc(O)cc1)c2ccc(O)cc2,1.403120521
benzonitrile,N#Cc1ccccc1,1.401400541
2-mbt,S=C1Nc2ccccc2S1,1.397940009
methanol-toluene,CO.Cc1ccccc1,1.397940009
methyl_oleate,CCCCCCCC\C=C/CCCCCCCC(=O)OC,1.397940009
water-tert-butanol,O.CC(C)(C)O,1.397940009
water-tetrahydrofuran,O.C1CCOC1,1.397940009
butyronitrile,CCCC#N,1.394451681
dcs,Cc1ncc(CO[P](O)(O)=O)c(CN[C@@H]2CONC2=O)c1O,1.394451681
2-furoylfluoride_ethanol,CCO.FC(=O)c1occc1,1.390051496
c2h5oh,CCO,1.390051496
ch3ch2oh,CCO,1.390051496
curcumin,COc1cc(\C=C\C(=O)CC(=O)\C=C\c2ccc(O)c(OC)c2)ccc1O,1.389166084
ethanol,CCO,1.389166084
ethyl_alcohol,CCO,1.389166084
etoh,CCO,1.389166084
ch3ch2–oh,CCO,1.385606274
butanenitrile,CCCC#N,1.385427515
n-propyl_cyanide,CCCC#N,1.383815366
2-nitrophenyl_octyl_ether,CCCCCCCCOc1ccccc1[N+]([O-])=O,1.380211242
2-nitrophenyl_octylether,CCCCCCCCOc1ccccc1[N+]([O-])=O,1.380211242
2-nitrophenyl_pentylether,CCCCCOc1ccccc1[N+]([O-])=O,1.380211242
ate,C[C@]12CC[C@H]3[C@@H](CC[C@H]4C[C@H](O)CC[C@]34C)[C@@H]1CC=C2,1.380211242
epa,CC/C=C\C\C=C/C/C=C\C\C=C/C/C=C\CCCC(O)=O,1.380211242
pyridine_nitrogen,[NH2].c1ccncc1,1.380211242
tbph,[OH-].CCCC[P+](CCCC)(CCCC)CCCC,1.380211242
triethylene_glycol,OCCOCCOCCO,1.374748346
nitropropane,CCC[N+]([O-])=O,1.365487985
o-fluoropyridine,Fc1ccccn1,1.365487985
benzyl_cyanide,N#CCc1ccccc1,1.358886204
benzoyl_fluoride,FC(=O)c1ccccc1,1.356025857
2-furoylfluoride,FC(=O)c1occc1,1.354588588
ech,ClCC1CO1,1.354108439
butane-1_2-diol,CCC(O)CO,1.353531559
acan,CC(=O)CCC(C)=O,1.351216345
3-nitrotoluene,Cc1cccc(c1)[N+]([O-])=O,1.346352974
pyrite,[O-]CC1OC=CC=C1,1.332842267
2_3-butanediol,CC(O)C(C)O,1.332377856
[iso-leucine],CC[C@H](C)[C@H](N)C(O)=O,1.331022171
dmk,CC(C)([C@H](N)C(O)=O)C(O)=O,1.322426052
acetaldehyde,CC=O,1.322219295
acetic_anhydride,CC(=O)OC(C)=O,1.322219295
aco,CC(=O)SCCNC(=O)CCNC(=O)[C@H](O)C(C)(C)CO[P](O)(=O)O[P](O)(=O)OC[C@H]1O[C@H]([C@H](O)[C@@H]1O[P](O)(O)=O)n2cnc3c(N)ncnc23,1.322219295
allyl_alcohol,OCC=C,1.322219295
dipropylene_glycol,CC(O)COC(C)CO,1.322219295
flavin,[Cl-].C[n+]1c2cc(N)ccc2cc3ccc(N)cc13,1.322219295
griseofulvin,COC1CC(=O)C[C@@H](C)[C@]12Oc3c(Cl)c(OC)cc(OC)c3C2=O,1.322219295
propanone,CC(C)=O,1.322219295
butane-2_3-diol,CC(O)C(C)O,1.319730494
n-propyl_alcohol,CCCO,1.31827208
dimethyl_ketone,CC(C)=O,1.316389751
2-furoylfluoride_acetone,CC(C)=O.FC(=O)c1occc1,1.315970345
2-propanone,CC(C)=O,1.315970345
acetone,CC(C)=O,1.315970345
isopropanal,CC(C)=O,1.31386722
isobutyronitrile,CC(C)C#N,1.309630167
n-butyronitrile,CCCC#N,1.309630167
propan-1-ol,CCCO,1.307496038
propanol,CCCO,1.307496038
triethanolamine,OCCN(CCO)CCO,1.306639441
cst,CC(C)C[C@H](NC(=O)[C@@H](NC(=O)N[C@@H](Cc1ccccc1)C(O)=O)[C@@H]2CCN=C(N)N2)C(=O)N[C@@H](Cc3ccccc3)C([O-])=O,1.306425028
ioh,CC(C)O,1.304921162
indole,[nH]1ccc2ccccc12,1.303843775
1-propanol,CCCO,1.303196057
ch3ch2ch2–oh,CCCO,1.303196057
n-propanol,CCCO,1.303196057
act,CC(O)=O,1.301029996
alcohols,CCO,1.301029996
alkane,CCCCCCCCCCCCc1ccccc1,1.301029996
dcip,O.[Na+].[O-]c1c(Cl)cc(cc1Cl)N=C2C=CC(=O)C=C2,1.301029996
pentanenitrile,CCCCC#N,1.301029996
propyl-alcohol,CCCO,1.301029996
retinal,CC(=C\C=O)/C=C/C=C(C)/C=C/C1=C(C)CCCC1(C)C,1.301029996
sodium_acetate,[Na+].CC([O-])=O,1.301029996
tetraethylene_glycol,OCCOCCOCCOCCO,1.29907126
2-propanol,CC(C)O,1.298853076
propan-2-ol,CC(C)O,1.298853076
teg,OCCOCCOCCO,1.292909237
ethyl_isothiocyanate,CCN=C=S,1.290034611
lactic_acid,CC(O)C(O)=O,1.28780173
isopropyl-alcohol,CC(C)O,1.282168778
ethyl_acetate-acetonitrile,CCOC(C)=O.CC#N,1.280350693
isooctane-ethyl_acetate,CCCCCC(C)C.CCOC(C)=O,1.280350693
2-propen-1-ol,OCC=C,1.279004962
iso-propanol,CC(C)O,1.274157849
2-butyl_alcohol,CCC(C)O,1.271841607
ethyl_methyl_ketone,CCC(C)=O,1.267289089
ethylmethylketone,CCC(C)=O,1.267171728
mek,CCC(C)=O,1.267171728
phenol_formaldehyde,Oc1ccccc1.C=O,1.267171728
propanal,CCC=O,1.267171728
methylethylketone,CCC(C)=O,1.264817823
isopropyl_alcohol,CC(C)O,1.263043983
2-butanone,CCC(C)=O,1.26245109
2-propyl_alcohol,CC(C)O,1.26245109
i-propanol,CC(C)O,1.26245109
isopropanol,CC(C)O,1.26245109
butanone,CCC(C)=O,1.261262869
cyclohexanone,O=C1CCCCC1,1.260071388
methyl_ethyl_ketone,CCC(C)=O,1.260071388
benzaldehyde,O=Cc1ccccc1,1.25791845
n-propylammonium_nitrate,CCC[NH3+].[O-][N+]([O-])=O,1.257678575
isobutyl_alcohol,CC(C)CO,1.255634266
1_4-dicyanobenzene,N#Cc1ccc(cc1)C#N,1.255272505
ggo,N[C@H]1CN(CCc2ccc3OCOc3c2)C(=O)C[C@@H]1c4cc(F)c(F)cc4F,1.255272505
propionaldehyde,CCC=O,1.255272505
propyl_alcohol,CCCO,1.255272505
butanol,CCCCO,1.250420002
methyl_propyl_ketone,CCCC(C)=O,1.249198357
isobutanol,CC(C)CO,1.247973266
valeronitrile,CCCCC#N,1.247973266
n-butyl_alcohol,CCCCO,1.246867722
n-butanol,CCCCO,1.245512668
pentane-1_2-diol,CCCC(O)CO,1.244771761
butan-1-ol,CCCCO,1.243038049
butyl_alcohol,CCCCO,1.243038049
cyclopentanol,OC1CCCC1,1.242913947
1-butanol,CCCCO,1.241795431
acetophenone,CC(=O)c1ccccc1,1.240549248
hexanenitrile,CCCCCC#N,1.237040791
2-methoxy_ethanol,COCCO,1.235528447
2me,CCOC,1.235528447
2-methylpropan-2-ol,CC(C)(C)O,1.23299611
diethylketone,CCC(=O)CC,1.230448921
2-methoxyethanol,COCCO,1.228400359
lmt,CCCCCCCCCCCCO[C@@H]1O[C@H](CO)[C@@H](O[C@H]2O[C@H](CO)[C@@H](O)[C@H](O)[C@H]2O)[C@H](O)[C@H]1O,1.227243782
2-methyl-1-propanol,CC(C)CO,1.224791956
3-pentanone,CCC(=O)CC,1.224791956
diethyl_ketone,CCC(=O)CC,1.220631019
sec-butyl_alcohol,CCC(C)O,1.217483944
cis,CCCCCCCCCCCCCCCCCCCCCCCC(=O)N[C@@H](CO[C@@H]1O[C@H](CO)[C@H](O)[C@H](O[S](O)(=O)=O)[C@H]1O)[C@H](O)CCCCCCCCCCCCCCC,1.204119983
ethylacetoacetate,CCCC(=O)CC([O-])=O,1.204119983
2-butanol,CCC(C)O,1.202488317
i-butanol,CC(C)CO,1.200836824
anisaldehyde,COc1ccc(C=O)cc1,1.198657087
tetraglycol,OCCOCCOCCOCCO,1.195899652
hoch2ch2oh,OCCO,1.193958978
ccc,CCC,1.193124598
diethyl_sulfite,CCO[S](=O)OCC,1.193124598
2-methyl-1-butanol,CCC(C)CO,1.192428055
1_2-hexanediol,CCCCC(O)CO,1.190331698
hexane-1_2-diol,CCCCC(O)CO,1.190331698
mct,Cc1ccc(O)c(O)c1,1.190331698
propiophenone,CCC(=O)c1ccccc1,1.190331698
pyrene,c1cc2ccc3cccc4ccc(c1)c2c34,1.190331698
tween_20,CCCCCCCCCCCC(=O)OCCOCC(OCCO)C1OCC(OCCO)C1OCCO,1.190331698
tween_40,CCCCCCCCCCCC(=O)OCCOCC(OCCO)C1OCC(OCCO)C1OCCO,1.190331698
2-pentanone,CCCC(C)=O,1.188928484
tert-amyl_alcohol,CCC(C)(C)O,1.188647296
ethyl_lactate,CCOC(=O)C(C)O,1.187520721
diacetone_alcohol,CC(=O)CC(C)(C)O,1.186956335
isoamyl-alcohol,CC(C)CCO,1.184691431
3-methyl-1-butanol,CC(C)CCO,1.181557774
iso-butanol,CC(C)CO,1.178976947
1–pentanol,CCCCCO,1.176091259
benzonitrile-isooctane,CCCCCC(C)C.N#Cc1ccccc1,1.176091259
butyl_methacrylate,CCCCOC(=O)C(C)=C,1.176091259
cyclo-hexanol,OC1CCCCC1,1.176091259
cyclohexanol,OC1CCCCC1,1.176091259
diethylene_glycol_monomethyl_ether,COCCOCCO,1.176091259
lactone,Cc1oc2c(C)c3OC(=O)C=C(C)c3cc2c1,1.176091259
pentanol,CCCCCO,1.170261715
isoamyl_alcohol,CC(C)CCO,1.167317335
2-hexanone,CCCCC(C)=O,1.163161375
acrylonitrile_butadiene,C=CC=C.C=CC#N,1.161368002
cinnamylalcohol,OCC=Cc1ccccc1,1.161368002
dfb,OCc1cccc(F)c1F,1.155336037
9-cyano-phenanthrene-trans-anethole,COc1ccc(\C=C\C)cc1.N#Cc2cc3ccccc3c4ccccc24,1.146128036
aibn,CC(C)(N=NC(C)(C)C#N)C#N,1.146128036
nonanenitrile,CCCCCCCCC#N,1.146128036
pyruvate,CC(=O)C([O-])=O,1.146128036
saquinavir,CC(C)(C)NC(=O)[C@@H]1C[C@@H]2CCCC[C@@H]2CN1C[C@@H](O)[C@H](Cc3ccccc3)NC(=O)[C@H](CC(N)=O)NC(=O)c4ccc5ccccc5n4,1.146128036
tween_60,CCCCCCCCCCCC(=O)OCCOCC(OCCO)C1OCC(OCCO)C1OCCO,1.146128036
n-pentanol,CCCCCO,1.143639235
1-pentanol,CCCCCO,1.1430148
amyl_alcohol,CCCCCO,1.1430148
pentan-1-ol,CCCCCO,1.1430148
salicylaldehyde,Oc1ccccc1C=O,1.1430148
diaminoethane,CC(N)N,1.139879086
octanenitrile,CCCCCCCC#N,1.138302698
hexan-1-ol,CCCCCCO,1.135132651
2-phenylethanol,OCCc1ccccc1,1.133538908
occn,NCCO,1.133538908
cyclopentanone,O=C1CCCC1,1.13289977
tween_80,CCCCCCCC/C=C/CCCCCCCC(=O)OCCOCC(OCCO)C1OCC(OCCO)C1OCCO,1.130333768
ethylammonium_nitrate,CC[NH3+].[O-][N+]([O-])=O,1.127104798
triethylphosphate,CCO[P](=O)(OCC)OCC,1.127104798
cinnamaldehyde,O=CC=Cc1ccccc1,1.123851641
hexanol,CCCCCCO,1.123198075
hexane-ethanol,CCO.CCCCCC,1.120409395
n-hexanol,CCCCCCO,1.119420863
isopropyl_acetate,CC(C)OC(C)=O,1.118925753
4-methyl-2-pentanone,CC(C)CC(C)=O,1.117602692
methyl-iso-butyl_ketone,CC(C)CC(C)=O,1.117602692
methyl_isobutyl_ketone,CC(C)CC(C)=O,1.117602692
methyl_isobutylketone,CC(C)CC(C)=O,1.117602692
methylisobutyl_ketone,CC(C)CC(C)=O,1.117602692
methylisobutylketone,CC(C)CC(C)=O,1.117602692
mibk,CC(C)CC(C)=O,1.117602692
benzyl_alcohol,OCc1ccccc1,1.117271296
benzylalcohol,OCc1ccccc1,1.117271296
ch3cl,CCl,1.117271296
hexone,CC(C)CC(C)=O,1.117271296
keto_azoxybenzene,[O-][N+](=NC1C=CC=CC1=O)c2ccccc2,1.117271296
phenylmethanol,OCc1ccccc1,1.117271296
1-ethanol,CCO,1.116441698
1-hexanol,CCCCCCO,1.113943352
vanillyl_alcohol,COc1cc(CO)ccc1O,1.113943352
pyridine,c1ccncc1,1.110926242
ethylene-diamine,NCCN,1.11058971
ethylenediamine,NCCN,1.11058971
ethyl_benzoylacetate,CCOC(=O)CC(=O)c1ccccc1,1.10720997
dien,NCCNCCN,1.101403351
transcutol,CCOCCOCCO,1.100370545
heptanone,CCCCCC(C)=O,1.096910013
phosphotyrosine,N[C@@H](Cc1ccc(O[P](O)(O)=O)cc1)C(O)=O,1.096910013
triazole,[nH]1ccnn1,1.096910013
2-methyl-2-propanol,CC(C)(C)O,1.096388547
tba,CCCC[N+](CCCC)(CCCC)CCCC,1.095866453
peg_400,OCCO,1.093421685
tert-butanol,CC(C)(C)O,1.093421685
benzeneethanol,OCCc1ccccc1,1.090258053
cysteamine,NCCS,1.089905111
ethyl_propionate,CCOC(=O)CC,1.089905111
2-octanone,CCCCCCC(C)=O,1.08278537
heptan-1-ol,CCCCCCCO,1.08278537
durene,Cc1cc(C)c(C)cc1C,1.082138831
2-pentanol,CCCC(C)O,1.082066934
mellitene,Cc1c(C)c(C)c(C)c(C)c1C,1.081779227
glycolate,OCC([O-])=O,1.080806804
3-methyl-2-butanol,CC(C)C(C)O,1.080626487
m-cresol,Cc1cccc(O)c1,1.079181246
triton_x-100,CC(C)(C)CC(C)(C)c1ccc(OCCO)cc1,1.079181246
benzenepropanol,OCCCc1ccccc1,1.07809415
4-methylpyridine,Cc1ccncc1,1.07773118
2-heptanone,CCCCCC(C)=O,1.077367905
mnt,CNc1ccccc1C(=O)O[C@H]2C[C@@H](O[C@@H]2CO[P](O)(=O)O[P](O)(O)=O)n3cnc4c(N)ncnc34,1.077367905
t-butyl_alcohol,CC(C)(C)O,1.068185862
3-pentanol,CCC(O)CC,1.062957834
heptanol,CCCCCCCO,1.061640934
dap,Nc1cccc(N)n1,1.06069784
phenol,Oc1ccccc1,1.056904851
polyethylene_glycol,OCCO,1.056904851
o-dianisidine,COc1cc(ccc1N)c2ccc(N)c(OC)c2,1.053078443
octan-1-ol,CCCCCCCCO,1.053078443
hexane-acetone,CCCCCC.CC(C)=O,1.052886235
tert-butyl_alcohol,CC(C)(C)O,1.049218023
2-hexanol,CCCCC(C)O,1.045322979
aea,CCCCC/C=C\C\C=C/C/C=C\C\C=C/CCCC(=O)NCCO,1.041392685
benzene_acetonitrile,CC#N.c1ccccc1,1.041392685
t-butanol,CC(C)(C)O,1.037426498
benzylbenzene,C(c1ccccc1)c2ccccc2,1.032820149
diphenyl,c1ccc(cc1)c2ccccc2,1.032014034
bibenzyl,C(Cc1ccccc1)c2ccccc2,1.030802049
3-methylpyridine,Cc1cccnc1,1.029789471
decanenitrile,CCCCCCCCCC#N,1.025305865
1-heptanol,CCCCCCCO,1.023684481
cetane,CCCCCCCCCCCCCCCC,1.02213957
ethylene_dichloride,ClCCCl,1.021189299
methylcyclopentane,CC1CCCC1,1.020878978
pentamethylene,C1CCCC1,1.020547724
ethylcyclobutane,CCC1CCC1,1.020464871
ethylcyclopropane,CCC1CC1,1.019801478
triptane,CC(C)C(C)(C)C,1.019739233
3oh,OCCC(O)=O,1.018981202
1_2_dichloroethane,ClCCCl,1.018492453
1_2-dichloro-ethane,ClCCCl,1.017033339
1_2-dichloro_ethane,ClCCCl,1.017033339
1_2-dichloroethane,ClCCCl,1.017033339
clch2ch2cl,C.Cl.CCl,1.017033339
dce,ClCCCl,1.017033339
neopentane,CC(C)(C)C,1.016511037
dichloroethane,CC(Cl)Cl,1.016197354
3-methylbutan-2-one,CC(C)C(C)=O,1.015778756
2-furoylfluoride_dichloroethane,CC(Cl)Cl.FC(=O)c1occc1,1.015359755
ch2c1ch2c1,C.CCC,1.015359755
des,CC\C(c1ccc(O)cc1)=C(\CC)c2ccc(O)cc2,1.01494035
1-octanol,CCCCCCCCO,1.012837225
dichloro_methane,ClCCl,1.012837225
n-octanol,CCCCCCCCO,1.012837225
octanol,CCCCCCCCO,1.012837225
3-phenylpropanol,OCCCc1ccccc1,1.010723865
butyl_carbitol,CCCCOCCOCCO,1.008600172
ethylene_chloride,ClCCCl,1.008600172
dcb,Clc1ccccc1Cl,1.006252051
2-dichlorobenzene,Clc1ccccc1Cl,1.005180513
1_1-dichloroethane,CC(Cl)Cl,1
2-naphthol,Oc1ccc2ccccc2c1,1
ammonium_salicylate,[NH4+].Oc1ccccc1C([O-])=O,1
blue_line,[H+].[Cl-].CN(C)CCN(Cc1sccc1)c2ccccn2,1
cholesterol,CC(C)CCC[C@@H](C)[C@H]1CC[C@H]2[C@@H]3CC=C4C[C@@H](O)CC[C@]4(C)[C@H]3CC[C@]12C,1
ctma,CONC(=O)COc1ccc(Cl)cc1C,1
mlm,NC(=O)CC(O)=O,1
pentanal,CCCCC=O,1
pteridine,c1cnc2ncncc2n1,1
quinine,COc1ccc2nccc([C@@H](O)[C@@H]3C[C@H]4CCN3C[C@@H]4C=C)c2c1,1
thip,O=C1NOC2=C1CCNC2,1
tpq,N[C@@H](CC1=CC(=O)C(=O)C=C1O)C([O-])=O,1
odcb,Clc1ccccc1Cl,0.999565488
o-dichlorobenzene,Clc1ccccc1Cl,0.999130541
1_2-dichlorobenzene,Clc1ccccc1Cl,0.996949248
2-chloro-2-methylpropane,CC(C)(C)Cl,0.995635195
dichlorobenzene,Clc1ccccc1Cl,0.995635195
nylon_66,CCCCCCNC(=O)CCCCC(N)=O,0.994031049
pnp,Oc1ccc(cc1)[N+]([O-])=O,0.991226076
polyepichlorohydrin,O\C=C/CCl,0.991226076
2-heptanol,CCCCCC(C)O,0.987666265
dca,CCNC(=O)CCNC(=O)[C@H](O)C(C)(C)CO[P](O)(=O)O[P](O)(=O)OC[C@H]1O[C@H]([C@H](O)[C@@H]1O[P](O)(O)=O)n2cnc3c(N)ncnc23,0.982271233
gsh,NC(CCC(=O)NC(CS)C(=O)NCC(O)=O)C(O)=O,0.982271233
2-butoxyethanol,CCCCOCCO,0.977723605
hexanal,CCCCCC=O,0.977723605
2-methylpyridine,Cc1ccccn1,0.975891136
tert-butyl_chloride,CC(C)(C)Cl,0.975891136
2_4-dimethylpyridine,Cc1ccnc(C)c1,0.974050903
3_4-dichlorotoluene,Cc1ccc(Cl)c(Cl)c1,0.972665592
atenolol,CC(C)NCC(O)COc1ccc(CC(N)=O)cc1,0.971739591
phenol_red,Oc1ccc(cc1)C2(O[S](=O)(=O)c3ccccc23)c4ccc(O)cc4,0.964966375
benzotrifluoride,FC(F)(F)c1ccccc1,0.963787827
mc,Cc1ccc2cc3c(ccc4ccccc34)c5CCc1c25,0.959041392
methylene_chloride,ClCCl,0.958085849
quinoline,c1ccc2ncccc2c1,0.958085849
azo,CO\C=C(C(=O)OC)/c1ccccc1Oc2cc(Oc3ccccc3C#N)ncn2,0.954242509
methyl_salicylate,COC(=O)c1ccccc1O,0.954242509
tco,CC(C)(C)OC(=O)N[C@H](C=O)C1CCCCC1,0.954242509
phenyl_isocyanate,O=C=Nc1ccccc1,0.951337519
ace,CC(N)=O,0.950851459
dichloromethane,ClCCl,0.950851459
methylene_dichloride,ClCCl,0.950851459
dichloro-methane,ClCCl,0.949390007
nonan-1-ol,CCCCCCCCCO,0.945960704
nonanol,CCCCCCCCCO,0.945960704
dch,C1CCC(CC1)NC2CCCCC2,0.944482672
dppc,Cl[P](=O)(Oc1ccccc1)Oc2ccccc2,0.944482672
decan-1-ol,CCCCCCCCCCO,0.942008053
stearic_acid,CCCCCCCCCCCCCCCCCC(O)=O,0.942008053
tbep,CCCCOCCO[P](=O)(OCCOCCCC)OCCOCCCC,0.939519253
dimethyl_phthalate,COC(=O)c1ccccc1C(=O)OC,0.937517892
p-cresol,Cc1ccc(O)cc1,0.937016107
tetrahydrothiophene,C1CCSC1,0.935003151
1_6-dichlorohexane,ClCCCCCCCl,0.934498451
dmp,[H+].[H+].[Cl-].[Cl-].COC(=N)CCCCCC(=N)OC,0.934498451
octanal,CCCCCCCC=O,0.934498451
1-chloro-n-propane,CCCCl,0.933993164
4-cyano-4-pentylbiphenyl,CCCCCC1(CC=C(C=C1)c2ccccc2)C#N,0.933487288
ethyl_formate,CCOC=O,0.932980822
2_2-dimethyl-1-propanol,CC(C)(C)CO,0.921686475
2-ethoxyethyl_acetate,CCOCCOC(C)=O,0.919078092
5-nonanone,CCCCC(=O)CCCC,0.919078092
pgmea,COCC(C)OC(C)=O,0.919078092
propylene_glycol_monomethyl_ether_acetate,COCC(C)OC(C)=O,0.919078092
2-octanol,CCCCCCC(C)O,0.913813852
tributyl_phosphate,CCCCO[P](=O)(OCCCC)OCCCC,0.912652417
tributylphosphate,CCCCO[P](=O)(OCCCC)OCCCC,0.912652417
2-chlorobutane,CCC(C)Cl,0.91041094
6-undecanone,CCCCCC(=O)CCCCC,0.903089987
decanol,CCCCCCCCCCO,0.903089987
polypyrrole,[NH2+]1C=CC=C1,0.903089987
pyrrole,[nH]1cccc1,0.903089987
tbp,CCCCO[P](=O)(OCCCC)OCCCC,0.903089987
hcfc-141b,CC(F)(Cl)Cl,0.897627091
n-decanol,CCCCCCCCCCO,0.897627091
tetraglyme,COCCOCCOCCOCCOC,0.897627091
diethylmalonate,CCC(CC)(C([O-])=O)C([O-])=O,0.895974732
diethyl_phthalate,CCOC(=O)c1ccccc1C(=O)OCC,0.895422546
tetrachloroethane,ClCC(Cl)(Cl)Cl,0.894869657
ehma,CCOc1cc(ccc1O)C(O)C(O)=O,0.892094603
1-decanol,CCCCCCCCCCO,0.886490725
isobutylmethyl_ketone,CC(C)CC(C)=O,0.885078384
deta,CCN(CC)C(=O)c1cccc(C)c1,0.88422877
2-ethyl-1-hexanol,CCCCC(CC)CO,0.881441722
cyclohexyl_chloride,ClC1CCCCC1,0.880813592
methylene_blue,[Cl-].CN(C)c1ccc2nc3ccc(cc3[s+]c2c1)N(C)C,0.880813592
nonanal,CCCCCCCCC=O,0.880813592
polyethylene_oxide,OCCO,0.880813592
2-furoylfluoride_tetrahydrofuran,FC(=O)c1occc1.C2CCOC2,0.879669206
diox,[Na+].CCCCC(CC)COC(=O)CC(C(=O)OCC(CC)CCCC)[S]([O-])(=O)=O,0.879669206
tetrahydrofuran,C1CCOC1,0.879669206
tetrahydrofurane,C1CCOC1,0.879669206
thf,C1CCOC1,0.879669206
diethyl_malonate,CCOC(=O)CC(=O)OCC,0.877946952
cellobiose,OCC1OC(OC2C(O)C(O)C(O)OC2CO)C(O)C(O)C1O,0.875061263
hfc-134a,FCC(F)(F)F,0.875061263
triglyme,COCCOCCOCCOC,0.875061263
cmtd,CCCCCCCCCCCCCCSCC(O)=O,0.874481818
morpholine,C1COCCN1,0.870403905
benzotrichloride,ClC(Cl)(Cl)c1ccccc1,0.86923172
butyl_chloride,CCCCCl,0.868644438
n-butyl_chloride,CCCCCl,0.868644438
1-chlorobutane,CCCCCl,0.86569606
labetalol,CC(CCc1ccccc1)NCC(O)c2ccc(O)c(c2)C(N)=O,0.865103975
1_2-dimethoxy_ethane,COCCOC,0.86332286
glyme,COCCOC,0.86332286
1_1_2-trichloroethane,ClCC(Cl)Cl,0.862131379
ethambutol,CC[C@@H](CO)NCCN[C@@H](CC)CO,0.862131379
1_1_1-trichloroethane,CC(Cl)(Cl)Cl,0.860457795
diglyme,COCCOCCOC,0.859138297
1_1_1-trichloro-ethane,CC(Cl)(Cl)Cl,0.857332496
1_2-dimethoxyethane,COCCOC,0.857332496
2-ethylhexanol,CCCCC(CC)CO,0.857332496
dimethoxyethane,COCCOC,0.857332496
dme,C[N+](C)(C)CCCCCCCCCC[N+](C)(C)C,0.857332496
rubrene,c1ccc(cc1)c2c3ccccc3c(c4ccccc4)c5c(c6ccccc6)c7ccccc7c(c8ccccc8)c25,0.857332496
2_6-dimethylpyridine,Cc1cccc(C)n1,0.855519156
phenylhydrazine,NNc1ccccc1,0.854306042
dol,CCN(CC)CC[S](=O)(=O)[C@@H]1CCN2[C@H]1C(=O)O[C@H](C(C)C)[C@H](C)\C=C/C(=O)NC/C=C\C(=C/[C@@H](O)CC(=O)Cc3occ(n3)C2=O)C,0.851258349
3-heptanol,CCCCC(O)CC,0.849419414
2_6-lutidine,Cc1cccc(C)n1,0.84509804
polyurethane,OCCO.OCCCCO.OC(=O)CCCCC(O)=O.O=C=Nc1ccc(Cc2ccc(cc2)N=C=O)cc1,0.84509804
rso,C1O[C@@H]1c2ccccc2,0.84509804
tac,CN(C)C1[C@@H]2C[C@H]3C(=C(O)c4c(O)cccc4[C@@]3(C)O)C(=O)[C@]2(O)C(=O)\C(=C(N)\O)C1=O,0.84509804
tannin,Oc1cc(cc(O)c1O)C(=O)Oc2cc(cc(O)c2O)C(=O)OC[C@H]3O[C@@H](OC(=O)c4cc(O)c(O)c(OC(=O)c5cc(O)c(O)c(O)c5)c4)[C@H](OC(=O)c6cc(O)c(O)c(OC(=O)c7cc(O)c(O)c(O)c7)c6)[C@@H](OC(=O)c8cc(O)c(O)c(OC(=O)c9cc(O)c(O)c(O)c9)c8)[C@@H]3OC(=O)c%10cc(O)c(O)c(OC(=O)c%11cc(O)c(O)c(O)c%11)c%10,0.84509804
dn,Cc1cc(cc(c1O)[N+]([O-])=O)[N+]([O-])=O,0.841984805
tegdme,COCCOCCOCCOC,0.841984805
monoglyme,COCCOC,0.839666557
thioethanol,CCS,0.839603729
benzyl_dichloride,ClC(Cl)c1ccccc1,0.838849091
ethyl_sulfide,CCSCC,0.838849091
phenyl_acetate,CC(=O)Oc1ccccc1,0.838849091
tcp,Oc1cc(Cl)c(Cl)cc1Cl,0.838849091
urethane,CCOC(N)=O,0.838849091
aniline,Nc1ccccc1,0.838219222
benzyl_chloride,ClCc1ccccc1,0.8359441
4-methyl-1_3-dioxolane,CC1COCO1,0.832508913
decanal,CCCCCCCCCC=O,0.832508913
1-nonanol,CCCCCCCCCO,0.830267801
methyl_benzoate,COC(=O)c1ccccc1,0.828659897
1_10-dichlorodecane,ClCCCCCCCCCCCl,0.824776462
benzoxazine,N1Oc2ccccc2C=C1,0.824776462
benzyl_bromide,BrCc1ccccc1,0.823343791
triacetin,CC(=O)OCC(COC(C)=O)OC(C)=O,0.822821645
1-chloropentane,CCCCCCl,0.819543936
gps,N[C@@H](CCC(=O)N[C@@H](CS[C@@H]1[C@@H](O)c2ccccc2c3ccccc13)C(=O)NCC(O)=O)C(O)=O,0.819543936
glycerol_triacetate,CC(=O)OCC(COC(C)=O)OC(C)=O,0.816572696
lactose,OCC1OC(OC2C(O)C(O)C(O)OC2CO)C(O)C(O)C1O,0.8162413
dibutyl_phthalate,CCCCOC(=O)c1ccccc1C(=O)OCCCC,0.810904281
heptylbenzene,CCCCCCCc1ccccc1,0.809222922
dbp,CCCCOC(=O)c1ccccc1C(=O)OCCCC,0.806179974
dpb,c1ccc(cc1)\C=C\C=C\c2ccccc2,0.806179974
cycloheptane,C1CCCCCC1,0.80109486
ethylamine,CCN,0.799340549
cbs,CC(=O)N[C@H]1[C@@H](O)O[C@H](CO)[C@@H](O[C@@H]2O[C@H](CO)[C@@H](O)[C@H](O)[C@H]2NC(C)=O)[C@@H]1O,0.795880017
2-methyltetrahydrofuran,CC1CCCO1,0.79518459
acetic_acid,CC(O)=O,0.792391689
aceticacid,CC(O)=O,0.792391689
c2d,Clc1ccc2scc(CNCCN3C(=CN=C(NCCc4ccccn4)C3=O)Cl)c2c1,0.792391689
ethanoic_acid,CC(O)=O,0.792391689
glacial_acetic_acid,CC(O)=O,0.792391689
methyl_propionate,CCC(=O)OC,0.792391689
1-iodobutane,CCCCI,0.790285164
missile,CCOC(=O)c1cn2nc(O[P](=S)(OCC)OCC)cc2nc1C,0.790285164
tic,[Cl].O=C(Nc1ccc(cc1)C2=NCCN2)c3ccc(cc3)C(=O)Nc4ccc(cc4)C5=NCCN5,0.786609473
1-chlorohexane,CCCCCCCl,0.785329835
acetic_ether,CCOC(C)=O,0.785329835
tricresyl_phosphate,Cc1ccc(O[P](=O)(Oc2ccc(C)cc2)Oc3ccc(C)cc3)cc1,0.785329835
ch3cooh,CCOO,0.784260583
methyl_propanoate,CCC(=O)OC,0.783739259
dox,[Cl-].COc1cccc2C(=O)c3c(O)c4C[C@](O)(C[C@H](O[C@H]5C[C@H](N)[C@H](O)[C@H](C)O5)c4c(O)c3C(=O)c12)C(=O)CO.[H+],0.782472624
ethyl_acetate,CCOC(C)=O,0.779596491
ethylacetate,CCOC(C)=O,0.779596491
diethyleneglycol-monobutylether_acetate,CCCCOCCOCCOC(C)=O,0.77815125
dimethylacetoacetamide,CC(C)C(=O)CC(N)=O,0.77815125
dipentyl_phthalate,CCCCCOC(=O)c1ccccc1C(=O)OCCCCC,0.77815125
dmc,CC(O)(c1ccc(Cl)cc1)c2ccc(Cl)cc2,0.77815125
ethyl_benzoate,CCOC(=O)c1ccccc1,0.77815125
gallic_acid,OC(=O)c1cc(O)c(O)c(O)c1,0.77815125
cpi,OC(=O)[C@@H]1CCCCN1,0.776701184
allyl_amine,NCC=C,0.774516966
isobutyl_benzoate,CC(C)COC(=O)c1ccccc1,0.770852012
n-allyl-n-methyl-p-nitroaniline,CN(CC=C)c1ccc(cc1)[N+]([O-])=O,0.770852012
piperidine,C1CCNCC1,0.770852012
quercetin,Oc1cc(O)c2C(=O)C(=C(Oc2c1)c3ccc(O)c(O)c3)O,0.770852012
tert-pentyl_alcohol,CCC(C)(C)O,0.764922985
2-dodecanol,CCCCCCCCCCC(C)O,0.763427994
diethylene_glycol_dimethyl_ether,COCCOCCOC,0.763427994
n-propylamine,CCCN,0.763427994
pada,CN(C)c1ccc(cc1)N=Nc2ccccn2,0.763427994
diethyl_sulfide,CCSCC,0.757396029
2-methyl-2-butanol,CCC(C)(C)O,0.756255649
dodecanol,CCCCCCCCCCCCO,0.755874856
et,CC[n+]1c2cc(N)ccc2c3ccc(N)cc3c1c4ccccc4,0.755874856
furan,o1cccc1,0.755874856
acrylate_glycidyl_methacrylate,CC(=C)C(=O)OCC1CO1.OC(=O)C=C,0.753583059
tetrahydropyran,C1CCOCC1,0.752816431
chlorobenzene,Clc1ccccc1,0.749813585
tropine,CN1C2CCC1CC(O)C2,0.749736316
iso_amyl_acetate,CC(C)CCOC(C)=O,0.748188027
tetrahydropyrane,C1CCOCC1,0.748188027
n-propyl_acetate,CCCOC(C)=O,0.741939078
propyl_ethanoate,CCCOC(C)=O,0.741939078
2-decanol,CCCCCCCCC(C)O,0.740362689
caffeic_acid,OC(=O)\C=C/c1ccc(O)c(O)c1,0.740362689
dioxane–acetonitrile,N#CCC1COCCO1,0.740362689
polyacrylonitrile,C=CC#N,0.740362689
tmba,CC(=O)N(CCCCN)C(C)=O,0.740362689
methyl_butyrate,CCCC(=O)OC,0.738780558
fluorobenzene,Fc1ccccc1,0.737987326
dioxan,C1COCCO1,0.733598461
bromobenzene,Brc1ccccc1,0.73239376
butylthioether,CCCCSCCCC,0.73239376
isoamyl_salicylate,CC(C)CCOC(=O)c1ccccc1O,0.73239376
isopropylamine,CC(C)N,0.73239376
phenylacetate,[O-]C(=O)Cc1ccccc1,0.73239376
1-pentanamine,CCCCCN,0.72916479
1-undecanol,CCCCCCCCCCCO,0.727541257
diisopropyl_adipate,CC(C)OC(=O)CCCCC(=O)OC(C)C,0.727541257
ethyl_phenylacetate,CCOC(=O)Cc1ccccc1,0.72427587
isoamyl_acetate,CC(C)CCOC(C)=O,0.72427587
rpa,CC(C)=C/C=C/C(C)=C/C=C/C(C)=C/C=C/C(CO)=C/C=C/C=C(C)/C=C/C=C(C)/C=C/C=C(C)/CCCC(C)(C)O[C@@H]1O[C@H](CO)[C@@H](O)[C@H](O)[C@H]1O,0.72427587
glycine,NCC(O)=O,0.716003344
mbba,CCCCc1ccc(cc1)N=Cc2ccc(OC)cc2,0.716003344
benzylamine,NCc1ccccc1,0.71432976
c–c,CC,0.713687569
amyl_benzoate,CCCCCOC(=O)c1ccccc1,0.707570176
butyl_lactate,CCCCOC(=O)C(C)O,0.707570176
dioctyl_phthalate,CCCCCCCCOC(=O)c1ccccc1C(=O)OCCCCCCCC,0.707570176
dioctylphthalate,CCCCCCCCOC(=O)c1ccccc1C(=O)OCCCCCCCC,0.707570176
dop,CCCCC(CC)COC(=O)c1ccccc1C(=O)OCC(CC)CCCC,0.707570176
ethyl_butyrate,CCCC(=O)OCC,0.707570176
thiol–ene,C1CC=[SH]C1,0.707570176
cyclohexyl_acetate,CC(=O)OC1CCCCC1,0.705863712
butyl_acetate,CCCCOC(C)=O,0.705007959
pentyl_benzoate,CCCCCOC(=O)c1ccccc1,0.705007959
1-chloronaphthalene,Clc1cccc2ccccc12,0.702430536
isobutyl_acetate,CC(C)COC(C)=O,0.702344358
ethyl_acryl_ate,CCOC(=O)C=C,0.700703717
n-butyl_acetate,CCCCOC(C)=O,0.700703717
ibuprofen,CC(C)Cc1ccc(cc1)C(C)C(O)=O,0.699404082
1-butylamine,CCCCN,0.698970004
acrylate_1_6-hexanediol_diacrylate,OCCCCCCO.OC(=O)C=C.OC(=O)C=C.OC(=O)C=C,0.698970004
ametryn,CCNc1nc(NC(C)C)nc(SC)n1,0.698970004
butyl-acetate,CCCCOC(C)=O,0.698970004
deha,CCCCC(CC)COC(=O)CCCCC(=O)OCC(CC)CCCC,0.698970004
dhp,CCCCCCCCCCC1=C(O)NC(=O)C1=O,0.698970004
dopp,CCCCCCCCO[P](=O)(OCCCCCCCC)c1ccccc1,0.698970004
thz,s1cnc2ccccc12,0.698970004
vinyl_acetate,CC(=O)OC=C,0.698970004
water-octanol,O.CCCCCCCCO,0.698970004
butyl_ethanoate,CCCCOC(C)=O,0.698100546
1-dodecanol,CCCCCCCCCCCCO,0.695919253
1-butanamine,CCCCN,0.69019608
2-furoylfluoride_chloroform,FC(=O)c1occc1.ClC(Cl)Cl,0.69019608
arlacel_83,CCCCCCCC\C=C/CCCCCCCC(O)=O.CCCCCCCC\C=C/CCCCCCCC(O)=O.CCCCCCCC\C=C/CCCCCCCC(O)=O.OC[C@H](O)[C@@H](O)[C@H](O)[C@H](O)CO.OC[C@H](O)[C@@H](O)[C@H](O)[C@H](O)CO,0.69019608
arylamine,Nc1ccccc1,0.69019608
bromoethane,CCBr,0.69019608
span_80,CCCCCCCC\C=C/CCCCCCCC(=O)OC[C@@H](O)[C@H]1OC[C@H](O)[C@H]1O,0.69019608
pentyl_cinnamate,CCCCCOC(=O)C=Cc1ccccc1,0.689308859
butyl_propionate,CCCCOC(=O)CC,0.684845362
3-phenylpropanal,O=CCCc1ccccc1,0.681241237
amyl_acetate,CCCCCOC(C)=O,0.681241237
benzyl_benzoate,O=C(OCc1ccccc1)c2ccccc2,0.681241237
dbs,Oc1ccc(Br)cc1C(=O)C(=O)c2cc(Br)ccc2O,0.681241237
tris2-ethylhexylphosphate,CCCCC(CC)CO[P](=O)(OCC(CC)CCCC)OCC(CC)CCCC,0.681241237
taurine,NCC[S](O)(=O)=O,0.679427897
phenyl_propanoate,CCC(=O)Oc1ccccc1,0.678518379
atorvastatin,CC(C)c1n(CC[C@@H](O)C[C@@H](O)CC(O)=O)c(c2ccc(F)cc2)c(c3ccccc3)c1C(=O)Nc4ccccc4,0.677606953
1_2-dibromoethane,BrCCBr,0.67669361
cyclohexylamine,NC1CCCCC1,0.674861141
pentyl_ethanoate,CCCCCOC(C)=O,0.674833595
c60,CCCCNC(=O)[C@@H](CC(=O)[C@H](CC1CCCCC1)NC(=O)[C@H](Cc2[nH]cnc2)NC(=O)[C@H](Cc3ccccc3)C[S](=O)(=O)C(C)(C)C)C(C)C,0.671635597
1-pentanethiol,CCCCCS,0.669316881
polysorbate_80,CCCCCCCC/C=C/CCCCCCCC(=O)OCCOCC(OCCO)C1OCC(OCCO)C1OCCO,0.669316881
phenanthrene,c1ccc2c(c1)ccc3ccccc23,0.665111737
butylamine,CCCCN,0.664641976
oil_red_o,O=C\1C=Cc2ccccc2C1=N/Nc3ccc(cc3)N=Nc4ccccc4,0.663700925
iodobenzene,Ic1ccccc1,0.661812686
1-chloro-n-decane,CCCCCCCCCCCl,0.660865478
thioanisole,CSc1ccccc1,0.657055853
2-amino-5-chloropyridine,Nc1ccc(Cl)cn1,0.653212514
chlorodecane,CCCCCCCCCCCl,0.653212514
di-octyl_terephthalate,CCCCCCCCOC(=O)c1ccc(cc1)C(=O)OCCCCCCCC,0.653212514
dibutyl_sebacate,CCCCOC(=O)CCCCCCCCC(=O)OCCCC,0.653212514
dioctyl_terephthalate,CCCCCCCCOC(=O)c1ccc(cc1)C(=O)OCCCCCCCC,0.653212514
tri-n-butyl_phosphate,CCCCO[P](=O)(OCCCC)OCCCC,0.653212514
phenyl_butanoate,CCCC(=O)Oc1ccccc1,0.651278014
isobutylamine,CC(C)CN,0.643452676
isobutyl_isobutyrate,CC(C)COC(=O)C(C)C,0.64246452
1-hexanethiol,CCCCCCS,0.63748973
ethyl_ether,CCOCC,0.63748973
ethylether,CCOCC,0.63748973
ether,CCOCC,0.636989102
tert-butylamine,CC(C)(C)N,0.63447727
anisol,COc1ccccc1,0.633468456
anisole,COc1ccccc1,0.633468456
benzylethylamine,NCCCc1ccccc1,0.633468456
c2h5–o–c2h5,CCO,0.633468456
diethyl_ether,CCOCC,0.633468456
diethylether,CCOCC,0.633468456
mox,CO[C@](NC(=O)[C@@H](C(O)=O)c1ccc(O)cc1)([C@H]2OCC(=C)C(=N2)C(O)=O)C(O)=O,0.633468456
phenyl_pentanoate,CCCCC(=O)Oc1ccccc1,0.633468456
thiophenol,Sc1ccccc1,0.630712565
dee,CCOC(=O)c1c(C)[nH]nc1C,0.630427875
4-vinylphenol,Oc1ccc(C=C)cc1,0.62838893
c2h5oc2h5,CCO,0.627365857
di-ethyl_ether,CCOCC,0.627365857
tcnq,N#CC(C#N)=C1C=CC(C=C1)=C(C#N)C#N,0.626340367
ethyloctanoate,CCCCCCCC(=O)OCC,0.62324929
tris2-butoxy_ethylphosphate,CCCCOCCO[P](=O)(OCCOCCCC)OCCOCCCC,0.62324929
ethyl_phenyl_ether,CCOc1ccccc1,0.621176282
acetate,CC([O-])=O,0.620136055
1-tetradecanol,CCCCCCCCCCCCCCO,0.619093331
1-heptanethiol,CCCCCCCS,0.613841822
benzyl_salicylate,Oc1ccccc1C(=O)OCc2ccccc2,0.612783857
butylhexanoate,CCCCCC(=O)OCCCC,0.612783857
n-hexylamine,CCCCCCN,0.612783857
pcb,Clc1cc(Cl)c(Cl)c(Cl)c1Cl,0.612783857
sinapic_acid,COc1cc(/C=C/C(O)=O)cc(OC)c1O,0.612783857
dioctyl_sebacate,CCCCCCCCOC(=O)CCCCCCCCC(=O)OCCCCCCCC,0.603144373
dbe,COC(=O)CCCCC(=O)OC.COC(=O)CCCC(=O)OC.COC(=O)CCC(=O)OC,0.602059991
dibenzylether,C(OCc1ccccc1)c2ccccc2,0.602059991
dodecan-4-ol,CCCCCCCCC(O)CCC,0.602059991
fluorescein,Oc1ccc2c(Oc3cc(O)ccc3C24OC(=O)c5ccccc45)c1,0.602059991
premix,[Cl-].C[N+](C)(C)CCCl,0.602059991
salvinorin_a,COC(=O)C1CC(OC(C)=O)C(=O)[C@H]2C1(C)CC[C@H]3C(=O)O[C@@H](CC23C)c4cocc4,0.602059991
sulfoxide,CCCCCCCC[S](=O)C(C)Cc1ccc2OCOc2c1,0.602059991
methylanisole,COc1ccccc1C,0.600972896
ep,C[C@H]1CCC[C@H]2O[C@H]2C[C@H](OC(=O)C[C@H](O)C(C)(C)C(=O)[C@H](C)[C@H]1O)\C(C)=C\c3csc(C)n3,0.599883072
1-octanethiol,CCCCCCCCS,0.596597096
pema,O.CCC(C(N)=O)(C(N)=O)c1ccccc1,0.593839661
n-benzyl-2-methyl-4-nitroaniline,Cc1cc(ccc1NCc2ccccc2)[N+]([O-])=O,0.591287265
doa,CCCCC(CC)COC(=O)CCCCC(=O)OCC(CC)CCCC,0.591064607
dpe,ClC(Cl)(Cl)C(c1ccccc1)c2ccccc2,0.591064607
isopropyl_ether,CC(C)OC(C)C,0.591064607
pentacene,c1ccc2cc3cc4cc5ccccc5cc4cc3cc2c1,0.591064607
tbc,Nc1ncnc2n(ccc12)C3OC(CO)C(O)C3O,0.590507462
benzyl_ether,C(OCc1ccccc1)c2ccccc2,0.586587305
isopropylether,CC(C)OC(C)C,0.584896344
1-decanethiol,CCCCCCCCCCS,0.584331224
tetraline,C1CCc2ccccc2C1,0.583198774
dibenzyl_ether,C(OCc1ccccc1)c2ccccc2,0.582177038
diphenyl_ether,O(c1ccccc1)c2ccccc2,0.581266805
diisopropylether,CC(C)OC(C)C,0.580924976
oleyl_alcohol,CCCCCCCC\C=C/CCCCCCCCO,0.579783597
dio,C1COCCO1,0.574031268
butyl_phenyl_ether,CCCCOc1ccccc1,0.572174314
diphenylether,O(c1ccccc1)c2ccccc2,0.571708832
1-pentadecanol,CCCCCCCCCCCCCCCO,0.57054294
acrylate_trimethylolpropane_triacrylate,CCC(CO)(CO)CO.OC(=O)C=C.OC(=O)C=C.OC(=O)C=C.OC(=O)C=C,0.56937391
1-chloro-n-hexadecane,CCCCCCCCCCCCCCCCCl,0.568201724
di-isopropyl_ether,CC(C)OC(C)C,0.568201724
epoxy_resin,CC(C)(c1ccc(O)cc1)c2ccc(O)cc2.OC(=O)C=C.ClCC3CO3,0.568201724
tpp,Cc1ncc(C[n+]2csc(CCO[P](O)(=O)O[P](O)(O)=O)c2C)c(N)n1,0.568201724
octylamine,CCCCCCCCN,0.567026366
tetracene,c1ccc2cc3cc4ccccc4cc3cc2c1,0.567026366
badge,CC(C)(c1ccc(OCC2CO2)cc1)c3ccc(OCC4CO4)cc3,0.556302501
butyl_ether,CCCCOCCCC,0.556302501
diethylamine,CCNCC,0.556302501
eicosylamine,CCCCCCCCCCCCCCCCCCCCN,0.556302501
pmda,O=C1OC(=O)c2cc3C(=O)OC(=O)c3cc12,0.556302501
poly4-vinylphenol,CCc1ccc(O)cc1,0.556302501
2-propanol–toluene,CC(C)O.Cc1ccccc1,0.555094449
diisopropyl_ether,CC(C)OC(C)C,0.555094449
n-octylamine,CCCCCCCCN,0.553883027
dibromoethane,CC(Br)Br,0.553276046
1-hexadecanol,CCCCCCCCCCCCCCCCO,0.551449998
bismaleimide,O=C1C=CC(=O)N1c2ccc(Cc3ccc(cc3)N4C(=O)C=CC4=O)cc2,0.550228353
1-hexanamine,CCCCCCN,0.547774705
perylene,c1cc2cccc3c4cccc5cccc(c(c1)c23)c45,0.547159121
dea,OCCNCCO,0.546542663
2-methylamino-5-chlorobenzophenone,CNc1ccc(Cl)cc1C(=O)c2ccccc2,0.544068044
acrylonitrile_butadiene_styrene,C=CC=C.C=CC#N.C=Cc1ccccc1,0.544068044
atrazine,CCNc1nc(Cl)nc(NC(C)C)n1,0.544068044
hydrazide,NNC(=O)c1ccncc1,0.544068044
lpa,OC(=O)CCCC[C@@H]1CCSS1,0.544068044
peceol,CCCCCCCC\C=C/CCCCCCCC(=O)OCC(O)CO,0.544068044
pyromellitic_dianhydride,O=C1OC(=O)c2cc3C(=O)OC(=O)c3cc12,0.544068044
tuftsin,C[C@@H](O)[C@H](N)C(=O)N[C@@H](CCCCN)C(=O)N1CCC[C@H]1C(=O)N[C@@H](CCCN=C(N)N)C(O)=O.CC(O)=O.CC(O)=O,0.544068044
dibenzylamine,C(NCc1ccccc1)c2ccccc2,0.537315273
1-heptylamine,CCCCCCCN,0.534026106
1_1_1_trichloroethane,CC(Cl)(Cl)Cl,0.531478917
1_1_2-trichloro-ethane,ClCC(Cl)Cl,0.531478917
behenic_acid,CCCCCCCCCCCCCCCCCCCCCC(O)=O,0.531478917
labrafil,CCCCCCCCCCCCCCCCCC(O)=O.CCCCCCCCCCCCCCCC(O)=O.OCCOCC(COCCO)OCCO,0.531478917
naphthalene,c1ccc2ccccc2c1,0.531478917
trichloroethane,CC(Cl)(Cl)Cl,0.531478917
din-propyl_ether,CCCOCCC,0.530199698
2_6-dichlorotoluene,Cc1c(Cl)cccc1Cl,0.526339277
dipropyl_ether,CCCOCCC,0.523746467
n-hexane–chloroform,CCCCCC.ClC(Cl)Cl,0.519827994
1-octanamine,CCCCCCCCN,0.51851394
diglycidyl_ether_of_bisphenol_a,CC(C)(c1ccc(OCC2CO2)cc1)c3ccc(OCC4CO4)cc3,0.51851394
phenyl_laurate,CCCCCCCCCCCC(=O)Oc1ccccc1,0.515873844
isopropyl_myristate,CCCCCCCCCCCCCC(=O)OC(C)C,0.511214701
dpa,c1ccc(cc1)c2c3ccccc3c(c4ccccc4)c5ccccc25,0.509874285
glycerol_trioleate,CCCCCCCC\C=C/CCCCCCCC(=O)OCC(COC(=O)CCCCCCC\C=C/CCCCCCCC)OC(=O)CCCCCCC\C=C/CCCCCCCC,0.506505032
1-propanoic_acid,CCC(O)=O,0.505149978
chrysene,c1ccc2c(c1)ccc3c4ccccc4ccc23,0.505149978
octanethiol,CCCCCCCCS,0.505149978
phenyl,c1ccccc1,0.505149978
propanoic_acid,CCC(O)=O,0.505149978
triolein,CCCCCCCC\C=C/CCCCCCCC(=O)OCC(COC(=O)CCCCCCC\C=C/CCCCCCCC)OC(=O)CCCCCCC\C=C/CCCCCCCC,0.505149978
apollo,Clc1ccccc1c2nnc(nn2)c3ccccc3Cl,0.50242712
ma,C[C@]1(O)CC[C@H]2[C@@H]3CCC4=CC(=O)C=C[C@]4(C)[C@H]3CC[C@]12C,0.498310554
propionic_acid,CCC(O)=O,0.498310554
di-n-propylamine,CCCNCCC,0.495544338
glycerol_tripalmitate,CCCCCCCCCCCCCCCC(=O)OCC(COC(=O)CCCCCCCCCCCCCCC)OC(=O)CCCCCCCCCCCCCCC,0.494154594
dtab,[Br-].CCCCCCCCCCCC[N+](C)(C)C,0.493458051
dipentyl_ether,CCCCCOCCCCC,0.491361694
gma,N[C@H](CCC(O)=O)C(N)=O,0.491361694
oleylamine,CCCCCCCC\C=C/CCCCCCCCN,0.491361694
planum,CN1C(=O)C(O)N=C(c2ccccc2)c3cc(Cl)ccc13,0.491361694
polycarbonate,CC(C)(c1ccc(O)cc1)c2ccc(O)cc2,0.491361694
polysulphone,CC(C)(c1ccc(O)cc1)c2ccc(O)cc2.Oc3ccc(cc3)[S](=O)(=O)c4ccc(O)cc4,0.491361694
dibutylether,CCCCOCCCC,0.488550717
ethyl_palmitate,CCCCCCCCCCCCCCCC(=O)OCC,0.487138375
dibutyl_ether,CCCCOCCCC,0.484299839
din-butyl_ether,CCCCOCCCC,0.484299839
fluorene,C1c2ccccc2c3ccccc13,0.484299839
2-methylimidazole,Cc1[nH]ccn1,0.482873584
1-heptanoic_acid,CCCCCCC(O)=O,0.481442629
9-methylanthracene,Cc1c2ccccc2cc3ccccc13,0.480006943
glycerol_tristearate,CCCCCCCCCCCCCCCCCC(=O)OCC(COC(=O)CCCCCCCCCCCCCCCCC)OC(=O)CCCCCCCCCCCCCCCCC,0.480006943
dansyl,CN(C)c1cccc2c1cccc2[S](Cl)(=O)=O,0.477121255
dipalmitoylphosphatidylcholine,CCCCCCCCCCCCCCCC(=O)OC[C@H](CO[P]([O-])(=O)OCC[N+](C)(C)C)OC(=O)CCCCCCCCCCCCCCC,0.477121255
ellagic_acid,Oc1cc2C(=O)Oc3c(O)c(O)cc4C(=O)Oc(c1O)c2c34,0.477121255
glutamic_acid,N[C@@H](CCC(O)=O)C(O)=O,0.477121255
mpd,C[C@H](O)CC(C)(C)O,0.477121255
plurol_oleique,OCC(O)CCCCCCCCC\C=C/CCCC(CC(O)CO)C(CC(O)CO)C(CC(O)CO)C(CC(O)CO)C(=O)OCC(O)CO,0.477121255
polycaprolactam,CCCCCC(N)=O,0.477121255
polysulfone,CC(C)(c1ccc(O)cc1)c2ccc(O)cc2.Oc3ccc(cc3)[S](=O)(=O)c4ccc(O)cc4,0.477121255
tyrosine,N[C@@H](Cc1ccc(O)cc1)C(O)=O,0.477121255
salicylic_acid,OC(=O)c1ccccc1O,0.475671188
anthracene,c1ccc2cc3ccccc3cc2c1,0.47348697
dipropylamine,CCCNCCC,0.465828815
cyclopentadienone,O=C1C=CC=C1,0.462397998
ethyl_methyl_carbonate,CCOC(=O)OC,0.462397998
ethylmethyl_carbonate,CCCOC([O-])=O,0.462397998
methyl_ethyl_carbonate,CCOC(=O)OC,0.462397998
l-lysine,NCCCC[C@H](N)C(O)=O,0.460897843
1-butanoic_acid,CCCC(O)=O,0.459392488
octanoic_acid,CCCCCCCC(O)=O,0.45484486
1-methylnaphthalene,Cc1cccc2ccccc12,0.454463733
1-hexanoic_acid,CCCCCC(O)=O,0.450249108
1-octanoic_acid,CCCCCCCC(O)=O,0.450249108
diethyl_carbonate,CCOC(=O)OCC,0.450249108
dec,C1CCC2CCCCC2C1,0.449092531
acetaminophen,CC(=O)Nc1ccc(O)cc1,0.447158031
benzoxazole,o1cnc2ccccc12,0.447158031
diethylcarbonate,CCOC(=O)OCC,0.447158031
styrene-butadiene,C=CC=C.C=Cc1ccccc1,0.447158031
terpineol,CC(=C)C1CCC(C)(O)CC1.CC2=CCC(CC2)C(C)(C)O,0.447158031
tritolyl_phosphate,Cc1ccccc1O[P](=O)(Oc2ccccc2C)Oc3ccccc3C,0.444044796
mdea,CN(CCO)CCO,0.442479769
phthalic_anhydride,O=C1OC(=O)c2ccccc12,0.442479769
tetralin,C1CCc2ccccc2C1,0.442479769
din-pentyl_ether,CCCCCOCCCCC,0.436162647
tetrahydronaphthalene,C1CCc2ccccc2C1,0.436162647
thiophene,s1cccc1,0.435685138
bromodiphenylmethane,BrC(c1ccccc1)c2ccccc2,0.432969291
dimethyl,CC,0.431363764
dmm,CC(CCC(C)O[S](C)(=O)=O)O[S](C)(=O)=O,0.431363764
isoprene,CC(=C)C=C,0.431363764
pentanoic_acid,CCCCC(O)=O,0.42975228
msq,COc1cc2ncnc(Nc3cccc(SC)c3)c2cc1OC,0.427323786
cyanine,[Cl-].Nc1ccc2nc3ccc(N)cc3[s+]c2c1,0.426511261
propylamine,CCCN,0.426104428
1-pentanoic_acid,CCCCC(O)=O,0.424881637
valeric_acid,CCCCC(O)=O,0.424881637
vinyon,CC(=O)OC=C.ClC=C,0.423245874
propylene,CC=C,0.421603927
allylbenzene,C=CCc1ccccc1,0.419955748
benzocyclobutene,C1Cc2ccccc12,0.419129308
benzocyclobutane,C1Cc2ccccc12,0.416640507
mpmp,CN1CCCC(C1)CN2c3ccccc3Sc4ccccc24,0.416640507
1_3-diisopropenyl_benzene,CC(=C)c1cccc(c1)C(C)=C,0.414973348
ascorbic_acid,OCC(O)C1OC(=C(O)C1=O)O,0.414973348
ddt,Clc1ccc(cc1)C(c2ccc(Cl)cc2)C(Cl)(Cl)Cl,0.414973348
diamantane,C1C2CC3C4CC5CC(C14)C(C2)C3C5,0.414973348
isobutyric_acid,CC(C)C(O)=O,0.414973348
polystyrene,C=Cc1ccccc1,0.414973348
squalene,CC(C)=CCC\C(C)=C\CC\C(C)=C\CC\C=C(/C)CC\C=C(/C)CCC=C(C)C,0.414973348
trioctylphosphine_oxide,CCCCCCCC[P](=O)(CCCCCCCC)CCCCCCCC,0.414973348
heptanoic_acid,CCCCCCC(O)=O,0.413299764
o-xylene,Cc1ccccc1C,0.406710459
aldehyde,CC=O,0.40654018
l-asparagine,N[C@@H](CC(N)=O)C(O)=O,0.40654018
din,Oc1ccc2c(O)cccc2c1,0.404833717
adamantane,C1C2CC3CC1CC(C2)C3,0.403120521
biphenyl,c1ccc(cc1)c2ccccc2,0.402261382
arachidic_acid,CCCCCCCCCCCCCCCCCCCC(O)=O,0.397940009
dl-aspartic_acid,NC(CC(O)=O)C(O)=O,0.397940009
oleic_acid,CCCCCCCC\C=C/CCCCCCCC(O)=O,0.397940009
styrofoam,CC(C)c1ccccc1,0.397940009
ttc,[Cl-].c1ccc(cc1)n2nc(n[n+]2c3ccccc3)c4ccccc4,0.397940009
l-aspartic_acid,N[C@@H](CC(O)=O)C(O)=O,0.394451681
norbornane,C1CC2CCC1C2,0.394451681
styrene,C=Cc1ccccc1,0.392696953
ethylbenzene,CCc1ccccc1,0.388509715
ethyl_benzene,CCc1ccccc1,0.388456453
hexamethylene_diamine,NCCCCCCN,0.383815366
tri-ethylamine,CCN(CC)CC,0.383815366
triethylamine,CCN(CC)CC,0.383815366
teta,NCCNCCNCCN,0.383456297
hydroxy-l-proline,ON1CCC[C@H]1C(O)=O,0.382017043
1_2-xylene,Cc1ccccc1C,0.380211242
cumene,CC(C)c1ccccc1,0.380211242
decanethiol,CCCCCCCCCCS,0.380211242
mbn,Cc1ccccc1,0.380211242
pseudocumene,Cc1ccc(C)c(C)c1,0.380211242
thymine,CC1=CNC(=O)NC1=O,0.380211242
tol,COc1ccc2c(cccc2c1C(F)(F)F)C(=S)N(C)CC(O)=O,0.380211242
triethyl_amine,CCN(CC)CC,0.380211242
nicotine,CN1CCC[C@H]1c2cccnc2,0.377306251
isopropylbenzene,CC(C)c1ccccc1,0.376668186
1_2_4-trimethylbenzene,Cc1ccc(C)c(C)c1,0.376576957
l-proline,OC(=O)[C@@H]1CCCN1,0.376576957
methylbenzene,Cc1ccccc1,0.376576957
toluene,Cc1ccccc1,0.376576957
trimethylbenzene,Cc1cccc(C)c1C,0.376576957
propylbenzene,CCCc1ccccc1,0.374748346
diethylbenzene,CCc1ccccc1CC,0.374565061
1-tridecanol,CCCCCCCCCCCCCO,0.373831145
d-limonene,CC(=C)C1CCC(=CC1)C,0.372912003
m-xylene,Cc1cccc(C)c1,0.372912003
propyl_benzene,CCCc1ccccc1,0.372912003
butylbenzene,CCCCc1ccccc1,0.372727941
tert-butyl_benzene,CC(C)(C)c1ccccc1,0.372727941
p-cymene,CC(C)c1ccc(C)cc1,0.369215857
phenethylammonium,[NH3+]CCc1ccccc1,0.369215857
limonene,CC(=C)C1CCC(=CC1)C,0.368714459
xylenes,CCc1ccccc1.Cc2ccc(C)cc2.Cc3cccc(C)c3.Cc4ccccc4C,0.366422957
isobutylbenzene,CC(C)Cc1ccccc1,0.365113432
nylon_6,CCCCCC(N)=O,0.361727836
dda,Nc1ncnc2n(cnc12)[C@H]3CC[C@@H](CO)O3,0.36078269
4-ma,CCN(CC)C(=O)[C@H]1CCC2C3CC[C@H]4N(C)C(=O)CCC4(C)C3CCC12C,0.359835482
perhydrofluorene,C1CCC2C(C1)CC3CCCCC23,0.358125285
benzene,c1ccccc1,0.357934847
isopropenylbenzene,CC(=C)c1ccccc1,0.357934847
xylene,Cc1ccccc1C,0.357934847
mesitylene,Cc1cc(C)cc(C)c1,0.357839597
1_3_5-trimethylbenzene,Cc1cc(C)cc(C)c1,0.357744325
p-xylene,Cc1ccc(C)cc1,0.356025857
1-phenyloctane,CCCCCCCCc1ccccc1,0.354108439
octylbenzene,CCCCCCCCc1ccccc1,0.354108439
phenyloctane,CCCCCCCCc1ccccc1,0.354108439
polyisobutylene,CC(C)=C,0.352182518
1_2_4-trichlorobenzene,Clc1ccc(Cl)c(Cl)c1,0.350248018
dimethyladamantane,CC1C2CC3CC(C2)CC1(C)C3,0.344785123
1_4-dioxan,C1COCCO1,0.344392274
1_4-dioxane,C1COCCO1,0.344392274
cis-decalin,C1CC[C@@H]2CCCC[C@@H]2C1,0.344392274
dioxane,C1COCCO1,0.344392274
dmo,CC1(C)OC(=O)NC1=O,0.344392274
p-dioxane,C1COCCO1,0.344392274
decalin,C1CCC2CCCCC2C1,0.342422681
decaline,C1CCC2CCCCC2C1,0.342422681
diacetamide,CC(=O)NC(C)=O,0.342422681
dph,C[C@@H](Cc1ccccc1)C(N)=O,0.342422681
n-pentadecane,CCCCCCCCCCCCCCC,0.342422681
tcd,Clc1cnc(Oc2ccc(Oc3ncc(Cl)cc3Cl)cc2)c(Cl)c1,0.342422681
trans-decalin,C1CC[C@@H]2CCCC[C@H]2C1,0.342422681
decahydronaphthalene,C1CCC2CCCCC2C1,0.341830057
cyclodecane,C1CCCCCCCCC1,0.340642378
cyclohexene,C1CCC=CC1,0.340047318
padma,COC(Cc1ccccc1)OC,0.338456494
n-octanoic_acid,CCCCCCCC(O)=O,0.336459734
cyclooctene,C1CCCC=CCC1,0.335056519
dhn,[Na+].CC(=O)[C-]1C(=O)OC(=CC1=O)C,0.333245699
1-eicosanol,CCCCCCCCCCCCCCCCCCCCO,0.331548761
cyclooctane,C1CCCCCCC1,0.326335861
pentol,CCCCCCCC/C=C/CCCCCCCC(=O)OCC(CO)(CO)COC(=O)CCCCCCC\C=C\CCCCCCCC,0.326335861
mpa,COc1c(C)c2COC(=O)c2c(O)c1C\C=C(C)\CCC(O)=O,0.322632712
bcn,OCCN(CCO)CC(O)=O,0.322219295
isohexadecane,CCCCCCCCCCCCCC(C)C,0.322219295
norbornene,C1CC2CC1C=C2,0.322219295
polypropylene,CC=C,0.322219295
trioctylamine,CCCCCCCCN(CCCCCCCC)CCCCCCCC,0.322219295
1-octene,CCCCCCC=C,0.31827208
undecane,CCCCCCCCCCC,0.315970345
heptadecane,CCCCCCCCCCCCCCCCC,0.31386722
n-hexadecane,CCCCCCCCCCCCCCCC,0.311753861
pentadecane,CCCCCCCCCCCCCCC,0.310587115
n-tetradecan,CCCCCCCCCCCCCC,0.308948386
mch,CC1=CC(=O)CCC1,0.307496038
tetradecane,CCCCCCCCCCCCCC,0.307496038
tridecane,CCCCCCCCCCCCC,0.307496038
cyclohexane,C1CCCCC1,0.305351369
methylcyclohexane,CC1CCCCC1,0.305351369
dodecane,CCCCCCCCCCCC,0.303196057
n-dodecane,CCCCCCCCCCCC,0.303196057
acetone–hexane,CCCCCC.CC(C)=O,0.301029996
arginine,N[C@@H](CCCNC(N)=N)C(O)=O,0.301029996
aspartic_acid,N[C@@H](CC(O)=O)C(O)=O,0.301029996
chx,C1CCCCC1,0.301029996
decane,CCCCCCCCCC,0.301029996
decanol_cyclohexane,CCCCCCCCCCO.C1CCCCC1,0.301029996
hexadecane,CCCCCCCCCCCCCCCC,0.301029996
iso-dodecane,CCCCCCCCCC(C)C,0.301029996
pco,CC(C)(CO)[C@@H](O)C(=O)NCCC(=O)N\C=C/S,0.301029996
phenazine,c1ccc2nc3ccccc3nc2c1,0.301029996
xylol,Cc1ccccc1C,0.301029996
nonane,CCCCCCCCC,0.298853076
n-decane,CCCCCCCCCC,0.297760511
i-decane,CCCCCCCC(C)C,0.29666519
linalool,CC(C)=CCCC(C)(O)C=C,0.29666519
isopentane,CCC(C)C,0.2955671
n-tetradecane,CCCCCCCCCCCCCC,0.2955671
n-nonane,CCCCCCCCC,0.294906911
cyclopentane,C1CCCC1,0.293362555
carbon_nitride,NCCN,0.290034611
octane,CCCCCCCC,0.290034611
2_2_4-trimethylpentane,CC(C)CC(C)(C)C,0.28780173
iso-octane,CCCCCC(C)C,0.28780173
isooctane,CCCCCC(C)C,0.28780173
ethane,CC,0.285557309
n-octane,CCCCCCCC,0.283527365
2-furoylfluoride_heptane,CCCCCCC.FC(=O)c1occc1,0.283301229
heptane,CCCCCCC,0.283301229
n-heptane,CCCCCCC,0.283301229
c2h6,CC,0.282622113
3-methylpentane,CCC(C)CC,0.278753601
heptan,CCCCCCC,0.278753601
hexane,CCCCCC,0.276461804
iso-hexane,CCCC(C)C,0.276461804
n-hexane,CCCCCC,0.276461804
phema,CC(=C)C(=O)OCCO,0.275196142
hexane-methanol,CO.CCCCCC,0.274157849
hexanes,CCCCCC,0.274157849
polybutene,CCC=C.C\C=C\C,0.273001272
n-pentane,CCCCC,0.264817823
pentane,CCCCC,0.264817823
dioctylcyclohexane,CCCCCCCCC1(CCCCCCCC)CCCCC1,0.255272505
2_2-dimethylpropane,CC(C)(C)C,0.250420002
1-nonanoic_acid,CCCCCCCCC(O)=O,0.235528447
n-butane,CCCC,0.230448921
citral,CC(C)=CCCC(C)=CC=O,0.204119983
morin,Oc1ccc(c(O)c1)C2=C(O)C(=O)c3c(O)cc(O)cc3O2,0.204119983
prolate,CO[P](=S)(OC)SCN1C(=O)c2ccccc2C1=O,0.204119983
butanoic_acid,CCCC(O)=O,0.176380692
[methionine],CSCC[C@H](N)C(O)=O,0.176091259
propane,CCC,0.176091259
meo,COC1CCN(CC1)C2CC(OC(C)C2O)OC3c4c(O)c5C(=O)c6c(OC)cccc6C(=O)c5c(O)c4CCC3(O)C(C)=O,0.174016172
ctc,CN(C)[C@H]1[C@@H]2C[C@H]3C(=C(O)c4c(O)ccc(Cl)c4[C@@]3(C)O)C(=O)[C@]2(O)C(=O)\C(=C(N)\O)C1=O,0.163727736
kaempferol,Oc1ccc(cc1)C2=C(O)C(=O)c3c(O)cc(O)cc3O2,0.141449773
spurr,CC(C)CC(C)/C=C/CC1CC(=O)OC1=O.C(COCC2CO2)COCC3CO3.C4CC5OC5CC4C6CO6,0.117271296
egmpe,OCCOc1ccccc1,0.101747074
rhodamine_6g,[Cl-].CCNc1cc2[o+]c3cc(NCC)c(C)cc3c(c2cc1C)c4ccccc4C(=O)OCC,0.079181246
doxo,CC(=O)OCC(=O)C1CCC2C3CCC4=CC(=O)CCC4(C)C3CCC12C,0.033423755
triphenylamine,c1ccc(cc1)N(c2ccccc2)c3ccccc3,0.021189299
dehp,CCCCC(CC)COC(=O)c1ccccc1C(=O)OCC(CC)CCCC,0
dfdt,Fc1ccc(cc1)C(c2ccc(F)cc2)C(Cl)(Cl)Cl,-0.37675071
1_3-dibromopropane,BrCCCBr,-0.462180905
