MOLECULE_NAME,SMILES,Dielectric_Constant
proline,OC(=O)[C@@H]1CCCN1,100
terephthalic_acid,OC(=O)c1ccc(cc1)C(O)=O,100
cbn,ClCC#CCOC(=O)Nc1cccc(Cl)c1,97
at_1420,Cc1ccc(cc1C[C@H](N)C(O)=O)N(CCCl)CCCl,96.5
ethylene_carbonate,O=C1OCCO1,89.6
cyclopentene,C1CC=CC1,85.5
diisopropylammonium_bromide,[Br-].CC(C)[NH2+]C(C)C,85
tmb,Cc1cc(cc(C)c1N)c2cc(C)c(N)c(C)c2,80.4
scopoletin,COc1cc2C=CC(=O)Oc2cc1O,80.16
thc,CCCCCc1cc(O)c2[C@@H]3C=C(C)CC[C@H]3C(C)(C)Oc2c1,80.1
ammp,COc1ccc(Cc2cc(N)nc(OC)n2)cc1,80
cysteine–arginine,N[C@@H](CS)C(O)=O.N[C@@H](CCCNC(N)=N)C(O)=O,80
phenolate,[O-]c1ccccc1,80
ron,CCC[C@H](N)C(O)=O,80
hepes,OCCN1CCN(CC1)CC[S](O)(=O)=O,79
histidine,N[C@@H](Cc1c[nH]cn1)C(O)=O,78.5
rhodamine,[Cl-].CCN(CC)c1ccc2c(c1)[o+]c3cc(ccc3c2c4ccccc4C(O)=O)N(CC)CC,78.5
tabun,CCO[P](=O)(C#N)N(C)C,78.4
barone,[Na+].CN(C[S]([O-])(=O)=O)C1=C(C)N(C)N(C1=O)c2ccccc2,78.39
bicalutamide,CC(O)(C[S](=O)(=O)c1ccc(F)cc1)C(=O)Nc2ccc(C#N)c(c2)C(F)(F)F,78.39
ketoconazole,CC(=O)N1CCN(CC1)c2ccc(OC[C@H]3CO[C@@](Cn4ccnc4)(O3)c5ccc(Cl)cc5Cl)cc2,78.36
4-ap,Nc1ccncc1,78.3
cyclone,O=C1C(=C(c2ccccc2)C(=C1c3ccccc3)c4ccccc4)c5ccccc5,78
n-methyl-oxazolidinone,CN1CCOC1=O,78
oxadiazole,o1ccnn1,78
thionine,s1cccccccc1,78
sodium_carboxymethyl_cellulose,[Na].CC(O)=O.OCC(O)C(O)C(O)C(O)C=O,77.7
tea,OCCN(CCO)CCO,77.66
3-methyloxazolidin-2-one,CN1CCOC1=O,77.5
dam,CC(=O)C(/C)=N/O,76.37
tam,NC(CCO)(CCO)CCO,76.31
2-methyl-2_4-pentanediol,CC(O)CC(C)(C)O,75
mai,C[C@@H](O)[C@@H](N)CCCN=C(N)N,75
maltose,OCC1OC(OC2C(O)C(O)C(O)OC2CO)C(O)C(O)C1O,73.785
cerebro,CCCCCCCCNC(C)C(O)c1ccc(SC(C)C)cc1,72.73
trehalose,OCC1OC(OC2OC(CO)C(O)C(O)C2O)C(O)C(O)C1O,72
dopamine,NCCc1ccc(O)c(O)c1,71.9
prc,Cc1ccc(NC(=O)c2cccnc2)cc1Nc3nccc(n3)c4cccnc4,69
gly,NCC(O)=O,67.6
butanamide,CCCC(N)=O,66.758
lysine,NCCCC[C@H](N)C(O)=O,66
brij_35,CCCCCCCCCCCCOCCO,65
propylene_carbonate,CC1COC(=O)O1,64.92
polyn-isopropylacrylamide,CC(C)NC(=O)C=C,63
defi,CCCN(CCC)C(=O)SCc1ccccc1,61
dimethylthianthrene,Cc1ccc2Sc3ccccc3Sc2c1C,60
quinoxaline,c1ccc2nccnc2c1,60
acetamide,CC(N)=O,59
pyridazine,c1ccnnc1,58.75
4_pa,OC(=O)CCC=C,58.5
spirolactone,CC(=O)S[C@@H]1CC2=CC(=O)CC[C@]2(C)[C@H]3CC[C@@]4(C)[C@@H](CC[C@@]45CCC(=O)O5)[C@H]13,57
mea,NCCS,55.04
nile_red,CCN(CC)c1ccc2N=C3C(=CC(=O)c4ccccc34)Oc2c1,55
1_2-butylene_carbonate,CCC1COC(=O)O1,54.45
butylene_carbonate,O=C1OCCCCO1,53
tz,s1ccnc1,53
dhap,OCC(=O)CO[P](O)(O)=O,52.7
lno,CC(C)C[C@H](N)C(=O)NO,52.5
alamine_336,CCCCCCCCN(CCCCCCCC)CCCCCCCC,50.554
2-fluorophenyl2-nitrophenyl_ether,[O-][N+](=O)c1c(Oc2cccc(c3ccccc3F)c2[N+]([O-])=O)cccc1c4ccccc4F,50
2-fluorophenyl_2-nitrophenyl_ether,[O-][N+](=O)c1ccccc1Oc2ccccc2F,50
tetraethylammonium_tetrafluoroborate,CC[N+](CC)(CC)CC.F[B-](F)(F)F,50
desal,N[S](=O)(=O)c1cc(C(O)=O)c(NCc2occc2)cc1Cl,47.5
2-furoylfluoride_dimethylsulfoxide,C[S](C)=O.FC(=O)c1occc1,46.7
abt,Nn1nnc2ccccc12,46.5
ald,CC(C)C[C@@H](CO)NC(=O)[C@H](CC(C)C)NC(=O)[C@H](CC(C)C)NC(=O)OCc1ccccc1,46.5
diclofenac_sodium,[Na+].[O-]C(=O)Cc1ccccc1Nc2c(Cl)cccc2Cl,46
sulfolan,O=[S]1(=O)CCCC1,43.65
diethanolamine,OCCNCCO,43.55
di-n-propylammonium_thiocyanate,CCC[NH2+]CCC.[S-]C#N,43.3
sulfolane,O=[S]1(=O)CCCC1,43.3
sulpholane,O=[S]1(=O)CCCC1,43.3
ethylene_glycerol,OCC(O)CO.C=C,42.5
glycerine,OCC(O)CO,42.5
glycerol,OCC(O)CO,42.5
carboxylate,CCCCCCCCCC1C[C@@H]2CC[C@H]3[C@H]([C@@H](C)N=C(N1)N23)C(=O)OC(C)CCCCC[C@@H]4C[C@@H]5CC[C@H]6C[C@@H](C)NC(=N4)N56,42.01
aa267,NC(CCO)c1ccc2ccccc2c1,42
eg,OCCO,41.4
ethylenglycol,OCCO,41.4
glycol,OCCO,41.2
2-oxazolidinone,O=C1NCCO1,41
ethyl_pyruvate,CCOC(=O)C(C)=O,41
furfural,O=Cc1occc1,41
ethane-1_2-diol,OCCO,40.7
1_2_3-triazole,[nH]1ccnn1,40.5
tetraethyleneglycol,OCCOCCOCCOCCO,40.2
meg,[Br-].NC([NH3+])=NCCS,40.05
1-butyl-3-methylimidazolium,CCCC[n+]1ccn(C)c1,40
stilbene,c1ccc(cc1)C=Cc2ccccc2,40
butyrolactone,O=C1CCCO1,39.98
gbl,O=C1CCCO1,39
ethane-1_2_diol,OCCO,38.66
ethyleneglycol,OCCO,38.335
1_2-ethanediol,OCCO,37.7
ethylene_glycol,OCCO,37.7
mono_ethylene_glycol,OCCO,37.7
dmi,CNCCCN1c2ccccc2CCc3ccccc13,37.6
acetonitril,CC#N,37.5
ethanenitrile,CC#N,37.5
mecn,CC#N,37.5
lys,NCCCCC(N)C(O)=O,37.45
edta,OC(=O)CN(CCN(CC(O)=O)CC(O)=O)CC(O)=O,37.2
ch3cn,CCN,37
glutaronitrile,N#CCCCC#N,37
triethyleneglycol,OCCOCCOCCO,36.7
acetonitrile,CC#N,36.64
acn,CC#N,36.64
dmpu,OCN1CCCN(CO)C1=O,36.1
sec-butylammonium_thiocyanate,CCC(C)[NH3+].[S-]C#N,36.1
cyclohexane_acetone,CC(C)=O.C1CCCCC1,36.001
3-methoxy-propionitrile,COCCC#N,36
3-methoxypropionitrile,COCCC#N,36
abts,[NH4+].[NH4+].CCN1/C(Sc2cc(ccc12)[S]([O-])(=O)=O)=N/N=C/3Sc4cc(ccc4N3CC)[S]([O-])(=O)=O,36
cetylpyridinium_chloride,[Cl-].CCCCCCCCCCCCCCCC[n+]1ccccc1,36
citric_acid,OC(=O)CC(O)(CC(O)=O)C(O)=O,36
gga,CC(C)=CCC\C(C)=C\CC\C(C)=C\CC\C(C)=C\CCC(C)=O,36
methoxyacetonitrile,COCC#N,36
1_4-dihydroxy-2-butanone,OCCC(=O)CO,35.59
1_3-propanediol,OCCCO,35
4am,CC(=O)N[C@@H]1[C@@H](N)C=C(O[C@H]1[C@H](O)[C@H](O)CO)C(O)=O,35
nitrobenzene,[O-][N+](=O)c1ccccc1,34.8
propane-1_3-diol,OCCCO,34.69
1-naphthol,Oc1cccc2ccccc12,34.31
ethylammonium_formate,CC[NH3+].[O-]C=O,34.14
1_2_3-butanetriol,CC(O)C(O)CO,34.1
diglycerol,OCC(O)COCC(O)CO,34
butylammonium_thiocyanate,CCCC[NH3+].[S-]C#N,33.9
2-pyrrolidon,O=C1CCCN1,33.7
1_3-propylene_glycol,OCCCO,33.68
1-methylimidazole,Cn1ccnc1,33.4
1_3_5-pentanetriol,OCCC(O)CCO,33.36
acrylonitrile,C=CC#N,33
ethylene_glycol–methanol,CO.OCCO,33
meth,[H+].[Cl-].CCC(=O)C(CC(C)N(C)C)(c1ccccc1)c2ccccc2,32.7
n-methyl-2-pyrrolidinone,CN1CCCC1=O,32.7
2-furoylfluoride_methanol,CO.FC(=O)c1occc1,32.63
n-methyl-2-pyrrolidone,CN1CCCC1=O,32.2
n-methyl-pyrrolidone,CN1CCCC1=O,32.2
n-methyl_pyrrolidone,CN1CCCC1=O,32.2
n-methylpyrrolidone,CN1CCCC1=O,32.1
1-methyl-2-pyrrolidinone,CN1CCCC1=O,32
n-methylpyrrolidinone,CN1CCCC1=O,32
propanediol,CCC(O)O,32
propylene_glycol,CC(O)CO,32
butane-1_4-diol,OCCCCO,31.82
dma,CC(C)=CCO[P](O)(=O)O[P](O)(O)=O,31.7675
diethylene_glycol,OCCOCCO,31.7
diethyleneglycol,OCCOCCO,31.7
deg,OCCOCCO,31.69
1_4-butanediol,OCCCCO,31.4
dmpg,CCCCCCCCCCCCCC(=O)OCC(CO[P](O)(=O)OCC(O)CO)OC(=O)CCCCCCCCCCCCC,30.6
butanediol,CCCC(O)O,30.2
1_2-butanediol,CCC(O)CO,30
adiponitrile,N#CCCCCC#N,30
and,C[C@]12CC[C@H]3[C@@H](CC=C4C[C@@H](O)CC[C@]34C)[C@@H]1CCC2=O,30
zst,OC(=O)CC1=NN(Cc2sc3ccc(cc3n2)C(F)(F)F)C(=O)c4ccccc14,29.8
1_2-propanediol,CC(O)CO,29.75
propanenitrile,CCC#N,29.32
propanonitrile,CCC#N,29.15
tes,C[C@]12CC[C@H]3[C@@H](CCC4=CC(=O)CC[C@]34C)[C@@H]1CC[C@@H]2O,29
butane-1_3-diol,CC(O)CCO,28.83
1_3-butanediol,CC(O)CCO,28.745
2ap,Nc1cccc[nH+]1,28.605
propane-1_2-diol,CC(O)CO,28.36
ethyl_cyanide,CCC#N,28.3
propionitrile,CCC#N,28.26
nitroethanol,CC(O)[N+]([O-])=O,28.06
nitroethane,CC[N+]([O-])=O,28
propiononitrile,CCC#N,27.2
pentane-1_5-diol,OCCCCCO,26.9
dehydrated_alcohol,CCO,26.8
2_2_2-trifluoroethanol,OCC(F)(F)F,26.726
tfe,OCC(F)(F)F,26.7
cf3ch2oh,OCC(F)(F)F,26.1
ch3och2ch2oh,COCCO,25.84
2-chloroethanol,OCCCl,25.8
2-nitropropane,CC(C)[N+]([O-])=O,25.7
acetylacetone,CC(=O)CC(C)=O,25.7
alcohol,CCO,25.7
2oh,CC(C)(c1ccc(O)cc1)c2ccc(O)cc2,25.3
benzonitrile,N#Cc1ccccc1,25.2
2-mbt,S=C1Nc2ccccc2S1,25
methanol-toluene,CO.Cc1ccccc1,25
methyl_oleate,CCCCCCCC\C=C/CCCCCCCC(=O)OC,25
water-tert-butanol,O.CC(C)(C)O,25
water-tetrahydrofuran,O.C1CCOC1,25
butyronitrile,CCCC#N,24.8
dcs,Cc1ncc(CO[P](O)(O)=O)c(CN[C@@H]2CONC2=O)c1O,24.8
2-furoylfluoride_ethanol,CCO.FC(=O)c1occc1,24.55
c2h5oh,CCO,24.55
ch3ch2oh,CCO,24.55
curcumin,COc1cc(\C=C\C(=O)CC(=O)\C=C\c2ccc(O)c(OC)c2)ccc1O,24.5
ethanol,CCO,24.5
ethyl_alcohol,CCO,24.5
etoh,CCO,24.5
ch3ch2–oh,CCO,24.3
butanenitrile,CCCC#N,24.29
n-propyl_cyanide,CCCC#N,24.2
2-nitrophenyl_octyl_ether,CCCCCCCCOc1ccccc1[N+]([O-])=O,24
2-nitrophenyl_octylether,CCCCCCCCOc1ccccc1[N+]([O-])=O,24
2-nitrophenyl_pentylether,CCCCCOc1ccccc1[N+]([O-])=O,24
ate,C[C@]12CC[C@H]3[C@@H](CC[C@H]4C[C@H](O)CC[C@]34C)[C@@H]1CC=C2,24
epa,CC/C=C\C\C=C/C/C=C\C\C=C/C/C=C\CCCC(O)=O,24
pyridine_nitrogen,[NH2].c1ccncc1,24
tbph,[OH-].CCCC[P+](CCCC)(CCCC)CCCC,24
triethylene_glycol,OCCOCCOCCO,23.7
nitropropane,CCC[N+]([O-])=O,23.2
o-fluoropyridine,Fc1ccccn1,23.2
benzyl_cyanide,N#CCc1ccccc1,22.85
benzoyl_fluoride,FC(=O)c1ccccc1,22.7
2-furoylfluoride,FC(=O)c1occc1,22.625
ech,ClCC1CO1,22.6
butane-1_2-diol,CCC(O)CO,22.57
acan,CC(=O)CCC(C)=O,22.45
3-nitrotoluene,Cc1cccc(c1)[N+]([O-])=O,22.2
pyrite,[O-]CC1OC=CC=C1,21.52
2_3-butanediol,CC(O)C(C)O,21.497
[iso-leucine],CC[C@H](C)[C@H](N)C(O)=O,21.43
dmk,CC(C)([C@H](N)C(O)=O)C(O)=O,21.01
acetaldehyde,CC=O,21
acetic_anhydride,CC(=O)OC(C)=O,21
aco,CC(=O)SCCNC(=O)CCNC(=O)[C@H](O)C(C)(C)CO[P](O)(=O)O[P](O)(=O)OC[C@H]1O[C@H]([C@H](O)[C@@H]1O[P](O)(O)=O)n2cnc3c(N)ncnc23,21
allyl_alcohol,OCC=C,21
dipropylene_glycol,CC(O)COC(C)CO,21
flavin,[Cl-].C[n+]1c2cc(N)ccc2cc3ccc(N)cc13,21
griseofulvin,COC1CC(=O)C[C@@H](C)[C@]12Oc3c(Cl)c(OC)cc(OC)c3C2=O,21
propanone,CC(C)=O,21
butane-2_3-diol,CC(O)C(C)O,20.88
n-propyl_alcohol,CCCO,20.81
dimethyl_ketone,CC(C)=O,20.72
2-furoylfluoride_acetone,CC(C)=O.FC(=O)c1occc1,20.7
2-propanone,CC(C)=O,20.7
acetone,CC(C)=O,20.7
isopropanal,CC(C)=O,20.6
isobutyronitrile,CC(C)C#N,20.4
n-butyronitrile,CCCC#N,20.4
propan-1-ol,CCCO,20.3
propanol,CCCO,20.3
triethanolamine,OCCN(CCO)CCO,20.26
cst,CC(C)C[C@H](NC(=O)[C@@H](NC(=O)N[C@@H](Cc1ccccc1)C(O)=O)[C@@H]2CCN=C(N)N2)C(=O)N[C@@H](Cc3ccccc3)C([O-])=O,20.25
ioh,CC(C)O,20.18
indole,[nH]1ccc2ccccc12,20.13
1-propanol,CCCO,20.1
ch3ch2ch2–oh,CCCO,20.1
n-propanol,CCCO,20.1
act,CC(O)=O,20
alcohols,CCO,20
alkane,CCCCCCCCCCCCc1ccccc1,20
dcip,O.[Na+].[O-]c1c(Cl)cc(cc1Cl)N=C2C=CC(=O)C=C2,20
pentanenitrile,CCCCC#N,20
propyl-alcohol,CCCO,20
retinal,CC(=C\C=O)/C=C/C=C(C)/C=C/C1=C(C)CCCC1(C)C,20
sodium_acetate,[Na+].CC([O-])=O,20
tetraethylene_glycol,OCCOCCOCCOCCO,19.91
2-propanol,CC(C)O,19.9
propan-2-ol,CC(C)O,19.9
teg,OCCOCCOCCO,19.6295
ethyl_isothiocyanate,CCN=C=S,19.5
lactic_acid,CC(O)C(O)=O,19.4
isopropyl-alcohol,CC(C)O,19.15
ethyl_acetate-acetonitrile,CCOC(C)=O.CC#N,19.07
isooctane-ethyl_acetate,CCCCCC(C)C.CCOC(C)=O,19.07
2-propen-1-ol,OCC=C,19.011
iso-propanol,CC(C)O,18.8
2-butyl_alcohol,CCC(C)O,18.7
ethyl_methyl_ketone,CCC(C)=O,18.505
ethylmethylketone,CCC(C)=O,18.5
mek,CCC(C)=O,18.5
phenol_formaldehyde,Oc1ccccc1.C=O,18.5
propanal,CCC=O,18.5
methylethylketone,CCC(C)=O,18.4
isopropyl_alcohol,CC(C)O,18.325
2-butanone,CCC(C)=O,18.3
2-propyl_alcohol,CC(C)O,18.3
i-propanol,CC(C)O,18.3
isopropanol,CC(C)O,18.3
butanone,CCC(C)=O,18.25
cyclohexanone,O=C1CCCCC1,18.2
methyl_ethyl_ketone,CCC(C)=O,18.2
benzaldehyde,O=Cc1ccccc1,18.11
n-propylammonium_nitrate,CCC[NH3+].[O-][N+]([O-])=O,18.1
isobutyl_alcohol,CC(C)CO,18.015
1_4-dicyanobenzene,N#Cc1ccc(cc1)C#N,18
ggo,N[C@H]1CN(CCc2ccc3OCOc3c2)C(=O)C[C@@H]1c4cc(F)c(F)cc4F,18
propionaldehyde,CCC=O,18
propyl_alcohol,CCCO,18
butanol,CCCCO,17.8
methyl_propyl_ketone,CCCC(C)=O,17.75
isobutanol,CC(C)CO,17.7
valeronitrile,CCCCC#N,17.7
n-butyl_alcohol,CCCCO,17.655
n-butanol,CCCCO,17.6
pentane-1_2-diol,CCCC(O)CO,17.57
butan-1-ol,CCCCO,17.5
butyl_alcohol,CCCCO,17.5
cyclopentanol,OC1CCCC1,17.495
1-butanol,CCCCO,17.45
acetophenone,CC(=O)c1ccccc1,17.4
hexanenitrile,CCCCCC#N,17.26
2-methoxy_ethanol,COCCO,17.2
2me,CCOC,17.2
2-methylpropan-2-ol,CC(C)(C)O,17.1
diethylketone,CCC(=O)CC,17
2-methoxyethanol,COCCO,16.92
lmt,CCCCCCCCCCCCO[C@@H]1O[C@H](CO)[C@@H](O[C@H]2O[C@H](CO)[C@@H](O)[C@H](O)[C@H]2O)[C@H](O)[C@H]1O,16.875
2-methyl-1-propanol,CC(C)CO,16.78
3-pentanone,CCC(=O)CC,16.78
diethyl_ketone,CCC(=O)CC,16.62
sec-butyl_alcohol,CCC(C)O,16.5
cis,CCCCCCCCCCCCCCCCCCCCCCCC(=O)N[C@@H](CO[C@@H]1O[C@H](CO)[C@H](O)[C@H](O[S](O)(=O)=O)[C@H]1O)[C@H](O)CCCCCCCCCCCCCCC,16
ethylacetoacetate,CCCC(=O)CC([O-])=O,16
2-butanol,CCC(C)O,15.94
i-butanol,CC(C)CO,15.8795
anisaldehyde,COc1ccc(C=O)cc1,15.8
tetraglycol,OCCOCCOCCOCCO,15.7
hoch2ch2oh,OCCO,15.63
ccc,CCC,15.6
diethyl_sulfite,CCO[S](=O)OCC,15.6
2-methyl-1-butanol,CCC(C)CO,15.575
1_2-hexanediol,CCCCC(O)CO,15.5
hexane-1_2-diol,CCCCC(O)CO,15.5
mct,Cc1ccc(O)c(O)c1,15.5
propiophenone,CCC(=O)c1ccccc1,15.5
pyrene,c1cc2ccc3cccc4ccc(c1)c2c34,15.5
tween_20,CCCCCCCCCCCC(=O)OCCOCC(OCCO)C1OCC(OCCO)C1OCCO,15.5
tween_40,CCCCCCCCCCCC(=O)OCCOCC(OCCO)C1OCC(OCCO)C1OCCO,15.5
2-pentanone,CCCC(C)=O,15.45
tert-amyl_alcohol,CCC(C)(C)O,15.44
ethyl_lactate,CCOC(=O)C(C)O,15.4
diacetone_alcohol,CC(=O)CC(C)(C)O,15.38
isoamyl-alcohol,CC(C)CCO,15.3
3-methyl-1-butanol,CC(C)CCO,15.19
iso-butanol,CC(C)CO,15.1
1–pentanol,CCCCCO,15
benzonitrile-isooctane,CCCCCC(C)C.N#Cc1ccccc1,15
butyl_methacrylate,CCCCOC(=O)C(C)=C,15
cyclo-hexanol,OC1CCCCC1,15
cyclohexanol,OC1CCCCC1,15
diethylene_glycol_monomethyl_ether,COCCOCCO,15
lactone,Cc1oc2c(C)c3OC(=O)C=C(C)c3cc2c1,15
pentanol,CCCCCO,14.8
isoamyl_alcohol,CC(C)CCO,14.7
2-hexanone,CCCCC(C)=O,14.56
acrylonitrile_butadiene,C=CC=C.C=CC#N,14.5
cinnamylalcohol,OCC=Cc1ccccc1,14.5
dfb,OCc1cccc(F)c1F,14.3
9-cyano-phenanthrene-trans-anethole,COc1ccc(\C=C\C)cc1.N#Cc2cc3ccccc3c4ccccc24,14
aibn,CC(C)(N=NC(C)(C)C#N)C#N,14
nonanenitrile,CCCCCCCCC#N,14
pyruvate,CC(=O)C([O-])=O,14
saquinavir,CC(C)(C)NC(=O)[C@@H]1C[C@@H]2CCCC[C@@H]2CN1C[C@@H](O)[C@H](Cc3ccccc3)NC(=O)[C@H](CC(N)=O)NC(=O)c4ccc5ccccc5n4,14
tween_60,CCCCCCCCCCCC(=O)OCCOCC(OCCO)C1OCC(OCCO)C1OCCO,14
n-pentanol,CCCCCO,13.92
1-pentanol,CCCCCO,13.9
amyl_alcohol,CCCCCO,13.9
pentan-1-ol,CCCCCO,13.9
salicylaldehyde,Oc1ccccc1C=O,13.9
diaminoethane,CC(N)N,13.8
octanenitrile,CCCCCCCC#N,13.75
hexan-1-ol,CCCCCCO,13.65
2-phenylethanol,OCCc1ccccc1,13.6
occn,NCCO,13.6
cyclopentanone,O=C1CCCC1,13.58
tween_80,CCCCCCCC/C=C/CCCCCCCC(=O)OCCOCC(OCCO)C1OCC(OCCO)C1OCCO,13.5
ethylammonium_nitrate,CC[NH3+].[O-][N+]([O-])=O,13.4
triethylphosphate,CCO[P](=O)(OCC)OCC,13.4
cinnamaldehyde,O=CC=Cc1ccccc1,13.3
hexanol,CCCCCCO,13.28
hexane-ethanol,CCO.CCCCCC,13.195
n-hexanol,CCCCCCO,13.165
isopropyl_acetate,CC(C)OC(C)=O,13.15
4-methyl-2-pentanone,CC(C)CC(C)=O,13.11
methyl-iso-butyl_ketone,CC(C)CC(C)=O,13.11
methyl_isobutyl_ketone,CC(C)CC(C)=O,13.11
methyl_isobutylketone,CC(C)CC(C)=O,13.11
methylisobutyl_ketone,CC(C)CC(C)=O,13.11
methylisobutylketone,CC(C)CC(C)=O,13.11
mibk,CC(C)CC(C)=O,13.11
benzyl_alcohol,OCc1ccccc1,13.1
benzylalcohol,OCc1ccccc1,13.1
ch3cl,CCl,13.1
hexone,CC(C)CC(C)=O,13.1
keto_azoxybenzene,[O-][N+](=NC1C=CC=CC1=O)c2ccccc2,13.1
phenylmethanol,OCc1ccccc1,13.1
1-ethanol,CCO,13.075
1-hexanol,CCCCCCO,13
vanillyl_alcohol,COc1cc(CO)ccc1O,13
pyridine,c1ccncc1,12.91
ethylene-diamine,NCCN,12.9
ethylenediamine,NCCN,12.9
ethyl_benzoylacetate,CCOC(=O)CC(=O)c1ccccc1,12.8
dien,NCCNCCN,12.63
transcutol,CCOCCOCCO,12.6
heptanone,CCCCCC(C)=O,12.5
phosphotyrosine,N[C@@H](Cc1ccc(O[P](O)(O)=O)cc1)C(O)=O,12.5
triazole,[nH]1ccnn1,12.5
2-methyl-2-propanol,CC(C)(C)O,12.485
tba,CCCC[N+](CCCC)(CCCC)CCCC,12.47
peg_400,OCCO,12.4
tert-butanol,CC(C)(C)O,12.4
benzeneethanol,OCCc1ccccc1,12.31
cysteamine,NCCS,12.3
ethyl_propionate,CCOC(=O)CC,12.3
2-octanone,CCCCCCC(C)=O,12.1
heptan-1-ol,CCCCCCCO,12.1
durene,Cc1cc(C)c(C)cc1C,12.082
2-pentanol,CCCC(C)O,12.08
mellitene,Cc1c(C)c(C)c(C)c(C)c1C,12.072
glycolate,OCC([O-])=O,12.045
3-methyl-2-butanol,CC(C)C(C)O,12.04
m-cresol,Cc1cccc(O)c1,12
triton_x-100,CC(C)(C)CC(C)(C)c1ccc(OCCO)cc1,12
benzenepropanol,OCCCc1ccccc1,11.97
4-methylpyridine,Cc1ccncc1,11.96
2-heptanone,CCCCCC(C)=O,11.95
mnt,CNc1ccccc1C(=O)O[C@H]2C[C@@H](O[C@@H]2CO[P](O)(=O)O[P](O)(O)=O)n3cnc4c(N)ncnc34,11.95
t-butyl_alcohol,CC(C)(C)O,11.7
3-pentanol,CCC(O)CC,11.56
heptanol,CCCCCCCO,11.525
dap,Nc1cccc(N)n1,11.5
phenol,Oc1ccccc1,11.4
polyethylene_glycol,OCCO,11.4
o-dianisidine,COc1cc(ccc1N)c2ccc(N)c(OC)c2,11.3
octan-1-ol,CCCCCCCCO,11.3
hexane-acetone,CCCCCC.CC(C)=O,11.295
tert-butyl_alcohol,CC(C)(C)O,11.2
2-hexanol,CCCCC(C)O,11.1
aea,CCCCC/C=C\C\C=C/C/C=C\C\C=C/CCCC(=O)NCCO,11
benzene_acetonitrile,CC#N.c1ccccc1,11
t-butanol,CC(C)(C)O,10.9
benzylbenzene,C(c1ccccc1)c2ccccc2,10.785
diphenyl,c1ccc(cc1)c2ccccc2,10.765
bibenzyl,C(Cc1ccccc1)c2ccccc2,10.735
3-methylpyridine,Cc1cccnc1,10.71
decanenitrile,CCCCCCCCCC#N,10.6
1-heptanol,CCCCCCCO,10.5605
cetane,CCCCCCCCCCCCCCCC,10.523
ethylene_dichloride,ClCCCl,10.5
methylcyclopentane,CC1CCCC1,10.4925
pentamethylene,C1CCCC1,10.4845
ethylcyclobutane,CCC1CCC1,10.4825
ethylcyclopropane,CCC1CC1,10.4665
triptane,CC(C)C(C)(C)C,10.465
3oh,OCCC(O)=O,10.44675
1_2_dichloroethane,ClCCCl,10.435
1_2-dichloro-ethane,ClCCCl,10.4
1_2-dichloro_ethane,ClCCCl,10.4
1_2-dichloroethane,ClCCCl,10.4
clch2ch2cl,C.Cl.CCl,10.4
dce,ClCCCl,10.4
neopentane,CC(C)(C)C,10.3875
dichloroethane,CC(Cl)Cl,10.38
3-methylbutan-2-one,CC(C)C(C)=O,10.37
2-furoylfluoride_dichloroethane,CC(Cl)Cl.FC(=O)c1occc1,10.36
ch2c1ch2c1,C.CCC,10.36
des,CC\C(c1ccc(O)cc1)=C(\CC)c2ccc(O)cc2,10.35
1-octanol,CCCCCCCCO,10.3
dichloro_methane,ClCCl,10.3
n-octanol,CCCCCCCCO,10.3
octanol,CCCCCCCCO,10.3
3-phenylpropanol,OCCCc1ccccc1,10.25
butyl_carbitol,CCCCOCCOCCO,10.2
ethylene_chloride,ClCCCl,10.2
dcb,Clc1ccccc1Cl,10.145
2-dichlorobenzene,Clc1ccccc1Cl,10.12
1_1-dichloroethane,CC(Cl)Cl,10
2-naphthol,Oc1ccc2ccccc2c1,10
ammonium_salicylate,[NH4+].Oc1ccccc1C([O-])=O,10
blue_line,[H+].[Cl-].CN(C)CCN(Cc1sccc1)c2ccccn2,10
cholesterol,CC(C)CCC[C@@H](C)[C@H]1CC[C@H]2[C@@H]3CC=C4C[C@@H](O)CC[C@]4(C)[C@H]3CC[C@]12C,10
ctma,CONC(=O)COc1ccc(Cl)cc1C,10
mlm,NC(=O)CC(O)=O,10
pentanal,CCCCC=O,10
pteridine,c1cnc2ncncc2n1,10
quinine,COc1ccc2nccc([C@@H](O)[C@@H]3C[C@H]4CCN3C[C@@H]4C=C)c2c1,10
thip,O=C1NOC2=C1CCNC2,10
tpq,N[C@@H](CC1=CC(=O)C(=O)C=C1O)C([O-])=O,10
odcb,Clc1ccccc1Cl,9.99
o-dichlorobenzene,Clc1ccccc1Cl,9.98
1_2-dichlorobenzene,Clc1ccccc1Cl,9.93
2-chloro-2-methylpropane,CC(C)(C)Cl,9.9
dichlorobenzene,Clc1ccccc1Cl,9.9
nylon_66,CCCCCCNC(=O)CCCCC(N)=O,9.8635
pnp,Oc1ccc(cc1)[N+]([O-])=O,9.8
polyepichlorohydrin,O\C=C/CCl,9.8
2-heptanol,CCCCCC(C)O,9.72
dca,CCNC(=O)CCNC(=O)[C@H](O)C(C)(C)CO[P](O)(=O)O[P](O)(=O)OC[C@H]1O[C@H]([C@H](O)[C@@H]1O[P](O)(O)=O)n2cnc3c(N)ncnc23,9.6
gsh,NC(CCC(=O)NC(CS)C(=O)NCC(O)=O)C(O)=O,9.6
2-butoxyethanol,CCCCOCCO,9.5
hexanal,CCCCCC=O,9.5
2-methylpyridine,Cc1ccccn1,9.46
tert-butyl_chloride,CC(C)(C)Cl,9.46
2_4-dimethylpyridine,Cc1ccnc(C)c1,9.42
3_4-dichlorotoluene,Cc1ccc(Cl)c(Cl)c1,9.39
atenolol,CC(C)NCC(O)COc1ccc(CC(N)=O)cc1,9.37
phenol_red,Oc1ccc(cc1)C2(O[S](=O)(=O)c3ccccc23)c4ccc(O)cc4,9.225
benzotrifluoride,FC(F)(F)c1ccccc1,9.2
mc,Cc1ccc2cc3c(ccc4ccccc34)c5CCc1c25,9.1
methylene_chloride,ClCCl,9.08
quinoline,c1ccc2ncccc2c1,9.08
azo,CO\C=C(C(=O)OC)/c1ccccc1Oc2cc(Oc3ccccc3C#N)ncn2,9
methyl_salicylate,COC(=O)c1ccccc1O,9
tco,CC(C)(C)OC(=O)N[C@H](C=O)C1CCCCC1,9
phenyl_isocyanate,O=C=Nc1ccccc1,8.94
ace,CC(N)=O,8.93
dichloromethane,ClCCl,8.93
methylene_dichloride,ClCCl,8.93
dichloro-methane,ClCCl,8.9
nonan-1-ol,CCCCCCCCCO,8.83
nonanol,CCCCCCCCCO,8.83
dch,C1CCC(CC1)NC2CCCCC2,8.8
dppc,Cl[P](=O)(Oc1ccccc1)Oc2ccccc2,8.8
decan-1-ol,CCCCCCCCCCO,8.75
stearic_acid,CCCCCCCCCCCCCCCCCC(O)=O,8.75
tbep,CCCCOCCO[P](=O)(OCCOCCCC)OCCOCCCC,8.7
dimethyl_phthalate,COC(=O)c1ccccc1C(=O)OC,8.66
p-cresol,Cc1ccc(O)cc1,8.65
tetrahydrothiophene,C1CCSC1,8.61
1_6-dichlorohexane,ClCCCCCCCl,8.6
dmp,[H+].[H+].[Cl-].[Cl-].COC(=N)CCCCCC(=N)OC,8.6
octanal,CCCCCCCC=O,8.6
1-chloro-n-propane,CCCCl,8.59
4-cyano-4-pentylbiphenyl,CCCCCC1(CC=C(C=C1)c2ccccc2)C#N,8.58
ethyl_formate,CCOC=O,8.57
2_2-dimethyl-1-propanol,CC(C)(C)CO,8.35
2-ethoxyethyl_acetate,CCOCCOC(C)=O,8.3
5-nonanone,CCCCC(=O)CCCC,8.3
pgmea,COCC(C)OC(C)=O,8.3
propylene_glycol_monomethyl_ether_acetate,COCC(C)OC(C)=O,8.3
2-octanol,CCCCCCC(C)O,8.2
tributyl_phosphate,CCCCO[P](=O)(OCCCC)OCCCC,8.1781
tributylphosphate,CCCCO[P](=O)(OCCCC)OCCCC,8.1781
2-chlorobutane,CCC(C)Cl,8.136
6-undecanone,CCCCCC(=O)CCCCC,8
decanol,CCCCCCCCCCO,8
polypyrrole,[NH2+]1C=CC=C1,8
pyrrole,[nH]1cccc1,8
tbp,CCCCO[P](=O)(OCCCC)OCCCC,8
hcfc-141b,CC(F)(Cl)Cl,7.9
n-decanol,CCCCCCCCCCO,7.9
tetraglyme,COCCOCCOCCOCCOC,7.9
diethylmalonate,CCC(CC)(C([O-])=O)C([O-])=O,7.87
diethyl_phthalate,CCOC(=O)c1ccccc1C(=O)OCC,7.86
tetrachloroethane,ClCC(Cl)(Cl)Cl,7.85
ehma,CCOc1cc(ccc1O)C(O)C(O)=O,7.8
1-decanol,CCCCCCCCCCO,7.7
isobutylmethyl_ketone,CC(C)CC(C)=O,7.675
deta,CCN(CC)C(=O)c1cccc(C)c1,7.66
2-ethyl-1-hexanol,CCCCC(CC)CO,7.611
cyclohexyl_chloride,ClC1CCCCC1,7.6
methylene_blue,[Cl-].CN(C)c1ccc2nc3ccc(cc3[s+]c2c1)N(C)C,7.6
nonanal,CCCCCCCCC=O,7.6
polyethylene_oxide,OCCO,7.6
2-furoylfluoride_tetrahydrofuran,FC(=O)c1occc1.C2CCOC2,7.58
diox,[Na+].CCCCC(CC)COC(=O)CC(C(=O)OCC(CC)CCCC)[S]([O-])(=O)=O,7.58
tetrahydrofuran,C1CCOC1,7.58
tetrahydrofurane,C1CCOC1,7.58
thf,C1CCOC1,7.58
diethyl_malonate,CCOC(=O)CC(=O)OCC,7.55
cellobiose,OCC1OC(OC2C(O)C(O)C(O)OC2CO)C(O)C(O)C1O,7.5
hfc-134a,FCC(F)(F)F,7.5
triglyme,COCCOCCOCCOC,7.5
cmtd,CCCCCCCCCCCCCCSCC(O)=O,7.49
morpholine,C1COCCN1,7.42
benzotrichloride,ClC(Cl)(Cl)c1ccccc1,7.4
butyl_chloride,CCCCCl,7.39
n-butyl_chloride,CCCCCl,7.39
1-chlorobutane,CCCCCl,7.34
labetalol,CC(CCc1ccccc1)NCC(O)c2ccc(O)c(c2)C(N)=O,7.33
1_2-dimethoxy_ethane,COCCOC,7.3
glyme,COCCOC,7.3
1_1_2-trichloroethane,ClCC(Cl)Cl,7.28
ethambutol,CC[C@@H](CO)NCCN[C@@H](CC)CO,7.28
1_1_1-trichloroethane,CC(Cl)(Cl)Cl,7.252
diglyme,COCCOCCOC,7.23
1_1_1-trichloro-ethane,CC(Cl)(Cl)Cl,7.2
1_2-dimethoxyethane,COCCOC,7.2
2-ethylhexanol,CCCCC(CC)CO,7.2
dimethoxyethane,COCCOC,7.2
dme,C[N+](C)(C)CCCCCCCCCC[N+](C)(C)C,7.2
rubrene,c1ccc(cc1)c2c3ccccc3c(c4ccccc4)c5c(c6ccccc6)c7ccccc7c(c8ccccc8)c25,7.2
2_6-dimethylpyridine,Cc1cccc(C)n1,7.17
phenylhydrazine,NNc1ccccc1,7.15
dol,CCN(CC)CC[S](=O)(=O)[C@@H]1CCN2[C@H]1C(=O)O[C@H](C(C)C)[C@H](C)\C=C/C(=O)NC/C=C\C(=C/[C@@H](O)CC(=O)Cc3occ(n3)C2=O)C,7.1
3-heptanol,CCCCC(O)CC,7.07
2_6-lutidine,Cc1cccc(C)n1,7
polyurethane,OCCO.OCCCCO.OC(=O)CCCCC(O)=O.O=C=Nc1ccc(Cc2ccc(cc2)N=C=O)cc1,7
rso,C1O[C@@H]1c2ccccc2,7
tac,CN(C)C1[C@@H]2C[C@H]3C(=C(O)c4c(O)cccc4[C@@]3(C)O)C(=O)[C@]2(O)C(=O)\C(=C(N)\O)C1=O,7
tannin,Oc1cc(cc(O)c1O)C(=O)Oc2cc(cc(O)c2O)C(=O)OC[C@H]3O[C@@H](OC(=O)c4cc(O)c(O)c(OC(=O)c5cc(O)c(O)c(O)c5)c4)[C@H](OC(=O)c6cc(O)c(O)c(OC(=O)c7cc(O)c(O)c(O)c7)c6)[C@@H](OC(=O)c8cc(O)c(O)c(OC(=O)c9cc(O)c(O)c(O)c9)c8)[C@@H]3OC(=O)c%10cc(O)c(O)c(OC(=O)c%11cc(O)c(O)c(O)c%11)c%10,7
dn,Cc1cc(cc(c1O)[N+]([O-])=O)[N+]([O-])=O,6.95
tegdme,COCCOCCOCCOC,6.95
monoglyme,COCCOC,6.913
thioethanol,CCS,6.912
benzyl_dichloride,ClC(Cl)c1ccccc1,6.9
ethyl_sulfide,CCSCC,6.9
phenyl_acetate,CC(=O)Oc1ccccc1,6.9
tcp,Oc1cc(Cl)c(Cl)cc1Cl,6.9
urethane,CCOC(N)=O,6.9
aniline,Nc1ccccc1,6.89
benzyl_chloride,ClCc1ccccc1,6.854
4-methyl-1_3-dioxolane,CC1COCO1,6.8
decanal,CCCCCCCCCC=O,6.8
1-nonanol,CCCCCCCCCO,6.765
methyl_benzoate,COC(=O)c1ccccc1,6.74
1_10-dichlorodecane,ClCCCCCCCCCCCl,6.68
benzoxazine,N1Oc2ccccc2C=C1,6.68
benzyl_bromide,BrCc1ccccc1,6.658
triacetin,CC(=O)OCC(COC(C)=O)OC(C)=O,6.65
1-chloropentane,CCCCCCl,6.6
gps,N[C@@H](CCC(=O)N[C@@H](CS[C@@H]1[C@@H](O)c2ccccc2c3ccccc13)C(=O)NCC(O)=O)C(O)=O,6.6
glycerol_triacetate,CC(=O)OCC(COC(C)=O)OC(C)=O,6.555
lactose,OCC1OC(OC2C(O)C(O)C(O)OC2CO)C(O)C(O)C1O,6.55
dibutyl_phthalate,CCCCOC(=O)c1ccccc1C(=O)OCCCC,6.47
heptylbenzene,CCCCCCCc1ccccc1,6.445
dbp,CCCCOC(=O)c1ccccc1C(=O)OCCCC,6.4
dpb,c1ccc(cc1)\C=C\C=C\c2ccccc2,6.4
cycloheptane,C1CCCCCC1,6.3255
ethylamine,CCN,6.3
cbs,CC(=O)N[C@H]1[C@@H](O)O[C@H](CO)[C@@H](O[C@@H]2O[C@H](CO)[C@@H](O)[C@H](O)[C@H]2NC(C)=O)[C@@H]1O,6.25
2-methyltetrahydrofuran,CC1CCCO1,6.24
acetic_acid,CC(O)=O,6.2
aceticacid,CC(O)=O,6.2
c2d,Clc1ccc2scc(CNCCN3C(=CN=C(NCCc4ccccn4)C3=O)Cl)c2c1,6.2
ethanoic_acid,CC(O)=O,6.2
glacial_acetic_acid,CC(O)=O,6.2
methyl_propionate,CCC(=O)OC,6.2
1-iodobutane,CCCCI,6.17
missile,CCOC(=O)c1cn2nc(O[P](=S)(OCC)OCC)cc2nc1C,6.17
tic,[Cl].O=C(Nc1ccc(cc1)C2=NCCN2)c3ccc(cc3)C(=O)Nc4ccc(cc4)C5=NCCN5,6.118
1-chlorohexane,CCCCCCCl,6.1
acetic_ether,CCOC(C)=O,6.1
tricresyl_phosphate,Cc1ccc(O[P](=O)(Oc2ccc(C)cc2)Oc3ccc(C)cc3)cc1,6.1
ch3cooh,CCOO,6.085
methyl_propanoate,CCC(=O)OC,6.0777
dox,[Cl-].COc1cccc2C(=O)c3c(O)c4C[C@](O)(C[C@H](O[C@H]5C[C@H](N)[C@H](O)[C@H](C)O5)c4c(O)c3C(=O)c12)C(=O)CO.[H+],6.06
ethyl_acetate,CCOC(C)=O,6.02
ethylacetate,CCOC(C)=O,6.02
diethyleneglycol-monobutylether_acetate,CCCCOCCOCCOC(C)=O,6
dimethylacetoacetamide,CC(C)C(=O)CC(N)=O,6
dipentyl_phthalate,CCCCCOC(=O)c1ccccc1C(=O)OCCCCC,6
dmc,CC(O)(c1ccc(Cl)cc1)c2ccc(Cl)cc2,6
ethyl_benzoate,CCOC(=O)c1ccccc1,6
gallic_acid,OC(=O)c1cc(O)c(O)c(O)c1,6
cpi,OC(=O)[C@@H]1CCCCN1,5.98
allyl_amine,NCC=C,5.95
isobutyl_benzoate,CC(C)COC(=O)c1ccccc1,5.9
n-allyl-n-methyl-p-nitroaniline,CN(CC=C)c1ccc(cc1)[N+]([O-])=O,5.9
piperidine,C1CCNCC1,5.9
quercetin,Oc1cc(O)c2C(=O)C(=C(Oc2c1)c3ccc(O)c(O)c3)O,5.9
tert-pentyl_alcohol,CCC(C)(C)O,5.82
2-dodecanol,CCCCCCCCCCC(C)O,5.8
diethylene_glycol_dimethyl_ether,COCCOCCOC,5.8
n-propylamine,CCCN,5.8
pada,CN(C)c1ccc(cc1)N=Nc2ccccn2,5.8
diethyl_sulfide,CCSCC,5.72
2-methyl-2-butanol,CCC(C)(C)O,5.705
dodecanol,CCCCCCCCCCCCO,5.7
et,CC[n+]1c2cc(N)ccc2c3ccc(N)cc3c1c4ccccc4,5.7
furan,o1cccc1,5.7
acrylate_glycidyl_methacrylate,CC(=C)C(=O)OCC1CO1.OC(=O)C=C,5.67
tetrahydropyran,C1CCOCC1,5.66
chlorobenzene,Clc1ccccc1,5.621
tropine,CN1C2CCC1CC(O)C2,5.62
iso_amyl_acetate,CC(C)CCOC(C)=O,5.6
tetrahydropyrane,C1CCOCC1,5.6
n-propyl_acetate,CCCOC(C)=O,5.52
propyl_ethanoate,CCCOC(C)=O,5.52
2-decanol,CCCCCCCCC(C)O,5.5
caffeic_acid,OC(=O)\C=C/c1ccc(O)c(O)c1,5.5
dioxane–acetonitrile,N#CCC1COCCO1,5.5
polyacrylonitrile,C=CC#N,5.5
tmba,CC(=O)N(CCCCN)C(C)=O,5.5
methyl_butyrate,CCCC(=O)OC,5.48
fluorobenzene,Fc1ccccc1,5.47
dioxan,C1COCCO1,5.415
bromobenzene,Brc1ccccc1,5.4
butylthioether,CCCCSCCCC,5.4
isoamyl_salicylate,CC(C)CCOC(=O)c1ccccc1O,5.4
isopropylamine,CC(C)N,5.4
phenylacetate,[O-]C(=O)Cc1ccccc1,5.4
1-pentanamine,CCCCCN,5.36
1-undecanol,CCCCCCCCCCCO,5.34
diisopropyl_adipate,CC(C)OC(=O)CCCCC(=O)OC(C)C,5.34
ethyl_phenylacetate,CCOC(=O)Cc1ccccc1,5.3
isoamyl_acetate,CC(C)CCOC(C)=O,5.3
rpa,CC(C)=C/C=C/C(C)=C/C=C/C(C)=C/C=C/C(CO)=C/C=C/C=C(C)/C=C/C=C(C)/C=C/C=C(C)/CCCC(C)(C)O[C@@H]1O[C@H](CO)[C@@H](O)[C@H](O)[C@H]1O,5.3
glycine,NCC(O)=O,5.2
mbba,CCCCc1ccc(cc1)N=Cc2ccc(OC)cc2,5.2
benzylamine,NCc1ccccc1,5.18
c–c,CC,5.172346
amyl_benzoate,CCCCCOC(=O)c1ccccc1,5.1
butyl_lactate,CCCCOC(=O)C(C)O,5.1
dioctyl_phthalate,CCCCCCCCOC(=O)c1ccccc1C(=O)OCCCCCCCC,5.1
dioctylphthalate,CCCCCCCCOC(=O)c1ccccc1C(=O)OCCCCCCCC,5.1
dop,CCCCC(CC)COC(=O)c1ccccc1C(=O)OCC(CC)CCCC,5.1
ethyl_butyrate,CCCC(=O)OCC,5.1
thiol–ene,C1CC=[SH]C1,5.1
cyclohexyl_acetate,CC(=O)OC1CCCCC1,5.08
butyl_acetate,CCCCOC(C)=O,5.07
pentyl_benzoate,CCCCCOC(=O)c1ccccc1,5.07
1-chloronaphthalene,Clc1cccc2ccccc12,5.04
isobutyl_acetate,CC(C)COC(C)=O,5.039
ethyl_acryl_ate,CCOC(=O)C=C,5.02
n-butyl_acetate,CCCCOC(C)=O,5.02
ibuprofen,CC(C)Cc1ccc(cc1)C(C)C(O)=O,5.005
1-butylamine,CCCCN,5
acrylate_1_6-hexanediol_diacrylate,OCCCCCCO.OC(=O)C=C.OC(=O)C=C.OC(=O)C=C,5
ametryn,CCNc1nc(NC(C)C)nc(SC)n1,5
butyl-acetate,CCCCOC(C)=O,5
deha,CCCCC(CC)COC(=O)CCCCC(=O)OCC(CC)CCCC,5
dhp,CCCCCCCCCCC1=C(O)NC(=O)C1=O,5
dopp,CCCCCCCCO[P](=O)(OCCCCCCCC)c1ccccc1,5
thz,s1cnc2ccccc12,5
vinyl_acetate,CC(=O)OC=C,5
water-octanol,O.CCCCCCCCO,5
butyl_ethanoate,CCCCOC(C)=O,4.99
1-dodecanol,CCCCCCCCCCCCO,4.965
1-butanamine,CCCCN,4.9
2-furoylfluoride_chloroform,FC(=O)c1occc1.ClC(Cl)Cl,4.9
arlacel_83,CCCCCCCC\C=C/CCCCCCCC(O)=O.CCCCCCCC\C=C/CCCCCCCC(O)=O.CCCCCCCC\C=C/CCCCCCCC(O)=O.OC[C@H](O)[C@@H](O)[C@H](O)[C@H](O)CO.OC[C@H](O)[C@@H](O)[C@H](O)[C@H](O)CO,4.9
arylamine,Nc1ccccc1,4.9
bromoethane,CCBr,4.9
span_80,CCCCCCCC\C=C/CCCCCCCC(=O)OC[C@@H](O)[C@H]1OC[C@H](O)[C@H]1O,4.9
pentyl_cinnamate,CCCCCOC(=O)C=Cc1ccccc1,4.89
butyl_propionate,CCCCOC(=O)CC,4.84
3-phenylpropanal,O=CCCc1ccccc1,4.8
amyl_acetate,CCCCCOC(C)=O,4.8
benzyl_benzoate,O=C(OCc1ccccc1)c2ccccc2,4.8
dbs,Oc1ccc(Br)cc1C(=O)C(=O)c2cc(Br)ccc2O,4.8
tris2-ethylhexylphosphate,CCCCC(CC)CO[P](=O)(OCC(CC)CCCC)OCC(CC)CCCC,4.8
taurine,NCC[S](O)(=O)=O,4.78
phenyl_propanoate,CCC(=O)Oc1ccccc1,4.77
atorvastatin,CC(C)c1n(CC[C@@H](O)C[C@@H](O)CC(O)=O)c(c2ccc(F)cc2)c(c3ccccc3)c1C(=O)Nc4ccccc4,4.76
1_2-dibromoethane,BrCCBr,4.75
cyclohexylamine,NC1CCCCC1,4.73
pentyl_ethanoate,CCCCCOC(C)=O,4.7297
c60,CCCCNC(=O)[C@@H](CC(=O)[C@H](CC1CCCCC1)NC(=O)[C@H](Cc2[nH]cnc2)NC(=O)[C@H](Cc3ccccc3)C[S](=O)(=O)C(C)(C)C)C(C)C,4.695
1-pentanethiol,CCCCCS,4.67
polysorbate_80,CCCCCCCC/C=C/CCCCCCCC(=O)OCCOCC(OCCO)C1OCC(OCCO)C1OCCO,4.67
phenanthrene,c1ccc2c(c1)ccc3ccccc23,4.625
butylamine,CCCCN,4.62
oil_red_o,O=C\1C=Cc2ccccc2C1=N/Nc3ccc(cc3)N=Nc4ccccc4,4.61
iodobenzene,Ic1ccccc1,4.59
1-chloro-n-decane,CCCCCCCCCCCl,4.58
thioanisole,CSc1ccccc1,4.54
2-amino-5-chloropyridine,Nc1ccc(Cl)cn1,4.5
chlorodecane,CCCCCCCCCCCl,4.5
di-octyl_terephthalate,CCCCCCCCOC(=O)c1ccc(cc1)C(=O)OCCCCCCCC,4.5
dibutyl_sebacate,CCCCOC(=O)CCCCCCCCC(=O)OCCCC,4.5
dioctyl_terephthalate,CCCCCCCCOC(=O)c1ccc(cc1)C(=O)OCCCCCCCC,4.5
tri-n-butyl_phosphate,CCCCO[P](=O)(OCCCC)OCCCC,4.5
phenyl_butanoate,CCCC(=O)Oc1ccccc1,4.48
isobutylamine,CC(C)CN,4.4
isobutyl_isobutyrate,CC(C)COC(=O)C(C)C,4.39
1-hexanethiol,CCCCCCS,4.34
ethyl_ether,CCOCC,4.34
ethylether,CCOCC,4.34
ether,CCOCC,4.335
tert-butylamine,CC(C)(C)N,4.31
anisol,COc1ccccc1,4.3
anisole,COc1ccccc1,4.3
benzylethylamine,NCCCc1ccccc1,4.3
c2h5–o–c2h5,CCO,4.3
diethyl_ether,CCOCC,4.3
diethylether,CCOCC,4.3
mox,CO[C@](NC(=O)[C@@H](C(O)=O)c1ccc(O)cc1)([C@H]2OCC(=C)C(=N2)C(O)=O)C(O)=O,4.3
phenyl_pentanoate,CCCCC(=O)Oc1ccccc1,4.3
thiophenol,Sc1ccccc1,4.2728
dee,CCOC(=O)c1c(C)[nH]nc1C,4.27
4-vinylphenol,Oc1ccc(C=C)cc1,4.25
c2h5oc2h5,CCO,4.24
di-ethyl_ether,CCOCC,4.24
tcnq,N#CC(C#N)=C1C=CC(C=C1)=C(C#N)C#N,4.23
ethyloctanoate,CCCCCCCC(=O)OCC,4.2
tris2-butoxy_ethylphosphate,CCCCOCCO[P](=O)(OCCOCCCC)OCCOCCCC,4.2
ethyl_phenyl_ether,CCOc1ccccc1,4.18
acetate,CC([O-])=O,4.17
1-tetradecanol,CCCCCCCCCCCCCCO,4.16
1-heptanethiol,CCCCCCCS,4.11
benzyl_salicylate,Oc1ccccc1C(=O)OCc2ccccc2,4.1
butylhexanoate,CCCCCC(=O)OCCCC,4.1
n-hexylamine,CCCCCCN,4.1
pcb,Clc1cc(Cl)c(Cl)c(Cl)c1Cl,4.1
sinapic_acid,COc1cc(/C=C/C(O)=O)cc(OC)c1O,4.1
dioctyl_sebacate,CCCCCCCCOC(=O)CCCCCCCCC(=O)OCCCCCCCC,4.01
dbe,COC(=O)CCCCC(=O)OC.COC(=O)CCCC(=O)OC.COC(=O)CCC(=O)OC,4
dibenzylether,C(OCc1ccccc1)c2ccccc2,4
dodecan-4-ol,CCCCCCCCC(O)CCC,4
fluorescein,Oc1ccc2c(Oc3cc(O)ccc3C24OC(=O)c5ccccc45)c1,4
premix,[Cl-].C[N+](C)(C)CCCl,4
salvinorin_a,COC(=O)C1CC(OC(C)=O)C(=O)[C@H]2C1(C)CC[C@H]3C(=O)O[C@@H](CC23C)c4cocc4,4
sulfoxide,CCCCCCCC[S](=O)C(C)Cc1ccc2OCOc2c1,4
methylanisole,COc1ccccc1C,3.99
ep,C[C@H]1CCC[C@H]2O[C@H]2C[C@H](OC(=O)C[C@H](O)C(C)(C)C(=O)[C@H](C)[C@H]1O)\C(C)=C\c3csc(C)n3,3.98
1-octanethiol,CCCCCCCCS,3.95
pema,O.CCC(C(N)=O)(C(N)=O)c1ccccc1,3.925
n-benzyl-2-methyl-4-nitroaniline,Cc1cc(ccc1NCc2ccccc2)[N+]([O-])=O,3.902
doa,CCCCC(CC)COC(=O)CCCCC(=O)OCC(CC)CCCC,3.9
dpe,ClC(Cl)(Cl)C(c1ccccc1)c2ccccc2,3.9
isopropyl_ether,CC(C)OC(C)C,3.9
pentacene,c1ccc2cc3cc4cc5ccccc5cc4cc3cc2c1,3.9
tbc,Nc1ncnc2n(ccc12)C3OC(CO)C(O)C3O,3.895
benzyl_ether,C(OCc1ccccc1)c2ccccc2,3.86
isopropylether,CC(C)OC(C)C,3.845
1-decanethiol,CCCCCCCCCCS,3.84
tetraline,C1CCc2ccccc2C1,3.83
dibenzyl_ether,C(OCc1ccccc1)c2ccccc2,3.821
diphenyl_ether,O(c1ccccc1)c2ccccc2,3.813
diisopropylether,CC(C)OC(C)C,3.81
oleyl_alcohol,CCCCCCCC\C=C/CCCCCCCCO,3.8
dio,C1COCCO1,3.75
butyl_phenyl_ether,CCCCOc1ccccc1,3.734
diphenylether,O(c1ccccc1)c2ccccc2,3.73
1-pentadecanol,CCCCCCCCCCCCCCCO,3.72
acrylate_trimethylolpropane_triacrylate,CCC(CO)(CO)CO.OC(=O)C=C.OC(=O)C=C.OC(=O)C=C.OC(=O)C=C,3.71
1-chloro-n-hexadecane,CCCCCCCCCCCCCCCCCl,3.7
di-isopropyl_ether,CC(C)OC(C)C,3.7
epoxy_resin,CC(C)(c1ccc(O)cc1)c2ccc(O)cc2.OC(=O)C=C.ClCC3CO3,3.7
tpp,Cc1ncc(C[n+]2csc(CCO[P](O)(=O)O[P](O)(O)=O)c2C)c(N)n1,3.7
octylamine,CCCCCCCCN,3.69
tetracene,c1ccc2cc3cc4ccccc4cc3cc2c1,3.69
badge,CC(C)(c1ccc(OCC2CO2)cc1)c3ccc(OCC4CO4)cc3,3.6
butyl_ether,CCCCOCCCC,3.6
diethylamine,CCNCC,3.6
eicosylamine,CCCCCCCCCCCCCCCCCCCCN,3.6
pmda,O=C1OC(=O)c2cc3C(=O)OC(=O)c3cc12,3.6
poly4-vinylphenol,CCc1ccc(O)cc1,3.6
2-propanol–toluene,CC(C)O.Cc1ccccc1,3.59
diisopropyl_ether,CC(C)OC(C)C,3.59
n-octylamine,CCCCCCCCN,3.58
dibromoethane,CC(Br)Br,3.575
1-hexadecanol,CCCCCCCCCCCCCCCCO,3.56
bismaleimide,O=C1C=CC(=O)N1c2ccc(Cc3ccc(cc3)N4C(=O)C=CC4=O)cc2,3.55
1-hexanamine,CCCCCCN,3.53
perylene,c1cc2cccc3c4cccc5cccc(c(c1)c23)c45,3.525
dea,OCCNCCO,3.52
2-methylamino-5-chlorobenzophenone,CNc1ccc(Cl)cc1C(=O)c2ccccc2,3.5
acrylonitrile_butadiene_styrene,C=CC=C.C=CC#N.C=Cc1ccccc1,3.5
atrazine,CCNc1nc(Cl)nc(NC(C)C)n1,3.5
hydrazide,NNC(=O)c1ccncc1,3.5
lpa,OC(=O)CCCC[C@@H]1CCSS1,3.5
peceol,CCCCCCCC\C=C/CCCCCCCC(=O)OCC(O)CO,3.5
pyromellitic_dianhydride,O=C1OC(=O)c2cc3C(=O)OC(=O)c3cc12,3.5
tuftsin,C[C@@H](O)[C@H](N)C(=O)N[C@@H](CCCCN)C(=O)N1CCC[C@H]1C(=O)N[C@@H](CCCN=C(N)N)C(O)=O.CC(O)=O.CC(O)=O,3.5
dibenzylamine,C(NCc1ccccc1)c2ccccc2,3.446
1-heptylamine,CCCCCCCN,3.42
1_1_1_trichloroethane,CC(Cl)(Cl)Cl,3.4
1_1_2-trichloro-ethane,ClCC(Cl)Cl,3.4
behenic_acid,CCCCCCCCCCCCCCCCCCCCCC(O)=O,3.4
labrafil,CCCCCCCCCCCCCCCCCC(O)=O.CCCCCCCCCCCCCCCC(O)=O.OCCOCC(COCCO)OCCO,3.4
naphthalene,c1ccc2ccccc2c1,3.4
trichloroethane,CC(Cl)(Cl)Cl,3.4
din-propyl_ether,CCCOCCC,3.39
2_6-dichlorotoluene,Cc1c(Cl)cccc1Cl,3.36
dipropyl_ether,CCCOCCC,3.34
n-hexane–chloroform,CCCCCC.ClC(Cl)Cl,3.31
1-octanamine,CCCCCCCCN,3.3
diglycidyl_ether_of_bisphenol_a,CC(C)(c1ccc(OCC2CO2)cc1)c3ccc(OCC4CO4)cc3,3.3
phenyl_laurate,CCCCCCCCCCCC(=O)Oc1ccccc1,3.28
isopropyl_myristate,CCCCCCCCCCCCCC(=O)OC(C)C,3.245
dpa,c1ccc(cc1)c2c3ccccc3c(c4ccccc4)c5ccccc25,3.235
glycerol_trioleate,CCCCCCCC\C=C/CCCCCCCC(=O)OCC(COC(=O)CCCCCCC\C=C/CCCCCCCC)OC(=O)CCCCCCC\C=C/CCCCCCCC,3.21
1-propanoic_acid,CCC(O)=O,3.2
chrysene,c1ccc2c(c1)ccc3c4ccccc4ccc23,3.2
octanethiol,CCCCCCCCS,3.2
phenyl,c1ccccc1,3.2
propanoic_acid,CCC(O)=O,3.2
triolein,CCCCCCCC\C=C/CCCCCCCC(=O)OCC(COC(=O)CCCCCCC\C=C/CCCCCCCC)OC(=O)CCCCCCC\C=C/CCCCCCCC,3.2
apollo,Clc1ccccc1c2nnc(nn2)c3ccccc3Cl,3.18
ma,C[C@]1(O)CC[C@H]2[C@@H]3CCC4=CC(=O)C=C[C@]4(C)[C@H]3CC[C@]12C,3.15
propionic_acid,CCC(O)=O,3.15
di-n-propylamine,CCCNCCC,3.13
glycerol_tripalmitate,CCCCCCCCCCCCCCCC(=O)OCC(COC(=O)CCCCCCCCCCCCCCC)OC(=O)CCCCCCCCCCCCCCC,3.12
dtab,[Br-].CCCCCCCCCCCC[N+](C)(C)C,3.115
dipentyl_ether,CCCCCOCCCCC,3.1
gma,N[C@H](CCC(O)=O)C(N)=O,3.1
oleylamine,CCCCCCCC\C=C/CCCCCCCCN,3.1
planum,CN1C(=O)C(O)N=C(c2ccccc2)c3cc(Cl)ccc13,3.1
polycarbonate,CC(C)(c1ccc(O)cc1)c2ccc(O)cc2,3.1
polysulphone,CC(C)(c1ccc(O)cc1)c2ccc(O)cc2.Oc3ccc(cc3)[S](=O)(=O)c4ccc(O)cc4,3.1
dibutylether,CCCCOCCCC,3.08
ethyl_palmitate,CCCCCCCCCCCCCCCC(=O)OCC,3.07
dibutyl_ether,CCCCOCCCC,3.05
din-butyl_ether,CCCCOCCCC,3.05
fluorene,C1c2ccccc2c3ccccc13,3.05
2-methylimidazole,Cc1[nH]ccn1,3.04
1-heptanoic_acid,CCCCCCC(O)=O,3.03
9-methylanthracene,Cc1c2ccccc2cc3ccccc13,3.02
glycerol_tristearate,CCCCCCCCCCCCCCCCCC(=O)OCC(COC(=O)CCCCCCCCCCCCCCCCC)OC(=O)CCCCCCCCCCCCCCCCC,3.02
dansyl,CN(C)c1cccc2c1cccc2[S](Cl)(=O)=O,3
dipalmitoylphosphatidylcholine,CCCCCCCCCCCCCCCC(=O)OC[C@H](CO[P]([O-])(=O)OCC[N+](C)(C)C)OC(=O)CCCCCCCCCCCCCCC,3
ellagic_acid,Oc1cc2C(=O)Oc3c(O)c(O)cc4C(=O)Oc(c1O)c2c34,3
glutamic_acid,N[C@@H](CCC(O)=O)C(O)=O,3
mpd,C[C@H](O)CC(C)(C)O,3
plurol_oleique,OCC(O)CCCCCCCCC\C=C/CCCC(CC(O)CO)C(CC(O)CO)C(CC(O)CO)C(CC(O)CO)C(=O)OCC(O)CO,3
polycaprolactam,CCCCCC(N)=O,3
polysulfone,CC(C)(c1ccc(O)cc1)c2ccc(O)cc2.Oc3ccc(cc3)[S](=O)(=O)c4ccc(O)cc4,3
tyrosine,N[C@@H](Cc1ccc(O)cc1)C(O)=O,3
salicylic_acid,OC(=O)c1ccccc1O,2.99
anthracene,c1ccc2cc3ccccc3cc2c1,2.975
dipropylamine,CCCNCCC,2.923
cyclopentadienone,O=C1C=CC=C1,2.9
ethyl_methyl_carbonate,CCOC(=O)OC,2.9
ethylmethyl_carbonate,CCCOC([O-])=O,2.9
methyl_ethyl_carbonate,CCOC(=O)OC,2.9
l-lysine,NCCCC[C@H](N)C(O)=O,2.89
1-butanoic_acid,CCCC(O)=O,2.88
octanoic_acid,CCCCCCCC(O)=O,2.85
1-methylnaphthalene,Cc1cccc2ccccc12,2.8475
1-hexanoic_acid,CCCCCC(O)=O,2.82
1-octanoic_acid,CCCCCCCC(O)=O,2.82
diethyl_carbonate,CCOC(=O)OCC,2.82
dec,C1CCC2CCCCC2C1,2.8125
acetaminophen,CC(=O)Nc1ccc(O)cc1,2.8
benzoxazole,o1cnc2ccccc12,2.8
diethylcarbonate,CCOC(=O)OCC,2.8
styrene-butadiene,C=CC=C.C=Cc1ccccc1,2.8
terpineol,CC(=C)C1CCC(C)(O)CC1.CC2=CCC(CC2)C(C)(C)O,2.8
tritolyl_phosphate,Cc1ccccc1O[P](=O)(Oc2ccccc2C)Oc3ccccc3C,2.78
mdea,CN(CCO)CCO,2.77
phthalic_anhydride,O=C1OC(=O)c2ccccc12,2.77
tetralin,C1CCc2ccccc2C1,2.77
din-pentyl_ether,CCCCCOCCCCC,2.73
tetrahydronaphthalene,C1CCc2ccccc2C1,2.73
thiophene,s1cccc1,2.727
bromodiphenylmethane,BrC(c1ccccc1)c2ccccc2,2.71
dimethyl,CC,2.7
dmm,CC(CCC(C)O[S](C)(=O)=O)O[S](C)(=O)=O,2.7
isoprene,CC(=C)C=C,2.7
pentanoic_acid,CCCCC(O)=O,2.69
msq,COc1cc2ncnc(Nc3cccc(SC)c3)c2cc1OC,2.675
cyanine,[Cl-].Nc1ccc2nc3ccc(N)cc3[s+]c2c1,2.67
propylamine,CCCN,2.6675
1-pentanoic_acid,CCCCC(O)=O,2.66
valeric_acid,CCCCC(O)=O,2.66
vinyon,CC(=O)OC=C.ClC=C,2.65
propylene,CC=C,2.64
allylbenzene,C=CCc1ccccc1,2.63
benzocyclobutene,C1Cc2ccccc12,2.625
benzocyclobutane,C1Cc2ccccc12,2.61
mpmp,CN1CCCC(C1)CN2c3ccccc3Sc4ccccc24,2.61
1_3-diisopropenyl_benzene,CC(=C)c1cccc(c1)C(C)=C,2.6
ascorbic_acid,OCC(O)C1OC(=C(O)C1=O)O,2.6
ddt,Clc1ccc(cc1)C(c2ccc(Cl)cc2)C(Cl)(Cl)Cl,2.6
diamantane,C1C2CC3C4CC5CC(C14)C(C2)C3C5,2.6
isobutyric_acid,CC(C)C(O)=O,2.6
polystyrene,C=Cc1ccccc1,2.6
squalene,CC(C)=CCC\C(C)=C\CC\C(C)=C\CC\C=C(/C)CC\C=C(/C)CCC=C(C)C,2.6
trioctylphosphine_oxide,CCCCCCCC[P](=O)(CCCCCCCC)CCCCCCCC,2.6
heptanoic_acid,CCCCCCC(O)=O,2.59
o-xylene,Cc1ccccc1C,2.551
aldehyde,CC=O,2.55
l-asparagine,N[C@@H](CC(N)=O)C(O)=O,2.55
din,Oc1ccc2c(O)cccc2c1,2.54
adamantane,C1C2CC3CC1CC(C2)C3,2.53
biphenyl,c1ccc(cc1)c2ccccc2,2.525
arachidic_acid,CCCCCCCCCCCCCCCCCCCC(O)=O,2.5
dl-aspartic_acid,NC(CC(O)=O)C(O)=O,2.5
oleic_acid,CCCCCCCC\C=C/CCCCCCCC(O)=O,2.5
styrofoam,CC(C)c1ccccc1,2.5
ttc,[Cl-].c1ccc(cc1)n2nc(n[n+]2c3ccccc3)c4ccccc4,2.5
l-aspartic_acid,N[C@@H](CC(O)=O)C(O)=O,2.48
norbornane,C1CC2CCC1C2,2.48
styrene,C=Cc1ccccc1,2.47
ethylbenzene,CCc1ccccc1,2.4463
ethyl_benzene,CCc1ccccc1,2.446
hexamethylene_diamine,NCCCCCCN,2.42
tri-ethylamine,CCN(CC)CC,2.42
triethylamine,CCN(CC)CC,2.42
teta,NCCNCCNCCN,2.418
hydroxy-l-proline,ON1CCC[C@H]1C(O)=O,2.41
1_2-xylene,Cc1ccccc1C,2.4
cumene,CC(C)c1ccccc1,2.4
decanethiol,CCCCCCCCCCS,2.4
mbn,Cc1ccccc1,2.4
pseudocumene,Cc1ccc(C)c(C)c1,2.4
thymine,CC1=CNC(=O)NC1=O,2.4
tol,COc1ccc2c(cccc2c1C(F)(F)F)C(=S)N(C)CC(O)=O,2.4
triethyl_amine,CCN(CC)CC,2.4
nicotine,CN1CCC[C@H]1c2cccnc2,2.384
isopropylbenzene,CC(C)c1ccccc1,2.3805
1_2_4-trimethylbenzene,Cc1ccc(C)c(C)c1,2.38
l-proline,OC(=O)[C@@H]1CCCN1,2.38
methylbenzene,Cc1ccccc1,2.38
toluene,Cc1ccccc1,2.38
trimethylbenzene,Cc1cccc(C)c1C,2.38
propylbenzene,CCCc1ccccc1,2.37
diethylbenzene,CCc1ccccc1CC,2.369
1-tridecanol,CCCCCCCCCCCCCO,2.365
d-limonene,CC(=C)C1CCC(=CC1)C,2.36
m-xylene,Cc1cccc(C)c1,2.36
propyl_benzene,CCCc1ccccc1,2.36
butylbenzene,CCCCc1ccccc1,2.359
tert-butyl_benzene,CC(C)(C)c1ccccc1,2.359
p-cymene,CC(C)c1ccc(C)cc1,2.34
phenethylammonium,[NH3+]CCc1ccccc1,2.34
limonene,CC(=C)C1CCC(=CC1)C,2.3373
xylenes,CCc1ccccc1.Cc2ccc(C)cc2.Cc3cccc(C)c3.Cc4ccccc4C,2.325
isobutylbenzene,CC(C)Cc1ccccc1,2.318
nylon_6,CCCCCC(N)=O,2.3
dda,Nc1ncnc2n(cnc12)[C@H]3CC[C@@H](CO)O3,2.295
4-ma,CCN(CC)C(=O)[C@H]1CCC2C3CC[C@H]4N(C)C(=O)CCC4(C)C3CCC12C,2.29
perhydrofluorene,C1CCC2C(C1)CC3CCCCC23,2.281
benzene,c1ccccc1,2.28
isopropenylbenzene,CC(=C)c1ccccc1,2.28
xylene,Cc1ccccc1C,2.28
mesitylene,Cc1cc(C)cc(C)c1,2.2795
1_3_5-trimethylbenzene,Cc1cc(C)cc(C)c1,2.279
p-xylene,Cc1ccc(C)cc1,2.27
1-phenyloctane,CCCCCCCCc1ccccc1,2.26
octylbenzene,CCCCCCCCc1ccccc1,2.26
phenyloctane,CCCCCCCCc1ccccc1,2.26
polyisobutylene,CC(C)=C,2.25
1_2_4-trichlorobenzene,Clc1ccc(Cl)c(Cl)c1,2.24
dimethyladamantane,CC1C2CC3CC(C2)CC1(C)C3,2.212
1_4-dioxan,C1COCCO1,2.21
1_4-dioxane,C1COCCO1,2.21
cis-decalin,C1CC[C@@H]2CCCC[C@@H]2C1,2.21
dioxane,C1COCCO1,2.21
dmo,CC1(C)OC(=O)NC1=O,2.21
p-dioxane,C1COCCO1,2.21
decalin,C1CCC2CCCCC2C1,2.2
decaline,C1CCC2CCCCC2C1,2.2
diacetamide,CC(=O)NC(C)=O,2.2
dph,C[C@@H](Cc1ccccc1)C(N)=O,2.2
n-pentadecane,CCCCCCCCCCCCCCC,2.2
tcd,Clc1cnc(Oc2ccc(Oc3ncc(Cl)cc3Cl)cc2)c(Cl)c1,2.2
trans-decalin,C1CC[C@@H]2CCCC[C@H]2C1,2.2
decahydronaphthalene,C1CCC2CCCCC2C1,2.197
cyclodecane,C1CCCCCCCCC1,2.191
cyclohexene,C1CCC=CC1,2.188
padma,COC(Cc1ccccc1)OC,2.18
n-octanoic_acid,CCCCCCCC(O)=O,2.17
cyclooctene,C1CCCC=CCC1,2.163
dhn,[Na+].CC(=O)[C-]1C(=O)OC(=CC1=O)C,2.154
1-eicosanol,CCCCCCCCCCCCCCCCCCCCO,2.1456
cyclooctane,C1CCCCCCC1,2.12
pentol,CCCCCCCC/C=C/CCCCCCCC(=O)OCC(CO)(CO)COC(=O)CCCCCCC\C=C\CCCCCCCC,2.12
mpa,COc1c(C)c2COC(=O)c2c(O)c1C\C=C(C)\CCC(O)=O,2.102
bcn,OCCN(CCO)CC(O)=O,2.1
isohexadecane,CCCCCCCCCCCCCC(C)C,2.1
norbornene,C1CC2CC1C=C2,2.1
polypropylene,CC=C,2.1
trioctylamine,CCCCCCCCN(CCCCCCCC)CCCCCCCC,2.1
1-octene,CCCCCCC=C,2.081
undecane,CCCCCCCCCCC,2.07
heptadecane,CCCCCCCCCCCCCCCCC,2.06
n-hexadecane,CCCCCCCCCCCCCCCC,2.05
pentadecane,CCCCCCCCCCCCCCC,2.0445
n-tetradecan,CCCCCCCCCCCCCC,2.0368
mch,CC1=CC(=O)CCC1,2.03
tetradecane,CCCCCCCCCCCCCC,2.03
tridecane,CCCCCCCCCCCCC,2.03
cyclohexane,C1CCCCC1,2.02
methylcyclohexane,CC1CCCCC1,2.02
dodecane,CCCCCCCCCCCC,2.01
n-dodecane,CCCCCCCCCCCC,2.01
acetone–hexane,CCCCCC.CC(C)=O,2
arginine,N[C@@H](CCCNC(N)=N)C(O)=O,2
aspartic_acid,N[C@@H](CC(O)=O)C(O)=O,2
chx,C1CCCCC1,2
decane,CCCCCCCCCC,2
decanol_cyclohexane,CCCCCCCCCCO.C1CCCCC1,2
hexadecane,CCCCCCCCCCCCCCCC,2
iso-dodecane,CCCCCCCCCC(C)C,2
pco,CC(C)(CO)[C@@H](O)C(=O)NCCC(=O)N\C=C/S,2
phenazine,c1ccc2nc3ccccc3nc2c1,2
xylol,Cc1ccccc1C,2
nonane,CCCCCCCCC,1.99
n-decane,CCCCCCCCCC,1.985
i-decane,CCCCCCCC(C)C,1.98
linalool,CC(C)=CCCC(C)(O)C=C,1.98
isopentane,CCC(C)C,1.975
n-tetradecane,CCCCCCCCCCCCCC,1.975
n-nonane,CCCCCCCCC,1.972
cyclopentane,C1CCCC1,1.965
carbon_nitride,NCCN,1.95
octane,CCCCCCCC,1.95
2_2_4-trimethylpentane,CC(C)CC(C)(C)C,1.94
iso-octane,CCCCCC(C)C,1.94
isooctane,CCCCCC(C)C,1.94
ethane,CC,1.93
n-octane,CCCCCCCC,1.921
2-furoylfluoride_heptane,CCCCCCC.FC(=O)c1occc1,1.92
heptane,CCCCCCC,1.92
n-heptane,CCCCCCC,1.92
c2h6,CC,1.917
3-methylpentane,CCC(C)CC,1.9
heptan,CCCCCCC,1.9
hexane,CCCCCC,1.89
iso-hexane,CCCC(C)C,1.89
n-hexane,CCCCCC,1.89
phema,CC(=C)C(=O)OCCO,1.8845
hexane-methanol,CO.CCCCCC,1.88
hexanes,CCCCCC,1.88
polybutene,CCC=C.C\C=C\C,1.875
n-pentane,CCCCC,1.84
pentane,CCCCC,1.84
dioctylcyclohexane,CCCCCCCCC1(CCCCCCCC)CCCCC1,1.8
2_2-dimethylpropane,CC(C)(C)C,1.78
1-nonanoic_acid,CCCCCCCCC(O)=O,1.72
n-butane,CCCC,1.7
citral,CC(C)=CCCC(C)=CC=O,1.6
morin,Oc1ccc(c(O)c1)C2=C(O)C(=O)c3c(O)cc(O)cc3O2,1.6
prolate,CO[P](=S)(OC)SCN1C(=O)c2ccccc2C1=O,1.6
butanoic_acid,CCCC(O)=O,1.501
[methionine],CSCC[C@H](N)C(O)=O,1.5
propane,CCC,1.5
meo,COC1CCN(CC1)C2CC(OC(C)C2O)OC3c4c(O)c5C(=O)c6c(OC)cccc6C(=O)c5c(O)c4CCC3(O)C(C)=O,1.49285
ctc,CN(C)[C@H]1[C@@H]2C[C@H]3C(=C(O)c4c(O)ccc(Cl)c4[C@@]3(C)O)C(=O)[C@]2(O)C(=O)\C(=C(N)\O)C1=O,1.4579
kaempferol,Oc1ccc(cc1)C2=C(O)C(=O)c3c(O)cc(O)cc3O2,1.385
spurr,CC(C)CC(C)/C=C/CC1CC(=O)OC1=O.C(COCC2CO2)COCC3CO3.C4CC5OC5CC4C6CO6,1.31
egmpe,OCCOc1ccccc1,1.264
rhodamine_6g,[Cl-].CCNc1cc2[o+]c3cc(NCC)c(C)cc3c(c2cc1C)c4ccccc4C(=O)OCC,1.2
doxo,CC(=O)OCC(=O)C1CCC2C3CCC4=CC(=O)CCC4(C)C3CCC12C,1.08
triphenylamine,c1ccc(cc1)N(c2ccccc2)c3ccccc3,1.05
dehp,CCCCC(CC)COC(=O)c1ccccc1C(=O)OCC(CC)CCCC,1
dfdt,Fc1ccc(cc1)C(c2ccc(F)cc2)C(Cl)(Cl)Cl,0.42
1_3-dibromopropane,BrCCCBr,0.345
