MOLECULE_NAME,SMILES,log_RI_minus_1
#NAZWA?,CC(C)=CCCC(C)(O)C=C,-0.360593205
1-2-cyanoethyl-3-2-hydroxyethyl-imidazoliumchloride,[Cl-].OCCn1cc[n+](CCC#N)c1,-0.268814292
1-2-cyanoethyl-3-2-propen-1-yl-imidazoliumchloride,[Cl-].C=CCn1cc[n+](CCC#N)c1,-0.270187493
1-4-bromophenylethanone,CC(=O)c1ccc(Br)cc1,-0.189095719
1-adamantaneaceticacid,OC(=O)CC12CC3CC(CC(C3)C1)C2,-0.22184875
1-benzyl-3-methylimidazolium,Cn1cc[n+](Cc2ccccc2)c1,-0.22184875
1-benzyl-3-methylimidazoliumchloride,[Cl-].Cn1cc[n+](Cc2ccccc2)c1,-0.247797847
1-benzyl-4-propylbenzene,CCCc1ccc(Cc2ccccc2)cc1,-0.449527043
1-bromo-propane,CCCBr,-0.36251027
1-bromoheptane,CCCCCCCBr,-0.346787486
1-bromonaphthalene,Brc1cccc2ccccc12,-0.181114585
1-butanol,CCCCO,-0.399027104
1-butene,CCC=C,-0.408935393
1-butyl-3-2-cyanoethyl-imidazoliumchloride,[Cl-].CCCC[n+]1ccn(CCC#N)c1,-0.288867928
1-butyl-3-6-hydroxyhexyl-imidazoliumchloride,[Cl-].CCCC[n+]1ccn(CCCCCCO)c1,-0.298604731
1-butyl-3-methylimidazolium,CCCC[n+]1ccn(C)c1,-0.370050417
1-butyl-3-methylimidazolium_hexafluorophosphate,CCCC[n+]1ccn(C)c1.F[P-](F)(F)(F)(F)F,-0.386158178
1-butyl-3-methylimidazolium_tetrafluoroborate,CCCC[n+]1ccn(C)c1.F[B-](F)(F)F,-0.379197913
1-butyl-3-methylimidazoliumbromide,[Br-].CCCC[n+]1ccn(C)c1,-0.26760624
1-butylamine,CCCCN,0.230576636
1-butylpyridinium_tetrafluoroborate,CCCC[n+]1ccccc1.F[B-](F)(F)F,-0.353444346
1-chloro-3-trichloromethylbenzene,Clc1cccc(c1)C(Cl)(Cl)Cl,-0.350567777
1-chloro-n-decane,CCCCCCCCCCCl,-0.358525889
1-chloro-n-hexadecane,CCCCCCCCCCCCCCCCCl,-0.346787486
1-chloro-n-propane,CCCCl,-0.413412695
1-chlorobutane,CCCCCl,-0.397994299
1-chlorohexane,CCCCCCCl,-0.3796557
1-chloronaphthalene,Clc1cccc2ccccc12,-0.19859629
1-chloropentane,CCCCCCl,-0.387322082
1-chloropropane,CCCCl,-0.411168274
1-cyclohexylpiperazine,C1CCC(CC1)N2CCNCC2,-0.221053272
1-decanol,CCCCCCCCCCO,-0.359518563
1-decene,CCCCCCCCC=C,-0.374687549
1-decyl-3-methylimidazolium,CCCCCCCCCC[n+]1ccn(C)c1,-0.36094204
1-dodecanethiol,CCCCCCCCCCCCS,-0.33856595
1-dodecanol,CCCCCCCCCCCCO,-0.337242168
1-ethyl-3-6-hydroxyhexyl-imidazoliumchloride,[Cl-].CC[n+]1ccn(CCCCCCO)c1,-0.300075597
1-ethyl-3-methylimidazolium,CC[n+]1ccn(C)c1,-0.374163008
1-ethyl-3-methylimidazoliumthiocyanate,CC[n+]1ccn(C)c1.[S-]C#N,-0.271240525
1-heptanol,CCCCCCCO,-0.372634143
1-hexanol,CCCCCCO,-0.378823718
1-hexene,CCCCC=C,-0.413356443
1-hexyl-3-methylimidazolium,CCCCCC[n+]1ccn(C)c1,-0.366996387
1-hexyl-3-methylimidazoliumchloride,[Cl-].CCCCCC[n+]1ccn(C)c1,-0.297138829
1-hydroxy_cyclohexyl_phenyl_ketone,OC1(CCCCC1)C(=O)c2ccccc2,-0.216811309
1-iodonaphthalene_sulfur,S.Ic1cccc2ccccc12,-0.15490196
1-isopropylnaphthalene,CC(C)c1cccc2ccccc12,-0.159266765
1-methoxynaphthalene,COc1cccc2ccccc12,-0.15864053
1-methyl-2-pyrrolidone,CN1CCCC1=O,-0.329105046
1-methyl-3-octylimidazoliumchloride,[Cl-].CCCCCCCCn1cc[n+](C)c1,-0.306624849
1-methylcyclohexene,CC1=CCCCC1,-0.346787486
1-methyldecahydronaphthalene,CC1CCCC2CCCCC12,-0.31930197
1-methylnaphthalene,Cc1cccc2ccccc12,-0.209521312
1-methylpyreneacetonitrile,CC1(CC=C2C=Cc3cccc4ccc1c2c34)CC#N,-0.445995679
1-methylpyrrolidin-2-one,CN1CCCC1=O,-0.327902142
1-naphthalenecarboxylicacid,OC(=O)c1cccc2ccccc12,-0.337242168
1-nitropropane,CCC[N+]([O-])=O,-0.396855627
1-nonanol,CCCCCCCCCO,0.748188027
1-octadecene,CCCCCCCCCCCCCCCCC=C,-0.34920696
1-octanethiol,CCCCCCCCS,-0.346787486
1-octanol,CCCCCCCCO,-0.367542708
1-octene,CCCCCCC=C,-0.388276692
1-octyl-3-methylimidazolium,CCCCCCCC[n+]1ccn(C)c1,-0.363953643
1-pentanol,CCCCCO,-0.387841554
1-pentene,CCCC=C,-0.42945706
1-pentylamine,CCCCCN,-0.385102784
1-phenyl-1-pentanol,CCCCC(O)c1ccccc1,-0.388701638
1-propanol,CCCO,-0.400116928
1-propyl_alcohol,CCCO,-0.416064797
10-undecenoic_acid,OC(=O)CCCCCCCCC=C,0.602059991
120-82-1,Clc1ccc(Cl)c(Cl)c1,-0.242679903
123-35-3,CC(C)=CCCC(=C)C=C,-0.328827157
12h,OCCCCCCCCCCCC(O)=O,0.474944335
1_1-dichloroethane,CC(Cl)Cl,-0.380906669
1_1_1-trichloroethane,CC(Cl)(Cl)Cl,-0.35860522
1_1_2-trichloroethane,ClCC(Cl)Cl,-0.326610422
1_2-dibromopropane,CC(Br)CBr,-0.283913146
1_2-dichlorobenzene,Clc1ccccc1Cl,-0.258533238
1_2-dichloroethane,ClCCCl,-0.35261703
1_2-dimethoxy_ethane,COCCOC,-0.450996738
1_2-ethanediol,OCCO,-0.365170198
1_2-pentanediol,CCCC(O)CO,-0.356547324
1_2-propanediol,CC(O)CO,-0.365623506
1_2_4-trichlorobenzene,Clc1ccc(Cl)c(Cl)c1,-0.244125144
1_2_dichloroethane,ClCCCl,-0.356547324
1_3-bis2_2_2-trifluoro-ethoxypropan-2-ol,OC(COCC(F)(F)F)COCC(F)(F)F,-0.453457337
1_3-butadiene,C=CC=C,-0.367542708
1_3-butanediol,CC(O)CCO,-0.358129455
1_3-indandione,O=C1CC(=O)c2ccccc12,-0.023191663
1_3-propanediol,OCCCO,-0.358030402
1_3-xylene,Cc1cccc(C)c1,-0.305728327
1_3_5-trimethylbenzene,Cc1cc(C)cc(C)c1,-0.303783447
1_4-benzenedithiol,Sc1ccc(S)cc1,-0.346787486
1_4-butanediol,OCCCCO,-0.352030542
1_4-dioxan,C1COCCO1,-0.37427609
1_4-dioxane,C1COCCO1,-0.374687549
1_5-pentanediol,OCCCCCO,-0.348625056
1_6-dichlorohexane,ClCCCCCCCl,-0.337242168
1_6-hexanediol_diacrylate,OCCCCCCO.OC(=O)C=C.OC(=O)C=C,-0.341035157
1_8-cineole,CC12CCC(CC1)C(C)(C)O2,-0.339551949
1h-pyrazole,[nH]1cccn1,-0.37644061
2-2-ethoxyethoxy-ethyl_acrylate,CCOCCOCCOC(=O)C=C,-0.359518563
2-acetylcyclohexanone,CC(=O)C1CCCCC1=O,-0.2892059
2-amino-1-phenylethanone,NCC(=O)c1ccccc1,-0.210419288
2-amino-2-methyl-1-propanol,CC(C)(N)CO,-0.350543439
2-aminobenzenethiol,Nc1ccccc1S,-0.336676066
2-aminoethanethiol,NCCS,-0.318758763
2-aminoethanol,NCCO,-0.34275287
2-apb,NCCOB(c1ccccc1)c2ccccc2,0.397940009
2-butanol,CCC(C)O,-0.403128121
2-butanone,CCC(C)=O,-0.423745056
2-butoxyethanol,CCCCOCCO,-0.180456064
2-chloro-3-nitropyridine,[O-][N+](=O)c1cccnc1Cl,-0.341988603
2-chlorobutane,CCC(C)Cl,-0.402304814
2-chloroethanol,OCCCl,-0.354675998
2-chloropropane,CC(C)Cl,-0.4225082
2-chlorotoluene,Cc1ccccc1Cl,-0.281826439
2-decanone,CCCCCCCCC(C)=O,0.69019608
2-decyloxyethanol,CCCCCCCCCCOCCO,-0.346787486
2-dodecanol,CCCCCCCCCCC(C)O,-0.373659633
2-ethoxyethanol,CCOCCO,-0.391473966
2-ethyl-1-butene,CCC(=C)CC,-0.401209493
2-ethyl-1-hexanol,CCCCC(CC)CO,-0.367239112
2-ethyl-3-nitrosothiazolidine,CCC1SCCN1N=O,-0.213248578
2-ethylhexanal,CCCCC(CC)C=O,0.579783597
2-ethylhexanoic_acid,CCCCC(CC)C(O)=O,-0.15490196
2-ethylhexanol,CCCCC(CC)CO,-0.36552273
2-ethylhexyl_acetate,CCCCC(CC)COC(C)=O,0.707570176
2-furaldehyde,O=Cc1occc1,-0.280668713
2-furylethylene,C=Cc1occc1,0.602059991
2-heptanol,CCCCCC(C)O,-0.37675071
2-heptanone,CCCCCC(C)=O,0.633468456
2-hexanol,CCCCC(C)O,-0.381951903
2-hexanone,CCCCC(C)=O,-0.396855627
2-hexyloxyethanol,CCCCCCOCCO,-0.367542708
2-hydroxybenzaldehyde,Oc1ccccc1C=O,-0.241845378
2-hydroxyethyl_acrylate,OCCOC(=O)C=C,-0.347995538
2-hydroxyethylacrylate,OCCOC(=O)C=C,-0.348721986
2-hydroxyethylammonium_formate,[NH3+]CCO.[O-]C=O,-0.34275287
2-hydroxylethylacrylate,OCCOC(=O)C=C,-0.351639989
2-iodo-4-methylphenol,Cc1ccc(O)c(I)c1,-0.273191317
2-me,OCCS,0.309630167
2-methoxyethanol,COCCO,-0.395773947
2-methyl-1-butanol,CCC(C)CO,0.372912003
2-methyl-1-pentene,CCCC(C)=C,-0.406713933
2-methyl-1-propanol,CC(C)CO,-0.403457882
2-methyl-2-butanol,CCC(C)(C)O,-0.395352821
2-methyl-2-butene,CC=C(C)C,-0.412289035
2-methyl-2-propanol,CC(C)(C)O,-0.412625828
2-methyl-thiophene,Cc1sccc1,-0.283996656
2-methyl_pentane,CCCC(C)C,-0.43062609
2-methylaminoethanol,CNCCO,-0.35753548
2-methylbenzothiophene,Cc1sc2ccccc2c1,-0.155522824
2-methylbutane,CCC(C)C,-0.450996738
2-methylbutylammonium_formate,CCC(C)C[NH3+].[O-]C=O,-0.345246067
2-methylbutyraldehyde,CCC(C)C=O,-0.406713933
2-methylfuran,Cc1occc1,-0.36251027
2-methylnaphthalene,Cc1ccc2ccccc2c1,-0.220403509
2-methylpropenal,CC(=C)C=O,-0.382999659
2-methylpropylammonium_formate,CC(C)C[NH3+].[O-]C=O,-0.345246067
2-methyltetrahydrofuran,CC1CCCO1,-0.391473966
2-n-butylaminoethanol,CCCCNCCO,-0.351639989
2-naphthol,Oc1ccc2ccccc2c1,-0.537602002
2-nitrophenol,Oc1ccccc1[N+]([O-])=O,0.62324929
2-nitrophenyl2-methylpropanoate,CC(C)(C([O-])=O)c1ccccc1[N+]([O-])=O,-0.3650192
2-octanol,CCCCCCC(C)O,-0.370590401
2-octyloxyethanol,CCCCCCCCOCCO,-0.361510743
2-pentanol,CCCC(C)O,-0.309228197
2-pentanone,CCCC(C)=O,-0.409715596
2-pentyloxyethanol,CCCCCOCCO,-0.373659633
2-phenoxyethylacrylate,C=CC(=O)OCCOc1ccccc1,-0.283996656
2-phenylethanol,OCCc1ccccc1,0.525044807
2-phenylnaphthalene,c1ccc(cc1)c2ccc3ccccc3c2,-0.188424994
2-picoline,Cc1ccccn1,-0.30243068
2-propanol,CC(C)O,-0.423428316
2-propoxyethanol,CCCOCCO,-0.382999659
2-pyrrolidone,O=C1CCCN1,-0.318306608
2-thiophenecarboxaldehyde,O=Cc1sccc1,-0.23047498
2-thiophenemethanol,OCc1sccc1,-0.249491605
2_2-dimethylbutane,CCC(C)(C)C,-0.433209088
2_2_2-trifluoroethanol,OCC(F)(F)F,-0.544393887
2_2_4-trimethylpentane,CC(C)CC(C)(C)C,-0.40091423
2_3-butanediol,CC(O)C(C)O,-0.359916269
2_3-butylene_glycol,CC(O)C(C)O,-0.362210171
2_3-dehydro-1_8-cineole,CC12CCC(C=C1)C(C)(C)O2,0.477121255
2_3-dimethyl-1-butene,CC(C)C(C)=C,-0.397940009
2_3-dimethyl-2-butene,CC(C)=C(C)C,-0.385102784
2_3-heptanedione,CCCCC(=O)C(C)=O,0.06069784
2_3-octanedione,CCCCCC(=O)C(C)=O,0.806179974
2_3_3-trimethyl-1-butene,CC(=C)C(C)(C)C,-0.394694954
2_4-dichlorotoluene,Cc1ccc(Cl)cc1Cl,-0.259637311
2_4-dimethyl-2-pentene,CC(C)C=C(C)C,-0.393618635
2_4-dimethyl-3-pentanone,CC(C)C(=O)C(C)C,-0.397940009
2_4_4-trimethyl-2-pentene,CC(C)=CC(C)(C)C,-0.380906669
2_4_6-tca,Nc1c(Cl)cc(Cl)cc1Cl,0.365487985
2_6-dichlorotoluene,Cc1c(Cl)cccc1Cl,-0.259637311
3-6-hydroxyhexyl-1-methylimidazoliumchloride,[Cl-].C[n+]1ccn(CCCCCCO)c1,-0.300856313
3-6-hydroxyhexyl-imidazoliumchloride,[Cl-].OCCCCCCn1cc[nH+]c1,-0.301986496
3-buten-2-one,CC(=O)C=C,-0.384049948
3-chloro-2-methylanisole,COc1cccc(Cl)c1C,-0.37675071
3-dimethylaminoacrolein,CN(C)C=CC=O,-0.233587153
3-dimethylaminophenol,CN(C)c1cccc(O)c1,-0.229516191
3-ethyltetrahydrofuran,CCC1CCOC1,-0.308918508
3-furancarboxaldehyde,O=Cc1cocc1,-0.305394801
3-heptanol,CCCCC(O)CC,-0.37675071
3-heptanone,CCCCC(=O)CC,-0.391473966
3-hexanone,CCCC(=O)CC,0.445604203
3-hydroxy-2-butanone,CC(O)C(C)=O,-0.379863945
3-hydroxy-3-methylbutanoicacid,CC(C)(O)CC(O)=O,-0.294050805
3-methoxy-1-propyne,COCC#C,-0.298000525
3-methoxy_propionitrile,COCCC#N,-0.394694954
3-methoxybenzaldehyde,COc1cccc(C=O)c1,-0.257274869
3-methyl-1-butanol,CC(C)CCO,-0.391313542
3-methyl-1-butene,CC(C)C=C,-0.438898616
3-methyl-1-pentene,CCC(C)C=C,-0.415668776
3-methyl-2-butanone,CC(C)C(C)=O,-0.411168274
3-methyl-2_5-furandione,CC1=CC(=O)OC1=O,-0.326979093
3-methylbenzaldehyde,Cc1cccc(C=O)c1,-0.266802735
3-methylbutanal,CC(C)CC=O,-0.408935393
3-methylbutanoic_acid,CC(C)CC(O)=O,0.40654018
3-methylbutanoic_acid_ethyl_ester,CCOC(=O)CC(C)C,0.544068044
3-methylpentane,CCC(C)CC,-0.427302615
3-methyltetrahydrofuran,CC1CCOC1,-0.307153081
3-nitrobenzanthrone,[O-][N+](=O)c1ccc2c3ccccc3C(=O)c4cccc1c24,0.301029996
3-nitrophenol,Oc1cccc(c1)[N+]([O-])=O,0.681241237
3-pentanone,CCC(=O)CC,-0.406713933
3-penten-2-one,CC=CC(C)=O,0.477121255
3-picoline,Cc1cccnc1,-0.296442107
3-pyridinecarboxamide,NC(=O)c1cccnc1,-0.331614083
3_3-dimethyl-1-butene,CC(C)(C)C=C,-0.424812155
3_3-dimethyl-2-butanone,CC(=O)C(C)(C)C,-0.403402904
3_4-dichlorotoluene,Cc1ccc(Cl)c(Cl)c1,-0.259637311
3mpa,OC(=O)CCS,0.301029996
4-1-ethylpropylpyridine,CCC(CC)c1ccncc1,-0.388170521
4-acetylbutyric_acid,CC(=O)CCCC(O)=O,-0.351639989
4-bromo-3-fluoroaniline,Nc1ccc(Br)c(F)c1,-0.326979093
4-bromo-3-methyl-1h-pyrazole,Cc1n[nH]cc1Br,-0.285502591
4-chlorobenzenesulfonothioicacid,O[S](=O)(=S)c1ccc(Cl)cc1,-0.388595362
4-dibutylaminobenzaldehyde,CCCCN(CCCC)c1ccc(C=O)cc1,-0.231361899
4-heptanone,CCCC(=O)CCC,0.506505032
4-hydroxy-2mercapto-6-propylpyrimidine,CCCc1cc(O)nc(S)n1,-0.4710833
4-hydroxybenzaldehyde,Oc1ccc(C=O)cc1,-0.243363892
4-hydroxybenzoic_acid,OC(=O)c1ccc(O)cc1,0.584331224
4-hydroxybutylacrylate,OCCCCOC(=O)C=C,-0.342944147
4-mercaptophenol,Oc1ccc(S)cc1,-0.292344676
4-methoxybenzylisocyanate,COc1ccc(CN=C=O)cc1,-0.363512104
4-methyl-1-pentene,CC(C)CC=C,-0.416801226
4-methyl-2-isopropyl-1-pentanol,CC(C)CC(CO)C(C)C,-0.2069084
4-methyl-2-nitrophenol,Cc1ccc(O)c(c1)[N+]([O-])=O,-0.241088108
4-methyl-2-oxovaleric_acid,CC(C)CC(=O)C(O)=O,0.763427994
4-methyl-2-pentanol,CC(C)CC(C)O,0.439332694
4-methyl-2-pentanone,CC(C)CC(C)=O,-0.400116928
4-methylacetophenone,CC(=O)c1ccc(C)cc1,-0.272458743
4-methylbenzaldehyde,Cc1ccc(C=O)cc1,-0.263603498
4-methylthiobenzaldehyde,CSc1ccc(C=O)cc1,-0.189767482
4-nitrophenol,Oc1ccc(cc1)[N+]([O-])=O,0.230448921
4-nitrothioanisole,CSc1ccc(cc1)[N+]([O-])=O,-0.193752173
4-oxopentanoic_acid,CC(=O)CCC(O)=O,-0.356547324
4-pentenoic_acid,OC(=O)CCC=C,0
4-picoline,Cc1ccncc1,-0.298552909
4-terpineol,CC(C)C1(O)CCC(=CC1)C,-0.329290405
4_4’-oxydianiline,Nc1ccc(Oc2ccc(N)cc2)cc1,-0.16222223
4_pa,OC(=O)CCC=C,-0.48148606
4pb,ONC(=O)CCC[P](O)(O)=O,0.103803721
5-bromo-2-nitropyridine,[O-][N+](=O)c1ccc(Br)cn1,-0.517126416
5-hexen-2-one,CC(=O)CCC=C,-0.378823718
5-ht,NCCc1c[nH]c2ccc(O)cc12.OC(=O)\C=C/C(O)=O,0.301029996
5-hydroxymethylfurfural,OCc1oc(C=O)cc1,0.658011397
5-methyl-23h-furanone,CC1=CCC(=O)O1,-0.348721986
5-methyl-25h-furanone,CC1OC(=O)C=C1,-0.351639989
5-methylbenzotriazole,Cc1ccc2[nH]nnc2c1,-0.167491087
5-nitrofurfurylalcohol,OCc1oc(cc1)[N+]([O-])=O,-0.235077015
56-81-5,OCC(O)CO,-0.327902142
5989-27-5,CC(=C)[C@@H]1CCC(=CC1)C,-0.325138859
5ni,[O-][N+](=O)c1ccc2[nH]ncc2c1,-0.13076828
6-acetyl_glucose,CC(=O)C(O)[C@@H](O)[C@@H](O)[C@H](O)[C@@H](O)C=O,0.301029996
6196-95-8,CC(c1ccccc1)c2ccc(C)c(C)c2,-0.247951552
7-methyl-3-octanone,CCC(=O)CCCC(C)C,-0.32348929
8-hydroxyquinolinium_2-carboxy-6-nitrophthalate_monohydrate,O.OC(=O)C1(C=CC=C(C1C([O-])=O)[N+]([O-])=O)C([O-])=O.Oc2cccc3ccc[nH+]c23.Oc4cccc5ccc[nH+]c45,-0.721246399
9-methylanthracene,Cc1c2ccccc2cc3ccccc13,-0.157453164
9-octadecene,CCCCCCCCC=CCCCCCCCC,-0.349692477
94-13-3,CCCOC(=O)c1ccc(O)cc1,-0.296708622
9_9-bis4-hydroxyphenylfluorene,Oc1ccc(cc1)C2(c3ccc(O)cc3)c4ccccc4c5ccccc25,-0.179798541
_methyl_methacrylate_,CC=C(C)C([O-])=O,-0.309360988
abn,NCc1ccccc1,0
abs,C=CC=C.C=CC#N.C=Cc1ccccc1,-0.252355181
abts,[NH4+].[NH4+].CCN1/C(Sc2cc(ccc12)[S]([O-])(=O)=O)=N/N=C/3Sc4cc(ccc4N3CC)[S]([O-])(=O)=O,0.57054294
acac,CC(=O)CC(C)=O,-0.346787486
acacetin,COc1ccc(cc1)C2=CC(=O)c3c(O)cc(O)cc3O2,-1.522878745
acenaphthene,C1Cc2cccc3cccc1c23,-0.218244625
acenaphthylene,c1cc2cccc3C=Cc(c1)c23,0.418301291
acetal,CCOC(C)OCC,0.84509804
acetaldehyde,CC=O,0.301029996
acetaminophen,CC(=O)Nc1ccc(O)cc1,-0.245651664
acetate,CC([O-])=O,-0.318758763
acetazolamide,CC(=O)Nc1sc(nn1)[S](N)(=O)=O,0.301029996
acetic_acid,CC(O)=O,-0.42945706
aceticacid,CC(O)=O,-0.429573822
aceticanhydride,CC(=O)OC(C)=O,-0.408935393
aceton,CC(C)=O,-0.445268623
acetone,CC(C)=O,-0.444905551
acetone-methylene_diiodide,CC(C)=O.ICI,-0.251811973
acetonitrile,CC#N,-0.463315327
acetophenone,CC(=O)c1ccccc1,-0.27388433
acetylacetone,CC(=O)CC(C)=O,-0.347366932
acetyliodide,CC(I)=O,-0.260348556
acf,C[n+]1c2cc(N)ccc2cc3ccc(N)cc13.Nc4ccc5cc6ccc(N)cc6nc5c4,-0.214670165
acid_chloride,CCCC(C)c1ccc(OCC(Cl)=O)c(c1)C(C)CCC,0.476396827
acl,CC(=O)[C@@H](N)CCCN=C(N)N,0.301029996
acn,CC#N,-0.468521083
acridine_orange,CN(C)c1ccc2cc3ccc(cc3nc2c1)N(C)C,-0.019996628
acriflavine,[Cl-].C[n+]1c2cc(N)ccc2cc3ccc(N)cc13.Nc4ccc5cc6ccc(N)cc6nc5c4,-0.346787486
acrivastine,Cc1ccc(cc1)C(=C\CN2CCCC2)/c3cccc(\C=C\C(O)=O)n3,0.041392685
acrolein,C=CC=O,0.285557309
acroleine,C=CC=O,0.230448921
acrylonitrile,C=CC#N,-0.244125144
active_amyl_alcohol,CCC(C)CO,-0.388648497
adipic_acid,OC(=O)CCCCC(O)=O,-0.337242168
adipic_acid_monomethyl_ester,COC(=O)CCCCC(O)=O,-0.355561411
aether,CCOCC,-0.45038376
age,C=CCOCC1CO1,-0.363512104
alcohol,CCO,-0.301029996
alcohols,CCO,-0.31264943
aldosterone,C[C@]12CCC(=O)C=C1CC[C@H]3[C@@H]4CC[C@H](C(=O)CO)[C@]4(C[C@H](O)[C@H]23)C=O,0.653212514
aliquat_336,[Cl-].CCCCCCCC[N+](C)(CCCCCCCC)CCCCCCCC,-0.330218385
allergan,[H+].[Cl-].CN(C)CCOC(c1ccccc1)c2ccccc2,-0.327902142
allyl_alcohol,OCC=C,-0.385155493
alon,CC(C)c1ccc(NC(=O)N(C)C)cc1,-0.102372909
alpinetin,COc1cc(O)cc2OC(CC(=O)c12)c3ccccc3,-0.795880017
amino-nitro-benzene,Nc1ccccc1[N+]([O-])=O,-0.453457337
aminopyrine,CN(C)C1=C(C)N(C)N(c2ccccc2)C1=O,0.477121255
ammonium_acetate,[NH4+].CC([O-])=O,-0.48148606
ammonium_acetate-acetic_acid,[NH4+].CC(O)=O.CC([O-])=O,0.544068044
amo,N[C@@H](CC(O)=O)C(=O)O[P](O)(=O)OC[C@H]1O[C@H]([C@H](O)[C@@H]1O)n2cnc3c(N)ncnc23,-0.332547047
ampicillin,CC1(C)S[C@@H]2[C@H](NC(=O)[C@H](N)c3ccccc3)C(=O)N2[C@H]1C(O)=O,0.336459734
amt,[H+].[Cl-].CC1CCN=C(N)S1,-0.029188389
amyl_alcohol,CCCCCO,-0.389127
amylacetate,CCCCCCC([O-])=O,-0.395234115
amylalcohol,CCCCCO,-0.39008559
anastrozole,CC(C)(C#N)c1cc(Cn2cncn2)cc(c1)C(C)(C)C#N,-1.096910013
anb-nos,[O-][N+](=O)c1ccc(cc1C(=O)ON2C(=O)CCC2=O)N=[N+]=[N-],-0.259637311
aniline,Nc1ccccc1,-0.231880106
anisodamine,CN1C2C[C@H](O)C1C[C@H](C2)OC(=O)[C@@H](CO)c3ccccc3,-0.230253533
anisol,COc1ccccc1,-0.28777133
anisole,COc1ccccc1,-0.28777133
anthracene,c1ccc2cc3ccccc3cc2c1,-0.104577454
anthracite,[O-]Cc1cccc2cc3ccccc3cc12,0.021189299
anthraquinone,O=C1c2ccccc2C(=O)c3ccccc13,-0.133476374
ants,[Na+].[Na+].Nc1cc(cc2cc(cc(c12)[S]([O-])(=O)=O)[S]([O-])(=O)=O)[S](O)(=O)=O,0.417471693
aot,[Na+].CCCCC(CC)COC(=O)CC(C(=O)OCC(CC)CCCC)[S]([O-])(=O)=O,-0.396152229
apa,NC(=N)c1ccc(CC(O)(O)C(O)=O)cc1,0.397940009
apigenin,Oc1ccc(cc1)C2=CC(=O)c3c(O)cc(O)cc3O2,-0.657577319
ar1,Cn1cc(NC=O)nc1C(=O)Nc2cn(C)c(n2)C(=O)Nc3cn(C)c(n3)C(=O)NCC[NH+](C)C,-0.208660296
arabitol,OCC(O)C(O)C(O)CO,-0.096910013
arachidic_acid,CCCCCCCCCCCCCCCCCCCC(O)=O,-0.346787486
arachidicacid,CCCCCCCCCCCCCCCCCCCC(O)=O,-0.346787486
arachidonic_acid,CCCCC/C=C\C\C=C/C/C=C\C\C=C/CCCC(O)=O,-0.316952962
arginine,N[C@@H](CCCNC(N)=N)C(O)=O,-0.195860568
armor,Nc1nc(N)nc(NC2CC2)n1,-0.107905397
asparagine,N[C@@H](CC(N)=O)C(O)=O,-1
aspartate,N[C@@H](CC([O-])=O)C([O-])=O,0.301029996
aspirin,CC(=O)Oc1ccccc1C(O)=O,-0.045757491
ata,N.N.N.OC(=O)c1cc(ccc1O)C(c2ccc(O)c(c2)C(O)=O)=C3C=CC(=O)C(=C3)C(O)=O,-0.397940009
atenolol,CC(C)NCC(O)COc1ccc(CC(N)=O)cc1,0.77815125
ato,CC(=O)CCl,-0.167491087
atorvastatin,CC(C)c1n(CC[C@@H](O)C[C@@H](O)CC(O)=O)c(c2ccc(F)cc2)c(c3ccccc3)c1C(=O)Nc4ccccc4,-1.187086643
atropine,CN1C2CCC1CC(C2)OC(=O)C(CO)c3ccccc3,0.301029996
aurantia,[O-][N+](=O)c1cc(c(Nc2c(cc(cc2[N+]([O-])=O)[N+]([O-])=O)[N+]([O-])=O)c(c1)[N+]([O-])=O)[N+]([O-])=O,-0.397940009
azelaic_acid,OC(=O)CCCCCCCC(O)=O,0.547774705
azelnidipine,CC(C)OC(=O)C1=C(C)NC(=C(C1c2cccc(c2)[N+]([O-])=O)C(=O)OC3CN(C3)C(c4ccccc4)c5ccccc5)N,-1.045757491
azithromycin,CC[C@H]1OC(=O)[C@H](C)[C@@H](O[C@H]2C[C@@](C)(OC)[C@@H](O)[C@H](C)O2)C(C)[C@@H](O[C@@H]3O[C@H](C)C[C@@H]([C@H]3O)N(C)C)[C@](C)(O)C[C@@H](C)CN(C)[C@H](C)[C@@H](O)[C@]1(C)O,0.428653045
azo,CO\C=C(C(=O)OC)/c1ccccc1Oc2cc(Oc3ccccc3C#N)ncn2,-0.12090412
azobenzene,c1ccc(cc1)N=Nc2ccccc2,0.18610838
azulenylium,c1ccc2cc[c+]c2cc1,-0.301029996
azure_a,[Cl-].CN(C)c1ccc2nc3ccc(N)cc3[s+]c2c1,-0.397940009
bacteriochlorin,C1Cc2cc3[nH]c(cc3)cc4CCc(cc5[nH]c(cc5)cc1n2)n4,-0.508638306
baicalein,Oc1cc2OC(=CC(=O)c2c(O)c1O)c3ccccc3,-1.019996628
baicalin,O[C@@H]1[C@@H](O)[C@@H](O[C@@H]([C@H]1O)C(O)=O)Oc2cc3OC(=CC(=O)c3c(O)c2O)c4ccccc4,-0.721246399
benzaldehyde,O=Cc1ccccc1,-0.262688062
benzene,c1ccccc1,-0.301029996
benzenemethanethiol,SCc1ccccc1,-0.28810845
benzenesulfinylchloride,Cl[S](=O)c1ccccc1,-0.459670525
benzoic_acid,OC(=O)c1ccccc1,-0.297569464
benzol,c1ccccc1,-0.302247726
benzonitrile,N#Cc1ccccc1,-0.277366077
benzothiazole,s1cnc2ccccc12,-0.200659451
benzotriazole,[nH]1nnc2ccccc12,-0.13667714
benzoxazine,N1Oc2ccccc2C=C1,0.698970004
benzphetamine,CC(Cc1ccccc1)N(C)Cc2ccccc2,-0.258454483
benzyl_alcohol,OCc1ccccc1,-0.26760624
benzyl_benzoate,O=C(OCc1ccccc1)c2ccccc2,-0.245269531
benzyl_n-butyl_phthalate,CCCCOC(=O)c1ccccc1C(=O)OCc2ccccc2,-0.269217724
benzylalcohol,OCc1ccccc1,-0.26760624
benzyne,c1ccc#cc1,-0.450996738
betaxolol,CC(C)NCC(O)COc1ccc(CCOCC2CC2)cc1,0.77815125
bic,NC(=O)[C@@H]1CCN2CC[C@@](N)(Cc3ccccc3)C(=O)N12,-0.337242168
bilirubin,CC1=C(C=C)/C(NC1=O)=C/c2[nH]c(Cc3[nH]c(\C=C/4NC(=O)C(=C4C)C=C)c(C)c3CCC(O)=O)c(CCC(O)=O)c2C,0.596597096
biotin,OC(=O)CCCCC1SCC2NC(=O)NC12,-0.301029996
biphenyl,c1ccc(cc1)c2ccccc2,-0.08380934
bipyridine,c1ccc(nc1)c2ccccn2,0.544068044
bis-gma,CC(=C)C(=O)OCC(O)COc1ccc(cc1)C(C)(C)c2ccc(OCC(O)COC(=O)C(C)=C)cc2,-0.260427656
bisdemethoxycurcumin,Oc1ccc(cc1)\C=C\C(=O)CC(=O)/C=C/c2ccc(O)cc2,-0.431798276
bisphenol_a,CC(C)(c1ccc(O)cc1)c2ccc(O)cc2,-0.173601218
bisphenol_a_diglycidyl_ether,CC(C)(c1ccc(O)cc1)c2ccc(O)cc2.C(OCC3CO3)C4CO4,-0.241088108
bisphenol_af,Oc1ccc(cc1)C(c2ccc(O)cc2)(C(F)(F)F)C(F)(F)F,-0.212539525
bisthiophene–fluorene,C1c2ccccc2c3ccccc13.s4cccc4.s5cccc5,-0.301029996
blue_line,[H+].[Cl-].CN(C)CCN(Cc1sccc1)c2ccccn2,0.041392685
bmimcl,[Cl-].CCCCn1cc[n+](C)c1,-0.26760624
bpc-c,BPCC,-0.294992041
brij_35,CCCCCCCCCCCCOCCO,-0.462180905
brimonidine,Brc1c(NC2=NCCN2)ccc3nccnc13,0.698970004
brinzolamide,CCN[C@H]1CN(CCCOC)[S](=O)(=O)c2sc(cc12)[S](N)(=O)=O,0.301029996
bromcresol_green,Cc1c(Br)c(O)c(Br)cc1C2(O[S](=O)(=O)c3ccccc23)c4cc(Br)c(O)c(Br)c4C,-0.476253533
bromfenac,[Na+].Nc1c(CC([O-])=O)cccc1C(=O)c2ccc(Br)cc2,0.740362689
bromobenzene,Brc1ccccc1,-0.272377422
bromocresol_green,Cc1c(Br)c(O)c(Br)cc1C2(O[S](=O)(=O)c3ccccc23)c4cc(Br)c(O)c(Br)c4C,0.164352856
bromodecane,CCCCCCCCCCBr,-1.15490196
bromoethane,CCBr,-0.37161107
bromonaphthalene,Brc1cccc2ccccc12,-0.180456064
butadiene,C=CC=C,-0.366531544
butan-1-ol,CCCCO,-0.398918272
butan-2-ol,CCC(C)O,-0.399789694
butanal,CCCC=O,-0.412289035
butane,CCCC,-0.450628848
butanenitrile,CCCC#N,-0.415668776
butanoic_acid,CCCC(O)=O,0.763427994
butanol,CCCCO,-0.399027104
butanone,CCC(C)=O,-0.42136079
butanoylbromide,CCCC(Br)=O,-0.22475374
butyl3-bromopropanoate,CCCCOC(=O)CCBr,-0.515557792
butyl_4-hydroxybenzoate,CCCCOC(=O)c1ccc(O)cc1,-0.22184875
butyl_acetate,CCCCOC(C)=O,-0.372429336
butyl_butanoate,CCCCOC(=O)CCC,-0.403677861
butyl_ether,CCCCOCCCC,-0.401428337
butyl_ethyl_ether,CCCCOCC,-0.418164076
butyl_laurate,CCCCCCCCCCCC(=O)OCCCC,-0.359916269
butyl_levulinate,CCCCOC(=O)CCC(C)=O,-0.259793685
butyl_methacrylate,CCCCOC(=O)C(C)=C,-0.374481771
butylacetate,CCCCOC(C)=O,-0.371406744
butylacrylate,CCCCOC(=O)C=C,-0.379863945
butylamine,CCCCN,-0.405165644
butylammonium_formate,CCCC[NH3+].[O-]C=O,-0.343997679
butylbenzene,CCCCc1ccccc1,-0.309981219
butylchloride,CCCCCl,-0.395773947
butylcyclohexane,CCCCC1CCCCC1,-0.355758414
butylene_glycol,OCCCCO,-0.351054818
butyleneglycol,OCCCCO,-1.76700389
butylethanoate,CCCCOC(C)=O,-0.414764937
butylether,CCCCOCCCC,-0.400116928
butylethylether,CCCCOCC,-0.418164076
butyllaurate,CCCCCCCCCCCC(=O)OCCCC,-0.359916269
butyrate,CCCC([O-])=O,-0.343710099
butyric_acid,CCCC(O)=O,-0.400553624
butyricacid,CCCC(O)=O,-0.400553624
butyronitrile,CCCC#N,-0.420216403
c-c,CC,0.748188027
c10,CCCCCCCCCCOCCOCCOCCOCCOCCOCCO,0.653212514
c10e8,CCCCCCCCCCOCCOCCOCCOCCOCCOCCOCCOCCO,0.84509804
c20,CC(C)[C@H](NC(C)=O)C(=O)N[C@@H](Cc1ccccc1)[C@@H](O)CN(CC2CCCCC2)NC(=O)[C@@H](NC(C)=O)C(C)C,-0.360413913
c2h5oh,CCO,-0.443697499
c2h6,CC,-0.017728767
c60,CCCCNC(=O)[C@@H](CC(=O)[C@H](CC1CCCCC1)NC(=O)[C@H](Cc2[nH]cnc2)NC(=O)[C@H](Cc3ccccc3)C[S](=O)(=O)C(C)(C)C)C(C)C,-0.259637311
c8,CC[C@H](C)[C@H](NC(=O)[C@H](Cc1c[nH]c2ccccc12)NC(=O)CNC(=O)[C@@H](NC(=O)[C@H](Cc3c[nH]c4ccccc34)NC(=O)[C@H](CC(O)=O)NC(=O)[C@H](CCC(O)=O)NC(=O)[C@H](Cc5c[nH]c6ccccc56)NC(C)=O)C(C)C)C(N)=O,-0.096910013
caffeic_acid,OC(=O)\C=C/c1ccc(O)c(O)c1,0.627877695
calix_4_arene,Oc1c2Cc3cccc(Cc4cccc(Cc5cccc(Cc1ccc2)c5O)c4O)c3O,-0.279840697
calixarene,COC(=O)COc1c2Cc3cc(cc(Cc4cc(cc(Cc5cc(cc(Cc1cc(c2)C(C)(C)C)c5OCC(=O)OC)C(C)(C)C)c4OCC(=O)OC)C(C)(C)C)c3OCC(=O)OC)C(C)(C)C,-0.327902142
campesterol,CC(C)C(C)CCC(C)C1CCC2C3CC=C4CC(O)CCC4(C)C3CCC12C,0.2999429
camphene,CC1(C)C2CCC(C2)C1=C,-0.3400838
camphor,CC1(C)C2CCC1(C)C(=O)C2,-0.262648304
camphoric_acid,CC1(C)C(CCC1(C)C(O)=O)C(O)=O,0
camptothecin,CC[C@@]1(O)C(=O)OCC2=C1C=C3N(Cc4cc5ccccc5nc34)C2=O,-0.292429824
caprate,CCCCCCCCCC([O-])=O,-0.359816808
capric_acid_triglyceride,CCCCCCCCCC(=O)OCC(COC(=O)CCCCCCCCC)OC(=O)CCCCCCCCC,0.681241237
caprolactam,O=C1CCCCCN1,0.323602695
caprylic_acid_triglyceride,CCCCCCCC(=O)OCC(COC(=O)CCCCCCC)OC(=O)CCCCCCC,0
captopril,C[C@H](CS)C(=O)N1CCC[C@H]1C(O)=O,0.477121255
carbazole,[nH]1c2ccccc2c3ccccc13,0.301029996
cardamonin,COc1cc(O)cc(O)c1C(=O)\C=C\c2ccccc2,-0.568636236
carmoisine,[Na+].[Na+].[O-][S](=O)(=O)c1ccc(N\N=C\2C=C(c3ccccc3C2=O)[S]([O-])(=O)=O)c4ccccc14,-1.096910013
carnitine,C[N+](C)(C)CC(O)CC([O-])=O,0
carteolol,CC(C)(C)NCC(O)COc1cccc2NC(=O)CCc12,0.77815125
carvacrol,CC(C)c1ccc(C)c(O)c1,-0.282329497
carvone,CC(=C)[C@H]1CC=C(C)C(=O)C1,-0.303643611
catechin,O[C@H]1Cc2c(O)cc(O)cc2O[C@@H]1c3ccc(O)c(O)c3,-0.350178537
cbn,ClCC#CCOC(=O)Nc1cccc(Cl)c1,0.047664195
cbp,ONC(=O)CC1(CCOCC1)[S](=O)(=O)c2ccc(Oc3ccc(Cl)cc3)cc2,-0.124938737
cbz,O=COCc1ccccc1,-0.408712735
ccm,CC1(CCCC1)C([O-])=O,-0.738737131
cco,CCO,-0.343662187
cdc,C[N+](C)(C)CCO[P]([O-])(=O)O[P](O)(=O)OC[C@H]1O[C@H]([C@H](O)[C@@H]1O)N2C=CC(=NC2=O)N,-0.249916079
cefamandole,Cn1nnnc1SCC2=C(N3[C@H](SC2)[C@H](NC(=O)[C@H](O)c4ccccc4)C3=O)C(O)=O,-0.943095149
cefpodoxime,[Na+].COCC1=C(N2[C@H](SC1)[C@H](NC(=O)C(=N/OC)\c3csc(N)n3)C2=O)C([O-])=O,0.439332694
cephalothin,CC(=O)OCC1=C(N2[C@H](SC1)[C@H](NC(=O)Cc3sccc3)C2=O)C(O)=O,0.707570176
cetyl_palmitate,CCCCCCCCCCCCCCCCOC(=O)CCCCCCCCCCCCCCC,-0.356547324
cf3ch2oh,OCC(F)(F)F,-0.536554968
ch2cch3cooch2ch2cf2ncf3,C.C.C[FH].CCCOOC.NC[FH],
ch3ch2oh,CCO,-0.442492798
ch3cn,CCN,-0.465973894
ch3cooh,CCOO,-0.429924295
chalcone,O=C(C=Cc1ccccc1)c2ccccc2,0.093771781
chb,OC(=O)c1ccc(O)c(Cl)c1,-0.308034897
chelating_agents,OC(=O)CN(CCN(CC(O)=O)CC(O)=O)CC(O)=O,0
chitin,CC(=O)NC1[C@H](O)OC(CO)[C@@H](COC[C@@H]2OC(CO)[C@@H](COC[C@@H]3OC(CO)[C@@H](O)[C@@H](O)C3NC(C)=O)[C@@H](O)C2NC(C)=O)[C@H]1O,-0.251811973
chlorbenzene,Clc1ccccc1,-0.28058584
chloro-benzene,Clc1ccccc1,-0.280006174
chlorobenzene,Clc1ccccc1,-0.292123371
chlorobutane,CCCCCl,-0.283996656
chlorocurcumin,COc1cc(ccc1O)/C=C/C(=O)CC(=O)/C=C/c2ccc(O)c(OCCl)c2,-0.397940009
chlorogenic_acid,O[C@@H]1C[C@](O)(C[C@@H](OC(=O)\C=C\c2ccc(O)c(O)c2)[C@@H]1O)C(O)=O,-0.080921908
chloromethane,CCl,-0.319528508
chloronaphthalene,Clc1cccc2ccccc12,-0.260823368
chlorophyll_a,[Mg++].CCc1c(C)c2cc3[n-]c(cc4nc([C@@H](CCC(=O)OC\C=C(C)\CCCC(C)CCCC(C)CCCC(C)C)[C@@H]4C)c5C(C(=O)OC)C(=O)c6c(C)c([n-]c56)cc1n2)c(C)c3C=C,-0.301029996
chloroquine,CCN(CC)CCCC(C)Nc1ccnc2cc(Cl)ccc12,-0.040958608
cho,C[C@H](CCC(N)=O)[C@H]1CC[C@H]2[C@@H]3C(O)C[C@@H]4C[C@H](O)CC[C@]4(C)[C@H]3CC[C@]12C,-0.261219442
cholesterol,CC(C)CCC[C@@H](C)[C@H]1CC[C@H]2[C@@H]3CC=C4C[C@@H](O)CC[C@]4(C)[C@H]3CC[C@]12C,0.40654018
choline,C[N+](C)(C)CCO,0.294466226
choline_chloride,[Cl-].C[N+](C)(C)CCO,0.176091259
chrysene,c1ccc2c(c1)ccc3c4ccccc4ccc23,-0.104025268
chrysin,Oc1cc(O)c2C(=O)C=C(Oc2c1)c3ccccc3,0.038858502
cil,CCC/C=C(NC(=O)[C@H]1CC1(C)C)/C(O)=O,-0.287434472
cimetidine,CN=C(NCCSCc1nc[nH]c1C)NC#N,0.84509804
cinchonidine,OC(C1CC2CCN1CC2C=C)c3ccnc4ccccc34,-0.443697499
cinnamaldehyde,O=CC=Cc1ccccc1,-0.22903023
cinnamic_acid,OC(=O)C=Cc1ccccc1,0
cinnamic_alcohol,OC/C=C/c1ccccc1,-0.099632871
cinnamic_aldehyde,O=C/C=C/c1ccccc1,-0.602059991
cip,CN1CC[N+](=C1Cl)C.F[P-](F)(F)(F)(F)F,-0.283996656
ciprofloxacin,OC(=O)C1=CN(C2CC2)c3cc(N4CCNCC4)c(F)cc3C1=O,0.339868641
circadin,COc1ccc2[nH]cc(CCNC(C)=O)c2c1,0.619615006
cis-3-hexene,CC\C=C/CC,-0.403402904
cis-4-octene,CCC\C=C/CCC,-0.381951903
cis-5-decene,CCCC\C=C/CCCC,-0.370590401
cis-decalin,C1CC[C@@H]2CCCC[C@@H]2C1,-0.318758763
citraconic_anhydride,CC1=CC(=O)OC1=O,-0.326979093
citral,CC(C)=CCCC(C)=CC=O,-0.332080315
citrate,OC(CC([O-])=O)(CC([O-])=O)C([O-])=O,-0.455931956
citric_acid,OC(=O)CC(O)(CC(O)=O)C(O)=O,-0.293538262
citricacid,OC(=O)CC(O)(CC(O)=O)C(O)=O,-0.438004699
citronellal,CC(CCC=C(C)C)CC=O,-0.350665141
clenbuterol,CC(C)(C)NCC(O)c1cc(Cl)c(N)c(Cl)c1,-1.045757491
clioquinol,Oc1c(I)cc(Cl)c2cccnc12,-0.397940009
clonazepam,[O-][N+](=O)c1ccc2NC(=O)CN=C(c3ccccc3Cl)c2c1,-1.301029996
cloxacillin,Cc1onc(c2ccccc2Cl)c1C(=O)N[C@H]3[C@H]4SC(C)(C)[C@@H](N4C3=O)C(O)=O,0.372912003
cne,CCOc1ccc(\C=C\C(=O)OC)cc1CC(=O)N[C@@H](C(C)C)C(=O)N[C@@H](CC(O)=O)C(=O)CSCc2c(F)cccc2Cl,-0.312738654
cnh,CC(C)(O)C#N,-0.614393726
cno,CC(C)(Oc1ccc(CC(=O)Nc2cccc(NC(=O)Cc3ccc(OC(C)(C)C(O)=O)cc3)c2)cc1)C(O)=O,-0.505845406
coch2ch2–ch2,[CH2]CCO[CH2],0.117271296
coch2–ch2ch2,[CH2]CCO[CH2],0.127104798
colchicine,COC1=CC=C2C(=CC1=O)[C@H](CCc3cc(OC)c(OC)c(OC)c23)NC(C)=O,0.045322979
conferone,CC1=CCC2C(C)(C)C(=O)CC[C@]2(C)C1COc3ccc4C=CC(=O)Oc4c3,-0.647817482
congo_red,[Na+].[Na+].Nc1c(cc(c2ccccc12)[S]([O-])(=O)=O)N=Nc3ccc(cc3)c4ccc(cc4)N=Nc5cc(c6ccccc6c5N)[S]([O-])(=O)=O,-0.28567024
coniferaldehyde,COc1cc(/C=C/C=O)ccc1O,0.903089987
coralyne,[Cl-].COc1cc2cc[n+]3c(C)c4cc(OC)c(OC)cc4cc3c2cc1OC,-1.698970004
cortisol,C[C@]12CCC(=O)C=C1CC[C@H]3[C@@H]4CC[C@](O)(C(=O)CO)[C@@]4(C)C[C@H](O)[C@H]23,0.758154622
cos,CC(C)(CO[P](O)(=O)O[P](O)(=O)OC[C@H]1O[C@H]([C@H](O)[C@@H]1O[P](O)(O)=O)n2cnc3c(N)ncnc23)[C@@H](O)C(=O)NCCC(=O)NCCSS,-0.258060922
coumarin,O=C1Oc2ccccc2C=C1,-0.458420756
coumarin_102,CC1=CC(=O)Oc2c3CCCN4CCCc(cc12)c34,-0.26760624
creatinine,CN1CC(=O)N=C1N,0.278753601
cresyl_violet,[Cl-].CN(C)c1cc2[o+]c3cc(N)c4ccccc4c3nc2cc1C,-0.420216403
cristal,OCC(O)CO,-0.468521083
ctma,CONC(=O)COc1ccc(Cl)cc1C,-0.290730039
cumene,CC(C)c1ccccc1,-0.308476478
curcumin,COc1cc(\C=C\C(=O)CC(=O)\C=C\c2ccc(O)c(OC)c2)ccc1O,-0.420216403
curcumin–,COc1cc(\C=C\C(=O)CC(=O)\C=C\c2ccc(O)c(OC)c2)ccc1O,-0.769551079
cyanine,[Cl-].Nc1ccc2nc3ccc(N)cc3[s+]c2c1,-0.197910742
cyanoacrylate,C=CC(=O)OC#N,-0.318758763
cyanobiphenyl,N#Cc1ccccc1c2ccccc2,0.67669361
cyclo-hexane,C1CCCCC1,-0.357634419
cyclobutane,C1CCC1,-0.441291429
cyclodecane,C1CCCCCCCCC1,-0.326426204
cycloheptane,C1CCCCCC1,-0.344093582
cycloheptene,C1CCC=CCC1,-0.341988603
cyclohexane,C1CCCCC1,-0.370386555
cyclohexanol,OC1CCCCC1,-0.332733881
cyclohexanone,O=C1CCCCC1,-0.334512819
cyclohexene,C1CCC=CC1,-0.350665141
cyclohexyl_acetate,CC(=O)OC1CCCCC1,-0.354332158
cyclohexylacetate,[O-]C(=O)CC1CCCCC1,-0.354086725
cyclohexylamine,NC1CCCCC1,-0.484126156
cyclohexylbenzene,C1CCC(CC1)c2ccccc2,-0.279262023
cyclone,O=C1C(=C(c2ccccc2)C(=C1c3ccccc3)c4ccccc4)c5ccccc5,0
cyclooctane,C1CCCCCCC1,-0.341035157
cyclooctene,C1CCCC=CCC1,-0.327348077
cyclopentadiene,C1C=CC=C1,0.506505032
cyclopentan,C1CCCC1,-0.39093945
cyclopentane,C1CCCC1,-0.394164533
cyclopentanol,OC1CCCC1,-0.345630909
cyclopentanone,O=C1CCCC1,0.090998298
cyclosporine,CCC1NC(=O)C(C(O)C(C)C\C=C\C)N(C)C(=O)C(C(C)C)N(C)C(=O)C(CC(C)C)N(C)C(=O)C(CC(C)C)N(C)C(=O)C(C)NC(=O)C(C)NC(=O)C(CC(C)C)N(C)C(=O)C(NC(=O)C(CC(C)C)N(C)C(=O)CN(C)C1=O)C(C)C,0.357934847
cysteamine,NCCS,-0.346787486
cysteamine_hydrochloride,Cl.NCCS,0.146128036
c–c,CC,0.301029996
d-aspartate,N[C@H](CC([O-])=O)C([O-])=O,-0.41453927
d-glu,N[C@H](CCC(O)=O)C(O)=O,-0.466037392
d-limonene,CC(=C)C1CCC(=CC1)C,-0.325138859
d-limonène,CC(=C)C1CCC(=CC1)C,-0.325138859
d3f,Cc1cc(c(Cl)cc1Cl)[S](=O)(=O)c2c(cc(cc2[N+]([O-])=O)C(F)(F)F)[N+]([O-])=O,-0.448367051
daba,CCN(CC)CC(=O)Nc1cccc(OCc2ccccc2)c1,-0.260427656
dac,NC1=NC(=O)N(C=N1)C2CC(O)C(CO)O2,-0.886056648
daidzein,Oc1ccc(cc1)C2=COc3cc(O)ccc3C2=O,-0.251811973
dakar,Cc1c(C[S](=O)c2[nH]c3ccccc3n2)nccc1OCC(F)(F)F,-0.30980392
dansylamide,CN(C)c1cccc2c1cccc2[S](N)(=O)=O,-0.4529641
dap,Nc1cccc(N)n1,-0.335358024
dapi,NC(=N)c1ccc(cc1)c2[nH]c3cc(ccc3c2)C(N)=N,-0.283996656
daptomycin,CCCCCCCCCC(=O)N[C@@H](Cc1c[nH]c2ccccc12)C(=O)N[C@@H](CC(N)=O)C(=O)N[C@@H](CC(O)=O)C(=O)NC3C(C)OC(=O)[C@H](CC(=O)c4ccccc4N)NC(=O)[C@@H](NC(=O)[C@@H](CO)NC(=O)CNC(=O)[C@H](CC(O)=O)NC(=O)[C@@H](C)NC(=O)[C@H](CC(O)=O)NC(=O)[C@H](CCCN)NC(=O)CNC3=O)C(C)CC(O)=O,0.477121255
dast,CCN(CC)[S](F)(F)F,0.243038049
datp,Nc1ncnc2n(cnc12)C3CC(O)C(CO[P](O)(=O)O[P](O)(=O)O[P](O)(O)=O)O3,-0.280668713
db,O=C1C=C(N2CC2)C(=O)C=C1N3CC3,-0.327902142
dbp,CCCCOC(=O)c1ccccc1C(=O)OCCCC,-0.145693958
dce,ClCCCl,-0.356547324
dcf,OCC1OC(CC1O)n2cnc3[C@H](O)CN=CNc23,0.230448921
dcmp,NC1=NC(=O)N(C=C1)C2CC(O)C(CO[P](O)(O)=O)O2,-0.140321423
dcs,Cc1ncc(CO[P](O)(O)=O)c(CN[C@@H]2CONC2=O)c1O,-0.384576047
dctp,NC1=NC(=O)N(C=C1)C2CC(O)C(CO[P](O)(=O)O[P](O)(=O)O[P](O)(O)=O)O2,-0.522878745
dda,Nc1ncnc2n(cnc12)[C@H]3CC[C@@H](CO)O3,-0.27083521
ddab,[Br-].CCCCCCCCCCCC[N+](C)(C)CCCCCCCCCCCC,-0.086186148
ddao,CCCCCCCCCCCC[N+](C)(C)[O-],-0.045757491
ddoh,OCC(c1ccc(Cl)cc1)c2ccc(Cl)cc2,-0.354577731
ddq,CCCCCCCCCC[N+](C)(C)O,-0.156580335
dea,OCCNCCO,-0.372275793
decahydronaphthalene,C1CCC2CCCCC2C1,-0.324221658
decalin,C1CCC2CCCCC2C1,-0.325506283
decaline,C1CCC2CCCCC2C1,-0.322393047
decan-1-ol,CCCCCCCCCCO,-0.361510743
decane,CCCCCCCCCC,-0.387216143
decane-1_10-diamine,NCCCCCCCCCCN,-0.301029996
decanethiol,CCCCCCCCCCS,-0.337242168
decanoic_acid,CCCCCCCCCC(O)=O,-0.346787486
decanoicacid,CCCCCCCCCC(O)=O,-0.346787486
decanol,CCCCCCCCCCO,-0.359518563
decyl_oleate,CCCCCCCCCCOC(=O)CCCCCCC\C=C/CCCCCCCC,-0.345939029
decylamine,CCCCCCCCCCN,-0.369317929
decylcaprate,CCCCCCCCCCOC(=O)CCCCCCCCC,-0.351835221
decylethanoate,CCCCCCCCCCOC(C)=O,-0.374893425
decyloleate,CCCCCCCCCCOC(=O)CCCCCCC\C=C/CCCCCCCC,-0.33919142
deg,OCCOCCO,-0.346787486
degmee,CCOCCOCCO,-0.376337293
dekalin,C1CCC2CCCCC2C1,-0.327902142
den,CCN(CC)N=O,-0.35753548
des,CC\C(c1ccc(O)cc1)=C(\CC)c2ccc(O)cc2,-0.313580038
dex,[Cl-].C[C@H](c1[nH]cnc1)c2cccc(C)c2C.[H+],-0.301029996
dexamethasone,C[C@@H]1C[C@H]2[C@@H]3CCC4=CC(=O)C=C[C@]4(C)[C@@]3(F)[C@@H](O)C[C@]2(C)[C@@]1(O)C(=O)CO,0.77815125
dha,CC\C=C/C/C=C\C\C=C/C/C=C\C\C=C/C/C=C\CCC(O)=O,0.113943352
di-2-naphthyldisulfide,S(Sc1ccc2ccccc2c1)c3ccc4ccccc4c3,-0.341511619
di-_4-n_n-ditolyl-amino-phenyl__cyclohexane,Cc1ccccc1N(c2ccc(cc2)C3(CCCCC3)c4ccc(cc4)N(c5ccccc5C)c6ccccc6C)c7ccccc7C,-0.15490196
di-ethyl-hexyl-sebacate,CCCCCCC(CC)(C(CC)CCCCCCC([O-])=O)C([O-])=O,-0.346787486
di-ethylether,CCOCC,-0.455931956
di-iso-propylether,CC(C)OC(C)C,-0.434152181
di-isopropylnaphthalene,CC(C)c1ccc2ccccc2c1C(C)C,-0.266000713
di-n-butyl_phthalate,CCCCOC(=O)c1ccccc1C(=O)OCCCC,-0.30980392
di-n-butyldiphenyltin,CCCC[Sn](CCCC)(c1ccccc1)c2ccccc2,-0.250263684
di-n-butylether,CCCCOCCCC,-0.399027104
di-n-propyl_ether,CCCOCCC,-0.422278475
di-tert-butyl_peroxide,CC(C)(C)OOC(C)(C)C,-0.522878745
diacetonalcohol,CC(=O)CC(C)(C)O,-0.37675071
diammonium_hydrogen_citrate,[NH4+].[NH4+].OC(=O)CC(O)(CC([O-])=O)C([O-])=O,-0.48148606
diatrizoic_acid,CC(=O)Nc1c(I)c(NC(C)=O)c(I)c(C(O)=O)c1I,-0.3400838
dibenzo-p-dioxin,O1c2ccccc2Oc3ccccc13,0.167317335
dibenzo_a_h_anthracene,c1ccc2c(c1)ccc3cc4c(ccc5ccccc45)cc23,0.462397998
dibenzyl_ether,C(OCc1ccccc1)c2ccccc2,-0.283996656
dibenzylether,C(OCc1ccccc1)c2ccccc2,-0.250650239
dibk,CC(C)CC(=O)CC(C)C,-0.383261993
dibromobenzene,Brc1ccccc1Br,-0.216096421
dibutyl_adipate,CCCCOC(=O)CCCCC(=O)OCCCC,-0.360413913
dibutyl_azelate,CCCCOC(=O)CCCCCCCC(=O)OCCCC,-0.355659901
dibutyl_ether,CCCCOCCCC,-0.401746951
dibutyl_phthalate,CCCCOC(=O)c1ccccc1C(=O)OCCCC,-0.309051205
dibutyladipate,CCCCOC(=O)CCCCC(=O)OCCCC,-0.360413913
dibutylamine,CCCCNCCCC,-0.38673974
dibutylazelate,CCCCOC(=O)CCCCCCCC(=O)OCCCC,-0.355659901
dibutylether,CCCCOCCCC,-0.398987377
dibutylphthalate,CCCCOC(=O)c1ccccc1C(=O)OCCCC,-0.30980392
dic,CC(C)N=C=NC(C)C,-0.379863945
dicarboxylate,OC(=O)CC(O)=O,0
dichlorobenzene,Clc1ccccc1Cl,-0.13032834
dichloroethane,CC(Cl)Cl,-0.351835221
dichloromethan,ClCCl,-0.372429336
dichloromethane,ClCCl,-0.372634143
dicinnamyl_glutarate,O=C(CCCC(=O)OCC=Cc1ccccc1)OCC=Cc2ccccc2,-0.32330639
dicinnamyl_succinate,O=C(CCC(=O)OCC=Cc1ccccc1)OCC=Cc2ccccc2,-0.322393047
dicinnamylglutarate,O=C(CCCC(=O)OCC=Cc1ccccc1)OCC=Cc2ccccc2,-0.32330639
dicinnamylsuccinate,O=C(CCC(=O)OCC=Cc1ccccc1)OCC=Cc2ccccc2,-0.322393047
dicitronellyl_glutarate,CC(CCOC(=O)CCCC(=O)OCCC(C)CCC=C(C)C)CCC=C(C)C,-0.320572103
dicitronellyl_succinate,CC(CCOC(=O)CCC(=O)OCCC(C)CCC=C(C)C)CCC=C(C)C,-0.32330639
diclofenac,OC(=O)Cc1ccccc1Nc2c(Cl)cccc2Cl,0.039414119
diclofenac_sodium,[Na+].[O-]C(=O)Cc1ccccc1Nc2c(Cl)cccc2Cl,0.477121255
dicloxacillin,Cc1onc(c1C(=O)N[C@H]2[C@H]3SC(C)(C)[C@@H](N3C2=O)C(O)=O)c4c(Cl)cccc4Cl,0.361727836
dicyclohexyl,C1CCC(CC1)C2CCCCC2,-0.319573829
dicyclohexylphthalate,O=C(OC1CCCCC1)c2ccccc2C(=O)OC3CCCCC3,-0.36552273
didodecyl_maleate,CCCCCCCCCCCCOC(=O)\C=C/C(=O)OCCCCCCCCCCCC,-0.337242168
didp,CC(C)CCCCCCCOC(=O)c1ccccc1C(=O)OCCCCCCCC(C)C,-0.318758763
dien,NCCNCCN,-0.3147869
diethanolamine,OCCNCCO,-0.320935682
diethoxyethane,CCOC(C)OCC,-0.409158165
diethyl_acetamide,CCN(CC)C(C)=O,-0.341035157
diethyl_adipate,CCOC(=O)CCCCC(=O)OCC,0.477121255
diethyl_azelate,CCOC(=O)CCCCCCCC(=O)OCC,-0.361211333
diethyl_carbonate,CCOC(=O)OCC,-0.416971349
diethyl_ether,CCOCC,-0.452717692
diethyl_malonate,CCOC(=O)CC(=O)OCC,-0.387216143
diethyl_phthalate,CCOC(=O)c1ccccc1C(=O)OCC,0.5882886
diethyl_pimelate,CCOC(=O)CCCCCC(=O)OCC,-0.366531544
diethyl_sebacate,CCOC(=O)CCCCCCCCC(=O)OCC,-0.360065502
diethyl_succinate,CCOC(=O)CCC(=O)OCC,0
diethylamine,CCNCC,-0.415668776
diethylammonium_acetate,CC[NH2+]CC.CC([O-])=O,-0.368688163
diethylammonium_hydrogen_sulfate,CC[NH2+]CC.O[S]([O-])(=O)=O,-0.370192989
diethylazelate,CCOC(=O)CCCCCCCC(=O)OCC,-0.361211333
diethylbromomalonate,CCOC(=O)C(Br)C(=O)OCC,-0.353302269
diethylcarbonate,CCOC(=O)OCC,-0.416234632
diethylene_glycol,OCCOCCO,-0.349692477
diethylene_glycol_dimethyl_ether,COCCOCCOC,-0.389169559
diethyleneglycol,OCCOCCO,-0.397940009
diethylenetriamine,NCCNCCN,-0.316412682
diethylether,CCOCC,-0.452225295
diethylmalonate,CCC(CC)(C([O-])=O)C([O-])=O,-1.258848401
diethylphthalate,CCOC(=O)c1ccccc1C(=O)OCC,-0.297569464
diethylsebacate,CCOC(=O)CCCCCCCCC(=O)OCC,-0.360065502
digeranyl_glutarate,CC(C)=CCCC(/C)=C/COC(=O)CCCC(=O)OC\C=C(/C)CCC=C(C)C,-0.314258261
digeranyl_succinate,CC(C)=CCCC(/C)=C/COC(=O)CCC(=O)OC\C=C(/C)CCC=C(C)C,-0.313363731
digitoxin,C[C@H]1O[C@H](C[C@H](O)[C@@H]1O)O[C@H]2[C@@H](O)C[C@@H](O[C@@H]2C)O[C@H]3[C@@H](O)C[C@@H](O[C@@H]3C)O[C@H]4CC[C@@]5(C)[C@H](CC[C@@H]6[C@@H]5CC[C@]7(C)[C@@H](CC[C@]67O)C8=CC(=O)OC8)C4,-0.585026652
diglycerol,OCC(O)COCC(O)CO,-0.312471039
diglyme,COCCOCCOC,-0.391570249
digoxin,C[C@H]1O[C@H](C[C@H](O)[C@@H]1O)O[C@H]2[C@@H](O)C[C@@H](O[C@@H]2C)O[C@H]3[C@@H](O)C[C@@H](O[C@@H]3C)O[C@H]4CC[C@@]5(C)[C@H](CC[C@@H]6[C@@H]5C[C@@H](O)[C@]7(C)[C@H](CC[C@]67O)C8=CC(=O)OC8)C4,-0.698970004
diheptyl_ether,CCCCCCCOCCCCCCC,-1.567030709
diheptylether,CCCCCCCOCCCCCCC,-0.643400564
dihexyl_ether,CCCCCCOCCCCCC,-1.627087997
dihexylamine,CCCCCCNCCCCCC,-0.366026844
dihexylether,CCCCCCOCCCCCC,-0.653647026
dihydropyridine,C1NC=CC=C1,-0.190440285
diisobutylketone,CC(C)CC(=O)CC(C)C,-0.385313658
diisopentyl_ether,CC(C)CCOCCC(C)C,-1.698970004
diisopentylether,CC(C)CCOCCC(C)C,-0.669079169
diisopropyl_ether,CC(C)OC(C)C,-0.437350328
diisopropylamine,CC(C)NC(C)C,-0.417028071
diisopropylether,CC(C)OC(C)C,-0.437112619
dimethoxycurcumin,COC(OC)Oc1cc(\C=C\C(=O)CC(=O)\C=C\c2ccc(O)c(OC)c2)ccc1O,-0.455931956
dimethyl,CC,-0.402304814
dimethyl_adipate,COC(=O)CCCCC(=O)OC,0.477121255
dimethyl_azelate,COC(=O)CCCCCCCC(=O)OC,0.77815125
dimethyl_butane,CCCC(C)C,-0.432973634
dimethyl_glutarate,COC(=O)CCCC(=O)OC,-0.375197269
dimethyl_phthalate,COC(=O)c1ccccc1C(=O)OC,-0.289121382
dimethyl_succinate,COC(=O)CCC(=O)OC,0
dimethyladamantane,CC1C2CC3CC(C2)CC1(C)C3,-0.319936573
dimethyladipate,COC(=O)CCCCC(=O)OC,-0.396152229
dimethylbenzene,Cc1ccccc1C,-0.301029996
dimethylbutane,CCCC(C)C,-0.432973634
dimethylglutarate,COC(=O)CCCC(=O)OC,-0.37675071
dimethylheptanol,CCCCCCC(C)(C)O,0.397940009
dimethylpentane,CCCCC(C)C,-0.419075024
dimethylsuccinate,COC(=O)CCC(=O)OC,-0.37675071
din,Oc1ccc2c(O)cccc2c1,-0.245651664
din-butyl_ether,CCCCOCCCC,-0.393618635
din-pentyl_ether,CCCCCOCCCCC,-0.385102784
din-propyl_ether,CCCOCCC,-0.411168274
dineryl_glutarate,CC(C)=CCCC(\C)=C/COC(=O)CCCC(=O)OC\C=C(\C)CCC=C(C)C,-0.313185045
dineryl_succinate,CC(C)=CCCC(\C)=C/COC(=O)CCC(=O)OC\C=C(\C)CCC=C(C)C,-0.314258261
dioctyl_adipate,CCCCCCCCOC(=O)CCCCC(=O)OCCCCCCCC,-0.349255488
dioctyl_azelate,CCCCCCCCOC(=O)CCCCCCCC(=O)OCCCCCCCC,-0.345438445
dioctyl_ether,CCCCCCCCOCCCCCCCC,-0.636952405
dioctyl_sebacate,CCCCCCCCOC(=O)CCCCCCCCC(=O)OCCCCCCCC,-0.346787486
dioctyladipate,CCCCCCCCOC(=O)CCCCC(=O)OCCCCCCCC,-0.349255488
dioctylamine,CCCCCCCCNCCCCCCCC,-0.354577731
dioctylazelate,CCCCCCCCOC(=O)CCCCCCCC(=O)OCCCCCCCC,-0.345438445
dioctylether,CCCCCCCCOCCCCCCCC,-0.364717362
dioksan,C1COCCO1,-0.37427609
diol,C[C@H](O)[C@H]1CC[C@H]2[C@@H]3CC[C@@H]4C[C@H](O)CC[C@]4(C)[C@H]3CC[C@]12C,0.77815125
dioxan,C1COCCO1,-0.374687549
dioxane,C1COCCO1,-0.37427609
dipa,CC(C)NC(C)C,-0.337242168
dipentyl_ether,CCCCCOCCCCC,-0.665345233
dipentylether,CCCCCOCCCCC,-0.385208208
diphenyl,c1ccc(cc1)c2ccccc2,-0.181774106
diphenyl_ether,O(c1ccccc1)c2ccccc2,-0.237321436
diphenyl_sulphide,S(c1ccccc1)c2ccccc2,-0.19859629
diphenyl_sulphoxide,O=[S](c1ccccc1)c2ccccc2,-0.217527376
dipropyl_ether,CCCOCCC,-0.422048872
dipropylamine,CCCNCCC,-0.400444409
discoid,N[S](=O)(=O)c1cc(C(O)=O)c(NCc2occc2)cc1Cl,-0.15490196
disodium_hydrogen_citrate,[Na+].[Na+].OC(=O)CC(O)(CC([O-])=O)C([O-])=O,-0.48148606
dithizone,S=C(NNc1ccccc1)N=Nc2ccccc2,-0.431798276
diuron,CN(C)C(=O)Nc1ccc(Cl)c(Cl)c1,-0.301029996
dma,CC(C)=CCO[P](O)(=O)O[P](O)(O)=O,-0.36875922
dmam,CC(C)CC(C)OC(=O)\C=C/C(=O)OC(C)CC(C)C,-0.240332155
dmap,CN(C)c1ccncc1,-0.244125144
dmc,CC(O)(c1ccc(Cl)cc1)c2ccc(Cl)cc2,-0.371764377
dme,C[N+](C)(C)CCCCCCCCCC[N+](C)(C)C,0.77815125
dmm,CC(CCC(C)O[S](C)(=O)=O)O[S](C)(=O)=O,-0.454692884
dmpa,C[C@H]1C[C@@H]2[C@H](CC[C@@]3(C)[C@H]2CC[C@]3(OC(C)=O)C(C)=O)[C@@]4(C)CCC(=O)C=C14,-0.346787486
dmpe,COc1ccc(CCN)cc1OC,-0.48148606
dmpu,OCN1CCCN(CO)C1=O,-0.206035095
dnd,Nc1ncnc2n(cnc12)[C@@H]3O[C@H](CO[P](O)(=O)O[P](O)(=O)OC[C@H]4OC([C@H](O)[C@@H]4O)[n+]5cccc(c5)C(O)=O)[C@@H](O)[C@H]3O,-0.187086643
doc,C[C@]12CC[C@H]3[C@@H](CCC4=CC(=O)CC[C@]34C)[C@@H]1CC[C@@H]2C(=O)CO,0.10720997
docetaxel,CC(=O)O[C@@]12CO[C@@H]1C[C@H](O)[C@]3(C)[C@@H]2[C@H](OC(=O)c4ccccc4)[C@]5(O)C[C@H](OC(=O)[C@H](O)[C@@H](NC(=O)OC(C)(C)C)c6ccccc6)C(=C([C@@H](O)C3=O)C5(C)C)C,-1.346787486
docosahexaenoic_acid,CCCCCCCCCC=CC=CC=CC=CC=CC=CC(O)=O,0.755874856
doda,CCCCCCCCCCCCCCCCCCNCCCCCCCCCCCCCCCCCC,-0.279840697
dodecan-4-ol,CCCCCCCCC(O)CCC,-0.356547324
dodecane,CCCCCCCCCCCC,-0.375717904
dodecanedioic_acid,OC(=O)CCCCCCCCCCC(O)=O,0.515211304
dodecanol,CCCCCCCCCCCCO,-0.371100436
dodecyl_laurate,CCCCCCCCCCCCOC(=O)CCCCCCCCCCC,-0.349886836
dodecylamine,CCCCCCCCCCCCN,-0.36081244
dodecylethanoate,CCCCCCCCCCCCOC(C)=O,-0.371304617
dodecyllaurate,CCCCCCCCCCCCOC(=O)CCCCCCCCCCC,-0.349886836
domperidone,Clc1ccc2N(C3CCN(CCCN4C(=O)Nc5ccccc45)CC3)C(=O)Nc2c1,0.44870632
dop,CCCCC(CC)COC(=O)c1ccccc1C(=O)OCC(CC)CCCC,-0.177505015
dopamine,NCCc1ccc(O)c(O)c1,0.67669361
dopc,CCCCCCCC\C=C/CCCCCCCC(=O)OCC(CO[P]([O-])(=O)OCC[N+](C)(C)C)OC(=O)CCCCCCC\C=C/CCCCCCCC,0.255272505
dope,CCCCCCCC\C=C/CCCCCCCC(=O)OC[C@H](CO[P](O)(=O)OCCN)OC(=O)CCCCCCC\C=C/CCCCCCCC,-0.119186408
dorzolamide,CCN[C@H]1C[C@H](C)[S](=O)(=O)c2sc(cc12)[S](N)(=O)=O,0.602059991
dotap,CCCCCCCC\C=C/CCCCCCCC(=O)OCC(C[N+](C)(C)C)OC(=O)CCCCCCC\C=C/CCCCCCCC,-0.251811973
dox,[Cl-].COc1cccc2C(=O)c3c(O)c4C[C@](O)(C[C@H](O[C@H]5C[C@H](N)[C@H](O)[C@H](C)O5)c4c(O)c3C(=O)c12)C(=O)CO.[H+],-0.107905397
doxo,CC(=O)OCC(=O)C1CCC2C3CCC4=CC(=O)CCC4(C)C3CCC12C,0.301029996
doxorubicin,COc1cccc2C(=O)c3c(O)c4C[C@](O)(C[C@H](O[C@H]5C[C@H](N)[C@H](O)[C@H](C)O5)c4c(O)c3C(=O)c12)C(=O)CO,0.301029996
dph,C[C@@H](Cc1ccccc1)C(N)=O,-0.467245621
dpi,[Cl].[I-]1c2ccccc2c3ccccc13.[H],-0.391046301
dpp,CC(C)=CCO[P](O)(=O)O[P](O)(O)=O,0.740362689
dppc,Cl[P](=O)(Oc1ccccc1)Oc2ccccc2,0.012837225
dppe,[H+].[Cl-].CCN(CC)CCOc1ccc(Cc2ccccc2)cc1,0.176091259
dpph,[O-][N+](=O)c1cc(c(NN(c2ccccc2)c3ccccc3)c(c1)[N+]([O-])=O)[N+]([O-])=O,0.338456494
dtab,[Br-].CCCCCCCCCCCC[N+](C)(C)C,-0.200659451
duloxetine,CNCCC(Oc1cccc2ccccc12)c3sccc3,0.301029996
duran,CN(C)C(=O)Nc1ccc(Cl)c(Cl)c1,-0.325138859
durene,Cc1cc(C)c(C)cc1C,0.093421685
dynasan_118,CCCCCCCCCCCCCCCCCC(=O)OCC(COC(=O)CCCCCCCCCCCCCCCCC)OC(=O)CCCCCCCCCCCCCCCCC,-0.358030402
e-3-hexen-1-ol,CC/C=C/CCO,0.544068044
edta,OC(=O)CN(CCN(CC(O)=O)CC(O)=O)CC(O)=O,0.170261715
efron,NC(=O)NC(=O)Cc1ccccc1,0.204119983
eg3,N[C@@H](Cc1ccccc1)C(=O)NCCOCCOCCNC(=O)c2ccc(cc2)[S](N)(=O)=O,0.301029996
egcg,Oc1cc(O)c2C[C@@H](OC(=O)c3cc(O)c(O)c(O)c3)[C@H](Oc2c1)c4cc(O)c(O)c(O)c4,0.681241237
egta,OC(=O)CN(CCOCCOCCN(CC(O)=O)CC(O)=O)CC(O)=O,0.642958879
eicosanedioic_acid,OC(=O)CCCCCCCCCCCCCCCCCCC(O)=O,0.270678836
eletriptan,CN1CCC[C@@H]1Cc2c[nH]c3ccc(CC[S](=O)(=O)c4ccccc4)cc23,0.240549248
em,CCC1OC(=O)C(C)C(OC2CC(C)(OC)C(O)C(C)O2)C(C)C(OC3OC(C)CC(C3O)N(C)C)C(C)(O)CC(C)C(=O)C(C)C(O)C1(C)O,-0.346787486
entellan,CCCCOC(=O)C(C)=C.COC(=O)C(C)=C,-0.307153081
eosin,[Na+].[Na+].[O-]C(=O)c1ccccc1C2=C3C=C(Br)C(=O)C(=C3Oc4c(Br)c([O-])c(Br)cc24)Br,-0.372634143
epa,CC/C=C\C\C=C/C/C=C\C\C=C/C/C=C\CCCC(O)=O,0.428134794
epicatechin,O[C@@H]1Cc2c(O)cc(O)cc2OC1c3ccc(O)c(O)c3,0.301029996
epinephrine,CNC[C@H](O)c1ccc(O)c(O)c1,0.451786436
eplerenone,COC(=O)[C@@H]1CC2=CC(=O)CC[C@]2(C)[C@@]34O[C@@H]3C[C@@]5(C)[C@@H](CC[C@@]56CCC(=O)O6)[C@H]14,0.698970004
epoxy_resin,CC(C)(c1ccc(O)cc1)c2ccc(O)cc2.OC(=O)C=C.ClCC3CO3,-0.243972787
erlotinib,[H+].[Cl-].COCCOc1cc2ncnc(Nc3cccc(c3)C#C)c2cc1OCCOC,0.477121255
ertapenem,C[C@@H](O)[C@@H]1[C@H]2[C@@H](C)C(=C(N2C1=O)C(O)=O)S[C@@H]3CN[C@@H](C3)C(=O)Nc4cccc(c4)C(O)=O,0.301029996
erythrodiol,CC1(C)CC[C@]2(CO)CC[C@]3(C)C(=CC[C@@H]4[C@@]5(C)CC[C@H](O)C(C)(C)[C@@H]5CC[C@@]34C)[C@@H]2C1,-0.229147988
erythromycin,CC[C@H]1OC(=O)[C@H](C)[C@@H](O[C@H]2C[C@@](C)(OC)[C@@H](O)[C@H](C)O2)[C@H](C)[C@@H](O[C@@H]3O[C@H](C)C[C@@H]([C@H]3O)N(C)C)[C@](C)(O)C[C@@H](C)C(=O)[C@H](C)[C@@H](O)[C@]1(C)O,-0.013228266
erythrosine,[Na+].[Na+].[O-]C(=O)c1ccccc1C2=C3C=C(I)C(=O)C(=C3Oc4c(I)c([O-])c(I)cc24)I,0.361727836
escor,COC(=O)C1=C(NC(=C(C1c2cccc(c2)[N+]([O-])=O)C(=O)OC(C)C)C)C#N,0.130333768
estane_5703,CCOC(N)=O,-0.310691141
estragole,COc1ccc(CC=C)cc1,0.437750563
et,CC[n+]1c2cc(N)ccc2c3ccc(N)cc3c1c4ccccc4,0.301029996
etbe,CCOC(C)(C)C,-0.428291168
etbr,[Br-].CC[n+]1c2cc(N)ccc2c3ccc(N)cc3c1c4ccccc4,-0.48148606
ethane,CC,-0.356547324
ethanol,CCO,-0.442492798
ethanolamine,NCCO,-0.347753659
ethanol–,CCO,-0.459045191
ether,CCOCC,-0.452225295
ethyl-alcohol,CCO,-0.376337293
ethyl-hexylalcohol,CCCCCC(O)CC,-0.364516253
ethyl-lactate,CCOC(=O)C(C)O,0.247973266
ethyl2-phenoxypropanoate,CCOC(=O)C(C)Oc1ccccc1,-0.443697499
ethyl4-bromoacetoacetate,CCOC(=O)CC(=O)CBr,-0.277283833
ethyl4-methyl-3-oxopentanoate,CCOC(=O)CC(=O)C(C)C,-0.602059991
ethyl_acetat,CCOC(C)=O,0.700703717
ethyl_acetate,CCOC(C)=O,-0.429106964
ethyl_acetoacetate,CCOC(=O)CC(C)=O,-0.377785977
ethyl_alcohol,CCO,-0.441531437
ethyl_benzene,CCc1ccccc1,-0.307064997
ethyl_benzoate,CCOC(=O)c1ccccc1,-0.297569464
ethyl_bromide,CCBr,0.397940009
ethyl_butanoate,CCCC(=O)OCC,-0.419645339
ethyl_butyrate,CCCC(=O)OCC,-0.407823243
ethyl_cyanide,CCC#N,-0.438898616
ethyl_dichloroacetate,CCOC(=O)C(Cl)Cl,-0.358525889
ethyl_ester,CCOC(C)=O,-0.339513984
ethyl_ether,CCOCC,-0.383104574
ethyl_isoamyl_ketone,CCC(=O)CCC(C)C,-0.377304271
ethyl_levulinate,CCOC(=O)CCC(C)=O,-0.26176503
ethyl_methacrylate,CCOC(=O)C(C)=C,-0.386211015
ethyl_propionate,CCOC(=O)CC,-0.417141538
ethylacetate,CCOC(C)=O,-0.429106964
ethylacetoacetate,CCCC(=O)CC([O-])=O,-0.323535027
ethylalcohol,CCO,-0.442372512
ethylammonium_acetate,CC[NH3+].CC([O-])=O,-0.343997679
ethylammonium_butyrate,CC[NH3+].CCCC([O-])=O,-0.343997679
ethylammonium_formate,CC[NH3+].[O-]C=O,-0.343997679
ethylammonium_glycolate,CC[NH3+].OCC([O-])=O,-0.34275287
ethylammonium_hydrogen_sulfate,CC[NH3+].O[S]([O-])(=O)=O,-0.343997679
ethylammonium_lactate,CC[NH3+].CC(O)C([O-])=O,-0.34275287
ethylammonium_nitrate,CC[NH3+].[O-][N+]([O-])=O,-0.345342245
ethylammonium_propionate,CC[NH3+].CCC([O-])=O,-0.343997679
ethylbenzene,CCc1ccccc1,-0.319102715
ethylbenzoate,CCOC(=O)c1ccccc1,-0.295163394
ethylbutyrate,CCCC(=O)OCC,-0.406713933
ethylcyclohexane,CCC1CCCCC1,-0.363512104
ethyldichloroacetate,CCC(Cl)(Cl)C([O-])=O,-0.358525889
ethylendiamine,NCCN,-0.248720896
ethylene-glycol,OCCO,-0.364516253
ethylene_carbonate,O=C1OCCO1,-0.37161107
ethylene_glycol,OCCO,-0.36552273
ethylene_glycol_monophenyl_ether,OCCOc1ccccc1,-0.27572413
ethylene_glycol_tetraacetic_acid,CC(O)=O.CC(O)=O.CC(O)=O.CC(O)=O.OCCO,0.642958879
ethylene_propylene,CC=C.C=C,-0.468521083
ethylene_vinyl_acetate,CC(=O)OC=C.C=C,-0.301029996
ethylenediamine,NCCN,-0.229147988
ethyleneglycol,OCCO,-0.364717362
ethylethanoate,CCOC(C)=O,-0.439615077
ethylether,CCOCC,-0.452225295
ethylformate,CCOC=O,-0.443697499
ethylhexylalcohol,CCCCCC(O)CC,-0.36552273
ethyloxalate,CCOC(=O)C([O-])=O,-0.386972583
ethylpentanoate,CCCCC(=O)OCC,0.459392488
ethylpropanate,CCOC(=O)CC,0.378397901
ethylpropionate,CCOC(=O)CC,-0.426722163
etoh,CCO,-0.442492798
etp,CCc1cc(ccn1)C(N)=S,-0.296708622
eucalyptol,CC12CCC(CC1)C(C)(C)O2,-0.431798276
eugenol,COc1cc(CC=C)ccc1O,-0.26704363
eusolex,c1ccc(cc1)\C=N\N=C\c2ccccc2,-0.326058001
fenoprofen,CC(C(O)=O)c1cccc(Oc2ccccc2)c1,-0.102372909
ferulic_acid,COc1cc(\C=C\C(O)=O)ccc1O,-0.408935393
finesse,COc1nc(C)nc(NC(=O)N[S](=O)(=O)c2ccccc2Cl)n1,0.156851901
fitc,Oc1ccc2c(Oc3cc(O)ccc3C24OC(=O)c5cc(ccc45)N=C=S)c1,-0.107905397
flavone,O=C1C=C(Oc2ccccc12)c3ccccc3,-0.069438086
flavonoid,Oc1ccc(cc1)C2=CC(=O)c3c(O)c(O)c(O)cc3O2,-0.183096161
fluconazole,OC(Cn1cncn1)(Cn2cncn2)c3ccc(F)cc3F,0.77815125
fluocinolone_acetonide,CC1(C)O[C@@H]2C[C@H]3[C@@H]4C[C@H](F)C5=CC(=O)C=C[C@]5(C)[C@@]4(F)[C@@H](O)C[C@]3(C)[C@@]2(O1)C(=O)CO,0.301029996
fluoranthene,c1ccc2c(c1)c3cccc4cccc2c34,0.255272505
fluorene,C1c2ccccc2c3ccccc13,-0.178486472
fluorescein,Oc1ccc2c(Oc3cc(O)ccc3C24OC(=O)c5ccccc45)c1,-0.408601449
fluorescein_isothiocyanate,Oc1ccc2c(Oc3cc(O)ccc3C24OC(=O)c5cc(ccc45)N=C=S)c1,0.77815125
fluorobenzene,Fc1ccccc1,-0.348431261
fmoc-pro-oh,OC(=O)[C@@H]1CCCN1C(=O)OCC2c3ccccc3c4ccccc24,0.857332496
folic_acid,NC1=Nc2ncc(CNc3ccc(cc3)C(=O)N[C@@H](CCC(O)=O)C(O)=O)nc2C(=O)N1,0.826074803
folicacid,NC1=Nc2ncc(CNc3ccc(cc3)C(=O)N[C@@H](CCC(O)=O)C(O)=O)nc2C(=O)N1,0.489958479
forsythiaside,C[C@@H]1O[C@@H](OC[C@H]2O[C@@H](OCCc3ccc(O)c(O)c3)[C@H](O)[C@@H](O)[C@@H]2OC(=O)/C=C/c4ccc(O)c(O)c4)[C@H](O)[C@H](O)[C@H]1O,-0.37675071
furan,o1cccc1,-0.375511637
furfural,O=Cc1occc1,-0.363060993
furfurol,OCc1occc1,-0.797511683
furfuryl_alcohol,OCc1occc1,-0.212610379
furoic_acid,OC(=O)c1occc1,-0.190440285
furoicacid,OC(=O)c1occc1,-0.190440285
galangin,Oc1cc(O)c2C(=O)C(=C(Oc2c1)c3ccccc3)O,0.301029996
gallic_acid,OC(=O)c1cc(O)c(O)c(O)c1,0.859738566
gamma-linolenic_acid,CCCCC\C=C/C/C=C\C\C=C/CCCCC(O)=O,0.505149978
gbl,O=C1CCCO1,-1
gdma,SCC(=O)OCCOC(=O)CS,-0.328271912
gefitinib,COc1cc2ncnc(Nc3ccc(F)c(Cl)c3)c2cc1OCCCN4CCOCC4,-2
genistein,Oc1ccc(cc1)C2=COc3cc(O)cc(O)c3C2=O,-0.853871964
gentamicin,CNC(C)C1CCC(N)C(O1)OC2C(N)CC(N)C(OC3OCC(C)(O)C(NC)C3O)C2O,0.698970004
gentisic_acid,OC(=O)c1cc(O)ccc1O,0.301029996
geranial,CC(C)=CCC\C(C)=C\C=O,-0.342466112
geraniol,CC(C)=CCC\C(C)=C\CO,-0.323032186
geranyl_acetate,CC(=O)OC\C=C(/C)CCC=C(C)C,-0.339134522
germacrene_d,CC(C)[C@@H]\1CCC(=C/CCC(=C)/C=C1)/C,0.647871765
gflx,O.O.O.COc1c(N2CCNC(C)C2)c(F)cc3C(=O)C(=CN(C4CC4)c13)C(O)=O.COc5c(N6CCNC(C)C6)c(F)cc7C(=O)C(=CN(C8CC8)c57)C(O)=O,-0.769551079
ghb,[Na+].OCCCC([O-])=O,-0.301464507
glu,NC(CCC(O)=O)C(O)=O,-0.384049948
glutamate,N[C@@H](CCC([O-])=O)C([O-])=O,0.403977964
glutaraldehyde,O=CCCCC=O,-0.455931956
glutaric_acid,OC(=O)CCCC(O)=O,-0.351396072
glutathione,N[C@@H](CCC(=O)N[C@@H](CS)C(=O)NCC(O)=O)C(O)=O,0.012837225
gly,NCC(O)=O,0.481442629
glycerine,OCC(O)CO,-0.369775589
glycerol,OCC(O)CO,-0.331614083
glycerol_triacetate,CC(=O)OCC(COC(C)=O)OC(C)=O,-0.366531544
glycerol–,OCC(O)CO,-0.403402904
glycerol−,OCC(O)CO,-0.337242168
glycidyl_methacrylate,CC(=C)C(=O)OCC1CO1,-0.347753659
glycine,NCC(O)=O,-0.472627917
glycol,OCCO,-0.36251027
glycol_dimethacrylate,CC(=C)C(=O)OCCOC(=O)C(C)=C,-0.348721986
glycolaldehyde,OCC=O,-0.321299565
glyme,COCCOC,0.698970004
glyoxal,O=CC=O,-0.349692477
gma,N[C@H](CCC(O)=O)C(N)=O,-0.346787486
gmbs,O=C(CCCN1C(=O)C=CC1=O)ON2C(=O)CCC2=O,-0.337242168
gnr,ONC(=O)C[C@H]1Sc2ccccc2NC1=O,-1
golden_yellow,Oc1c2ccccc2c(cc1[N+]([O-])=O)[N+]([O-])=O,-0.341988603
gps,N[C@@H](CCC(=O)N[C@@H](CS[C@@H]1[C@@H](O)c2ccccc2c3ccccc13)C(=O)NCC(O)=O)C(O)=O,-0.360513511
grilon,CCCCCC(N)=O,-0.397940009
gsh,NC(CCC(=O)NC(CS)C(=O)NCC(O)=O)C(O)=O,0.291146762
gst,CC(C)=CCC\C(C)=C\CS[P](O)(=O)O[P](O)(O)=O,0.541579244
hcfc-141b,CC(F)(Cl)Cl,-0.443697499
hcnp,OCCn1c(ccc1[N+]([O-])=O)C#N,-0.025488307
hcpt,CC[C@@]1(O)C(=O)OCC2=C1C=C3N(Cc4cc5cc(O)ccc5nc34)C2=O,-1.034798299
hema,CC(=C)C(=O)OCCO,-0.344861565
hepes,OCCN1CCN(CC1)CC[S](O)(=O)=O,-0.477555766
heptaldehyde,CCCCCCC=O,-0.384049948
heptan-1-ol,CCCCCCCO,-0.372634143
heptanal,CCCCCCC=O,0.530199698
heptane,CCCCCCC,-0.411616232
heptanoate,CCCCCCC([O-])=O,-0.342084063
heptanol,CCCCCCCO,-0.373146585
heptanone,CCCCCC(C)=O,-0.387958255
heptene,CCCCCC=C,-0.397940009
heptylbenzene,CCCCCCCc1ccccc1,-0.312917155
heptylmethylether,CCCCCCCOC,-0.392009141
hesperetin,COc1ccc(cc1O)[C@@H]2CC(=O)c3c(O)cc(O)cc3O2,-0.537602002
hesperidin,COc1ccc(cc1O)[C@@H]2CC(=O)c3c(O)cc(O[C@@H]4O[C@H](CO[C@@H]5O[C@@H](C)[C@H](O)[C@@H](O)[C@H]5O)[C@@H](O)[C@H](O)[C@H]4O)cc3O2,-0.512720184
hexadecane,CCCCCCCCCCCCCCCC,-0.36251027
hexadecanethiol,CCCCCCCCCCCCCCCCS,-0.335358024
hexadecanoic_acid,CCCCCCCCCCCCCCCC(O)=O,0.77815125
hexadecyl_acetate,CCCCCCCCCCCCCCCCOC(C)=O,-0.352323687
hexadecylacetate,CCCCCCCCCCCCCCCCCC([O-])=O,-0.352323687
hexaethylene_glycol,OCCOCCOCCOCCOCCOCCO,0
hexan-1-ol,CCCCCCO,-0.378512135
hexanal,CCCCCC=O,-0.393618635
hexane,CCCCCC,-0.425968732
hexanediol_diacrylate,CCCCCC(O)O.OC(=O)C=C.OC(=O)C=C,-0.341035157
hexanenitrile,CCCCCC#N,-0.391473966
hexanes,CCCCCC,-0.443697499
hexanethiol,CCCCCCS,0.006466042
hexanoic_acid,CCCCCC(O)=O,0.447158031
hexanoic_acid_ethyl_ester,CCCCCC(=O)OCC,-0.698970004
hexanol,CCCCCCO,-0.378823718
hexene,CCCCC=C,-0.411168274
hexene-1,CCCCC=C,-0.411168274
hexyl,[O-][N+](=O)c1cc(c(Nc2c(cc(cc2[N+]([O-])=O)[N+]([O-])=O)[N+]([O-])=O)c(c1)[N+]([O-])=O)[N+]([O-])=O,0.443732241
hexyl_acetate,CCCCCCOC(C)=O,-0.387958255
hexyl_acetoacetate,CCCCCCOC(=O)CC(C)=O,-0.362710452
hexylacetate,CCCCCCOC(C)=O,-0.387958255
hexylacetoacetate,CCCCCCCC(=O)CC([O-])=O,-0.362710452
hexylamine,CCCCCCN,-0.384734001
hexylammonium,CCCCCC[NH3+],0.176091259
hexylcaprate,CCCCCCCCCC(=O)OCCCCCC,-0.359816808
hfc-134a,FCC(F)(F)F,-1.194839098
histodenz,CC(=O)N(CC(O)CO)c1c(I)c(C(=O)NCC(O)CO)c(I)c(C(=O)NCC(O)CO)c1I,-0.337242168
hmimcl,[Cl-].CCCCCCn1cc[n+](C)c1,-0.294992041
hoggar,CCC(Br)(CC)C(=O)NC(N)=O,0.462397998
homocysteine,N[C@@H](CCS)C(O)=O,0.008174184
hydrochlorothiazide,N[S](=O)(=O)c1cc2c(NCN[S]2(=O)=O)cc1Cl,-0.455931956
hydrocortisone,C[C@]12CCC(=O)C=C1CC[C@H]3[C@@H]4CC[C@](O)(C(=O)CO)[C@@]4(C)C[C@H](O)[C@H]23,0.77815125
hydroquinone,Oc1ccc(O)cc1,-0.266160999
hydroxyethylmethacrylate,CC(=C)C(=O)OCCO,-0.26760624
hyperoside,OC[C@H]1O[C@@H](OC2=C(Oc3cc(O)cc(O)c3C2=O)c4ccc(O)c(O)c4)[C@H](O)[C@@H](O)[C@H]1O,-0.255707017
i-butanol,CC(C)CO,-0.402414498
i-propanol,CC(C)O,-0.422968014
ibuprofen,CC(C)Cc1ccc(cc1)C(C)C(O)=O,-0.795880017
indacaterol,CCc1cc2CC(Cc2cc1CC)NCC(O)c3ccc(O)c4NC(=O)C=Cc34,0.320146286
indane,C1Cc2ccccc2C1,-0.274088368
indapamide,CC1Cc2ccccc2N1NC(=O)c3ccc(Cl)c(c3)[S](N)(=O)=O,-0.187086643
indene,C1C=Cc2ccccc12,0.587710965
indole,[nH]1ccc2ccccc12,0.749736316
indoline,C1Cc2ccccc2N1,-0.231583912
indomethacin,COc1ccc2n(c(C)c(CC(O)=O)c2c1)C(=O)c3ccc(Cl)cc3,0.602059991
iodobenzene,Ic1ccccc1,-0.207608311
iohexol,CC(=O)N(CC(O)CO)c1c(I)c(C(=O)NCC(O)CO)c(I)c(C(=O)NCC(O)CO)c1I,-0.310691141
iso-butanol,CC(C)CO,-0.402414498
iso-butylalcohol,CC(C)CO,-0.403402904
iso-octane,CCCCCC(C)C,-0.410106224
iso-pentane,CCC(C)C,-0.455931956
iso-propanol,CC(C)O,-0.426316307
iso-propyl_alcohol,CC(C)O,-0.431798276
iso-propylalcohol,CC(C)O,-0.410050399
iso-propylbenzene,CC(C)c1ccccc1,-0.308918508
isoamyl-acetate,CC(C)CCCC([O-])=O,0.477121255
isoamyl_alcohol,CC(C)CCO,-0.392544977
isoamylacetate,CC(C)CCCC([O-])=O,-0.442252258
isoamylalcohol,CC(C)CCO,-0.390405591
isobornyl_acrylate,CC1(C)[C@H]2CC[C@]1(C)C(C2)OC(=O)C=C,-0.324221658
isobutanol,CC(C)CO,-0.40263395
isobutene,CC(C)=C,-0.408935393
isobutyl_acetate,CC(C)COC(C)=O,-0.411168274
isobutyl_alcohol,CC(C)CO,-0.403402904
isobutylacetate,CC(C)CCC([O-])=O,-0.408935393
isobutylalcohol,CC(C)CO,-0.402963335
isobutylisobutyrate,CC(C)COC(=O)C(C)C,-0.400116928
isobutyraldehyde,CC(C)C=O,-0.427128398
isobutyric_acid,CC(C)C(O)=O,-0.40544172
isobutyricacid,CC(C)C(O)=O,-0.405276054
isoferulic_acid,COc1ccc(\C=C\C(O)=O)cc1O,0.301029996
isolongifolene,CC1(C)CCC=C2C(C)(C)C3CCC12C3,-2.602059991
isooctane,CCCCCC(C)C,-0.407823243
isopentyl_acetate,CC(C)CCOC(C)=O,-0.400007822
isopentylacetate,CC(C)CCCC([O-])=O,-0.399027104
isoprene,CC(=C)C=C,-0.374687549
isopropanal,CC(C)=O,-0.41453927
isopropanol,CC(C)O,-0.423428316
isopropyl_acetate,CC(C)OC(C)=O,-0.42591083
isopropyl_alcohol,CC(C)O,-0.424235019
isopropyl_benzene,CC(C)c1ccccc1,-0.30860904
isopropyl_ether,CC(C)OC(C)C,-0.434152181
isopropylacetate,CC(C)CC([O-])=O,-0.390416262
isopropylalcohol,CC(C)O,-0.423083044
isopropylbenzene,CC(C)c1ccccc1,-0.308918508
isopropylether,CC(C)OC(C)C,0.246252312
isorhamnetin,COc1cc(ccc1O)C2=C(O)C(=O)c3c(O)cc(O)cc3O2,0.903089987
isovitexin,OC[C@H]1O[C@H]([C@H](O)[C@@H](O)[C@@H]1O)c2c(O)cc3OC(=CC(=O)c3c2O)c4ccc(O)cc4,-1.045757491
itaconate,[O-]C(=O)CC(=C)C([O-])=O,0
itraconazole,CCC(C)N1N=CN(C1=O)c2ccc(cc2)N3CCN(CC3)c4ccc(OC[C@H]5CO[C@@](Cn6cncn6)(O5)c7ccc(Cl)cc7Cl)cc4,0.511883361
kaempferol,Oc1ccc(cc1)C2=C(O)C(=O)c3c(O)cc(O)cc3O2,0.301029996
ketoconazole,CC(=O)N1CCN(CC1)c2ccc(OC[C@H]3CO[C@@](Cn4ccnc4)(O3)c5ccc(Cl)cc5Cl)cc2,-0.229147988
ketoprofen,CC(C(O)=O)c1cccc(c1)C(=O)c2ccccc2,0.195899652
ketorolac,OC(=O)C1CCn2c1ccc2C(=O)c3ccccc3,0.477121255
kynurenic_acid,OC(=O)C1=CC(=O)c2ccccc2N1,0
l-carnitine,C[N+](C)(C)C[C@H](O)CC([O-])=O,0.698970004
lacdinac,CC(=O)N[C@@H](C=O)[C@@H](O)[C@H](O[C@@H]1O[C@H](CO)[C@H](O)[C@H](O)[C@H]1NC(C)=O)[C@H](O)CO,0.113943352
lactate,CC(O)C([O-])=O,0.698970004
lactic_acid,CC(O)C(O)=O,0.759667845
lacticacid,CC(O)C(O)=O,0.08278537
lactose,OCC1OC(OC2C(O)C(O)C(O)OC2CO)C(O)C(O)C1O,-0.399299304
lamotrigine,Nc1nnc(c(N)n1)c2cccc(Cl)c2Cl,-0.251811973
lap,CCCCCCCCCCCC(O)=O,-0.045757491
lapatinib,C[S](=O)(=O)CCNCc1oc(cc1)c2ccc3ncnc(Nc4ccc(OCc5cccc(F)c5)c(Cl)c4)c3c2,-1.301029996
latrunculin_a,C[C@H]\1CC[C@@H]2C[C@H](C[C@@](O)(O2)[C@@H]3CSC(=O)N3)OC(=O)\C=C(\C)CC\C=C\C=C1,0.301029996
lauric_acid,CCCCCCCCCCCC(O)=O,-0.366531544
lauryl_methacrylate,CCCCCCCCCCCCOC(=O)C(C)=C,-0.354577731
lazo,CCc1cccc(CC)c1N(COC)C(=O)CCl,0
leaf,COC(=O)[C@H]1[C@H](CC2CCC1N2C)OC(=O)c3ccccc3,0.176091259
leron,CC1CCN(CCN=C(N)N)C=C1.O[S](O)(=O)=O,-0.482401675
leu,CC(C)CC(N)C(O)=O,0.696793085
leucite,CC(C)CC(O)C[O-],-0.286089646
levocabastine,C[C@@H]1CN(CC[C@]1(C(O)=O)c2ccccc2)C3CC[C@@](CC3)(C#N)c4ccc(F)cc4,0.477121255
levofloxacin,C[C@H]1COc2c(N3CCN(C)CC3)c(F)cc4C(=O)C(=CN1c24)C(O)=O,0.443325584
levulinic_acid,CC(=O)CCC(O)=O,-0.266144968
lidocaine,CCN(CC)CC(=O)Nc1c(C)cccc1C,0.477121255
light_green,[Cl-].[Cl-].CN(C)c1ccc(cc1)[C+](c2ccc(cc2)N(C)C)c3ccc(cc3)[N+](C)(C)C,-0.251811973
limonene,CC(=C)C1CCC(=CC1)C,-0.325138859
linalool,CC(C)=CCCC(C)(O)C=C,-0.335358024
linarin,COc1ccc(cc1)C2=CC(=O)c3c(O)cc(O[C@@H]4O[C@H](CO[C@@H]5O[C@@H](C)[C@H](O)[C@@H](O)[C@H]5O)[C@@H](O)[C@H](O)[C@H]4O)cc3O2,-0.886056648
lincomycin,CCCC1CC(N(C)C1)C(=O)NC(C(C)O)C2OC(SC)C(O)C(O)C2O,0.77815125
linoleic_acid,CCCCC/C=C\C\C=C/CCCCCCCC(O)=O,-0.782516056
linoleicacid,CCCCC/C=C\C\C=C/CCCCCCCC(O)=O,-0.328318155
liquiritigenin,Oc1ccc(cc1)[C@@H]2CC(=O)c3ccc(O)cc3O2,-0.568636236
lissamine,[Na+].[Na+].[Na+].[O-][S](=O)(=O)c1ccc2c(c1)C=C(C(=O)/C2=N/Nc3ccc(c4ccccc34)[S]([O-])(=O)=O)[S]([O-])(=O)=O,0.255272505
listerine,CC1CCC(C(C)C)C(O)C1.CC(C)c2ccc(C)cc2O.CC34CCC(CC3)C(C)(C)O4,-0.287350298
ln,CC(=O)N[C@H]1C(O)O[C@H](CO)[C@@H](O[C@@H]2O[C@H](CO)[C@H](O)[C@H](O)[C@H]2O)[C@@H]1O,-0.276955008
luciferin,OC(=O)[C@H]1CSC(/N1)=C2/SC3=CC(=O)C=CC3=N2,0.301029996
lumen,CCC1(C(=O)NC(=O)NC1=O)c2ccccc2,-0.468521083
lutein,CC(=C\C=C\C=C(C)\C=C\C=C(C)\C=C\C1=C(C)C[C@@H](O)CC1(C)C)/C=C/C=C(C)/C=C/[C@H]2C(=C[C@H](O)CC2(C)C)C,-0.375717904
luteolin,Oc1cc(O)c2C(=O)C=C(Oc2c1)c3ccc(O)c(O)c3,-0.443697499
luteolin-7-o-glucoside,OC[C@H]1O[C@@H](Oc2cc(O)c3C(=O)C=C(Oc3c2)c4ccc(O)c(O)c4)[C@H](O)[C@@H](O)[C@@H]1O,0.301029996
lutidine,Cc1cccc(C)n1,-0.024568191
lys,NCCCCC(N)C(O)=O,0.489958479
lysine,NCCCC[C@H](N)C(O)=O,-0.341769125
l−,N[C@@H](CCCN=C(N)N)C(O)=O,0.477121255
m-chloroaniline,Nc1cccc(Cl)c1,-0.310691141
m-cresol,Cc1cccc(O)c1,-0.271646218
m-hydroxybenzoic_acid,OC(=O)c1cccc(O)c1,0.301029996
m-tolualdehyde,Cc1cccc(C=O)c1,-0.266802735
m-toluic_acid,Cc1cccc(c1)C(O)=O,-0.293282218
m-xylene,Cc1cccc(C)c1,-0.303643611
magenta,[H+].[Cl-].CC1=CC(C=CC1=N)=C(c2ccc(N)cc2)c3ccc(N)cc3,-0.235077015
magnesium_acetate,[Mg++].CC([O-])=O.CC([O-])=O,-1.096910013
magnesium_phthalocyanine,[Mg++].[n-]1c2nc3nc(nc4[n-]c(nc5nc(nc1c6ccccc26)c7ccccc57)c8ccccc48)c9ccccc39,-0.050609993
malic_acid,OC(CC(O)=O)C(O)=O,-0.619788758
malicacid,OC(CC(O)=O)C(O)=O,-0.453951134
malondialdehyde,O=CCC=O,0
malonic_acid,OC(=O)CC(O)=O,-0.336204878
maltose,OCC1OC(OC2C(O)C(O)C(O)OC2CO)C(O)C(O)C1O,0.519827994
maltotetraose,OCC1OC(OC2C(O)C(O)C(OC2CO)OC3C(O)C(O)C(OC3CO)OC4C(O)C(O)C(O)OC4CO)C(O)C(O)C1O,0.698970004
maltotriose,OCC1OC(OC2C(O)C(O)C(OC2CO)OC3C(O)C(O)C(O)OC3CO)C(O)C(O)C1O,0.556302501
mangiferin,OC[C@H]1O[C@H]([C@H](O)[C@@H](O)[C@@H]1O)c2c(O)cc3Oc4cc(O)c(O)cc4C(=O)c3c2O,-0.634512015
mbba,CCCCc1ccc(cc1)N=Cc2ccc(OC)cc2,-0.213603539
mbp,CCCCOC(=O)c1ccccc1C(O)=O,-0.350373113
mbta,[I-].C[N+](C)(C)Cc1ccc(cc1)N2C(=O)C=CC2=O,-0.211478113
mch,CC1=CC(=O)CCC1,0.384711743
mdea,CN(CCO)CCO,-0.337062823
mea,NCCS,-0.452348342
mecn,CC#N,-0.460923901
meg,[Br-].NC([NH3+])=NCCS,-0.414313722
meglumine_diatrizoate,CNC[C@H](O)[C@@H](O)[C@H](O)[C@H](O)CO.CC(=O)Nc1c(I)c(NC(C)=O)c(I)c(C(O)=O)c1I,-0.346787486
mek,CCC(C)=O,-0.425968732
mel,NC(=N)c1ccc(CNC(=O)[C@@H]2CCN2C(=O)[C@H](NCC(O)=O)C3CCCCC3)cc1,-2.585026652
melibiose,OCC1OC(OCC2OC(O)C(O)C(O)C2O)C(O)C(O)C1O,0.021189299
melittin,CCC(C)C(NC(=O)CN)C(=O)NCC(=O)NC(C)C(=O)NC(C(C)C)C(=O)NC(CC(C)C)C(=O)NC(CCCCN)C(=O)NC(C(C)C)C(=O)NC(CC(C)C)C(=O)NC(C(C)O)C(=O)NC(C(C)O)C(=O)NCC(=O)NC(CC(C)C)C(=O)N1CCCC1C(=O)NC(C)C(=O)NC(CC(C)C)C(=O)NC(C(C)CC)C(=O)NC(CO)C(=O)NC(Cc2c[nH]c3ccccc23)C(=O)NC(C(C)CC)C(=O)NC(CCCCN)C(=O)NC(CCCNC(N)=N)C(=O)NC(CCCCN)C(=O)NC(CCCNC(N)=N)C(=O)NC(CCC(N)=O)C(=O)NC(CCC(N)=O)C(N)=O,-0.113227357
mep,CCc1ccc(C)nc1,-0.279840697
mesitylene,Cc1cc(C)cc(C)c1,0.093421685
met,CSCCC(N)C(O)=O,0.075546961
methacrolein,CC(=C)C=O,-0.380906669
methacrylate,CC(=C)C([O-])=O,0.173186268
methotrexate,CN(Cc1cnc2nc(N)nc(N)c2n1)c3ccc(cc3)C(=O)N[C@@H](CCC(O)=O)C(O)=O,0.602059991
methoxybenzene,COc1ccccc1,-0.329383114
methyl2-furanacrylate,COC(=O)C=Cc1occc1,-0.351932871
methyl2-isothiocyanatobenzoate,COC(=O)c1ccccc1N=C=S,-0.270511231
methyl2-thiofuroate,COC(=O)c1sccc1,-0.24328784
methyl_butanoate,CCCC(=O)OC,-0.414573113
methyl_ethyl_ketone,CCC(C)=O,0.379618206
methyl_heptanoate,CCCCCCC(=O)OC,-0.387799125
methyl_isobutyl_ketone,CC(C)CC(C)=O,-0.40252421
methyl_linoleate,CCCCC/C=C\C\C=C/CCCCCCCC(=O)OC,-0.335828295
methyl_oleate,CCCCCCCC\C=C/CCCCCCCC(=O)OC,-0.406105018
methyl_palmitate,CCCCCCCCCCCCCCCC(=O)OC,-0.363311552
methyl_pentanoate,CCCCC(=O)OC,-0.403622856
methyl_propanoate,CCC(=O)OC,-0.426762769
methyl_salicylate,COC(=O)c1ccccc1O,-0.277942229
methyl_stearate,CCCCCCCCCCCCCCCCCC(=O)OC,-0.360015752
methyl_succinic_acid,CC(CC(O)=O)C(O)=O,-0.320662969
methyl_vinyl_ketone,CC(=O)C=C,-0.386158178
methylanisole,COc1ccccc1C,-0.290390879
methylbutane,CCCCC,-0.450996738
methylbutanoate,CCCC(=O)OC,-0.389339837
methylbutyrate,CCCC(=O)OC,0.383815366
methylchloride,CCl,-0.469800302
methylcyclohexane,CC1CCCCC1,-0.373608301
methylcyclopentane,CC1CCCC1,-0.357436563
methylene_blue,[Cl-].CN(C)c1ccc2nc3ccc(cc3[s+]c2c1)N(C)C,0.62324929
methylene_chloride,ClCCl,-0.372326968
methylene_dichloride,ClCCl,-0.372634143
methylenechloride,ClCCl,-0.372224625
methylenedichloride,ClCCl,-0.372634143
methylethylacetone,CCC(C)C(C)=O,-0.42136079
methylethylketone,CCC(C)=O,-0.421017157
methylheptanoate,CCCCCCC(=O)OC,-0.387799125
methylisobutylketone,CC(C)CC(C)=O,-0.402414498
methyllevulinate,COC(=O)CCC(C)=O,-0.381435243
methylnaphthalene,Cc1cccc2ccccc12,-0.211124884
methyloctanol,CCCCCCCC(C)O,0.672097858
methylparaben,COC(=O)c1ccc(O)cc1,-0.048176965
methylpentene,CCCC=CC,-0.333482019
methylphenylsulfoxide,C[S](=O)c1ccccc1,-0.244125144
methylpropanoate,CCC(=O)OC,-0.426629362
methylpropionate,CCC(=O)OC,-0.43568909
methylsalicylate,COc1ccccc1C([O-])=O,-0.278477911
mha,NC(=O)CN(CC(O)=O)CC(O)=O,-0.337242168
miak,CC(C)CCC(C)=O,-0.390619056
mibk,CC(C)CC(C)=O,-0.355758414
milli,C[C@]12CC[C@H]3[C@@H](CCC4=CC(=O)CC[C@H]34)[C@@H]1CC[C@@]2(O)C#C,-0.278601624
mitoxantrone,OCCNCCNc1ccc(NCCNCCO)c2C(=O)c3c(O)ccc(O)c3C(=O)c12,-0.903089987
mmf,COc1c(C)c2COC(=O)c2c(O)c1C\C=C(C)\CCC(=O)OCCN3CCOCC3,-0.352313912
mne,COC12CC(COC(=O)c3cncc(Br)c3)CN(C)C1Cc4cn(C)c5cccc2c45,-0.455931956
mns,CN(C)c1cccc2c1cccc2[S](N)(=O)=O,0.602059991
monensin,CC[C@]1(CC[C@@H](O1)[C@]2(C)CC[C@]3(C[C@H](O)[C@@H](C)[C@H](O3)[C@@H](C)[C@@H](OC)[C@H](C)C(O)=O)O2)[C@@H]4O[C@H](C[C@@H]4C)[C@H]5O[C@@](O)(CO)[C@H](C)C[C@@H]5C,-0.214670165
monobromonaphthalene,Brc1cccc2ccccc12,-0.180456064
monochlorobenzene,Clc1ccccc1,-0.283996656
monoethylene_glycol,OCCO,-0.364516253
monoglyme,COCCOC,-0.423451344
monoterpenes,CC1=CCC2CC1C2(C)C,-0.339134522
morin,Oc1ccc(c(O)c1)C2=C(O)C(=O)c3c(O)cc(O)cc3O2,-0.744727495
morpholine,C1COCCN1,-0.3400838
morpholine-4-carbaldehyde,O=CN1CCOCC1,-0.314347816
mpa,COc1c(C)c2COC(=O)c2c(O)c1C\C=C(C)\CCC(O)=O,0.041392685
mpep,Cc1cccc(n1)C#Cc2ccccc2,0.397940009
mr3,Cn1cccc1,-0.297138829
mta,CSCC1OC(C(O)C1O)n2cnc3c(N)ncnc23,-0.219682688
mtt,[Br-].Cc1sc(nc1C)[n+]2nc(nn2c3ccccc3)c4ccccc4,0.544068044
mxf,COc1c(N2C[C@@H]3CCCN[C@@H]3C2)c(F)cc4C(=O)C(=CN(C5CC5)c14)C(O)=O,0.698970004
mycophenolate_mofetil,COc1c(C)c2COC(=O)c2c(O)c1C\C=C(C)\CCC(=O)OCCN3CCOCC3,0.477121255
myricetin,Oc1cc(O)c2C(=O)C(=C(Oc2c1)c3cc(O)c(O)c(O)c3)O,-1.070581074
myristic_acid,CCCCCCCCCCCCCC(O)=O,-0.721246399
myristicacid,CCCCCCCCCCCCCC(O)=O,-0.346980549
n-_tert-butylperoxymethyl_acrylamide,CC(C)(C)OOCNC(=O)C=C,-0.345630909
n-amyl_acetate,CCCCCOC(C)=O,-0.398407126
n-butanol,CCCCO,-0.399027104
n-butyl-acetate,CCCCCC([O-])=O,-0.403402904
n-butyl_acetate,CCCCOC(C)=O,-0.406713933
n-butyl_chloride,CCCCCl,-0.395773947
n-butylacetate,CCCCCC([O-])=O,-0.404448668
n-butylacrylate,CCCCOC(=O)C=C,-0.283996656
n-butylalcohol,CCCCO,-0.398483216
n-butylamine,CCCCN,-0.396855627
n-butylammonium_acetate,CCCC[NH3+].CC([O-])=O,-0.343997679
n-butylammonium_nitrate,CCCC[NH3+].[O-][N+]([O-])=O,-0.345775313
n-butylbenzene,CCCCc1ccccc1,-0.310691141
n-butylchloride,CCCCCl,-0.397940009
n-butylpropanate,CCCCOC(=O)CC,0.472756449
n-butyraldehyde,CCCC=O,0.096910013
n-decane,CCCCCCCCCC,-0.361460827
n-decanol,CCCCCCCCCCO,-0.359518563
n-dodecane,CCCCCCCCCCCC,-0.375717904
n-eicosane,CCCCCCCCCCCCCCCCCCCC,-0.354086725
n-heptadecane,CCCCCCCCCCCCCCCCC,-0.280006174
n-heptane,CCCCCCC,-0.412289035
n-heptanoic_acid,CCCCCCC(O)=O,-0.37675071
n-heptanol,CCCCCCCO,-0.37675071
n-hexadecane,CCCCCCCCCCCCCCCC,-0.363612414
n-hexane,CCCCCC,-0.425968732
n-hexanol,CCCCCCO,-0.380384994
n-hexylacetate,CCCCCCCC([O-])=O,0.499687083
n-hexylalcohol,CCCCCCO,-0.378823718
n-methyl-2-hydroxyethylammonium_acetate,C[NH2+]CCO.CC([O-])=O,-0.347366932
n-methyl-2-hydroxyethylammonium_butyrate,CCCC([O-])=O.C[NH2+]CCO,-0.364134403
n-methyl-2-hydroxyethylammonium_formate,C[NH2+]CCO.[O-]C=O,-0.350859936
n-methyl-2-hydroxyethylammonium_isobutyrate,C[NH2+]CCO.CC(C)C([O-])=O,-0.345727173
n-methyl-2-hydroxyethylammonium_pentanoate,CCCCC([O-])=O.C[NH2+]CCO,-0.343135508
n-methyl-2-hydroxyethylammonium_propionate,CCC([O-])=O.C[NH2+]CCO,-0.343518484
n-methyl-2-naphthalenamine,CNc1ccc2ccccc2c1,-0.172501492
n-methyl-2-pyrrolidinone,CN1CCCC1=O,-0.333584989
n-methyl-2-pyrrolidone,CN1CCCC1=O,-0.330218385
n-methylimidazole,Cn1ccnc1,-0.276544328
n-methylpyridine,CN1CC=CC=C1,0
n-methylpyrrolidone,CN1CCCC1=O,-0.327902142
n-methylthiopyrrolidone,CN1CCCC1=S,-0.237921913
n-nonadecane,CCCCCCCCCCCCCCCCCCC,-0.355659901
n-nonane,CCCCCCCCC,-0.392116256
n-nonanol,CCCCCCCCCO,-0.366329594
n-octane,CCCCCCCC,-0.402304814
n-octanol,CCCCCCCCO,-0.367036832
n-octyl-2-pyrrolidone,CCCCCCCCN1CCCC1=O,-0.33858489
n-octylalcohol,CCCCCCCCO,-0.367542708
n-pentadecane,CCCCCCCCCCCCCCC,-0.36552273
n-pentane,CCCCC,-0.446723954
n-pentanol,CCCCCO,-0.388276692
n-pentylacetate,CCCCCCC([O-])=O,0.472756449
n-pentylbutyrate,CCCCCOC(=O)CCC,0.5289167
n-propanol,CCCO,-0.41453927
n-propyl_acetate,CCCOC(C)=O,-0.417936637
n-propyl_alcohol,CCCO,-0.415194026
n-propyl_cyanide,CCCC#N,-0.417936637
n-propylacetate,CCCCC([O-])=O,0.135609636
n-propylalcohol,CCCO,-0.409336465
n-propylamine,CCCN,-0.008773924
n-propylammonium_nitrate,CCC[NH3+].[O-][N+]([O-])=O,-0.343326954
n-propylbenzene,CCCc1ccccc1,-0.308918508
n-propylbutyrate,CCCOC(=O)CCC,0.46834733
n-propylpropanate,CCCOC(=O)CC,0.434568904
n-tetradecane,CCCCCCCCCCCCCC,-0.367542708
n-tetradecyl-triethylammonium,CCCCCCCCCCCCCC[N+](CC)(CC)CC,-0.368688163
n-tridecane,CCCCCCCCCCCCC,-0.371508895
n-undecane,CCCCCCCCCCC,-0.380906669
n_n-dimethylaniline,CN(C)c1ccccc1,-0.253116815
nac,CC(=O)N[C@@H](CS)C(O)=O,0.230448921
nadolol,CC(C)(C)NCC(O)COc1cccc2C[C@@H](O)[C@@H](O)Cc12,0.77815125
naphtalene,c1ccc2ccccc2c1,-0.141462802
naphthalene,c1ccc2ccccc2c1,-0.205511953
naringenin,Oc1ccc(cc1)C2CC(=O)c3c(O)cc(O)cc3O2,-1.698970004
naringin,C[C@@H]1O[C@@H](O[C@@H]2[C@@H](O)[C@H](O)[C@@H](CO)O[C@H]2Oc3cc(O)c4C(=O)C[C@H](Oc4c3)c5ccc(O)cc5)[C@H](O)[C@H](O)[C@H]1O,-0.590066877
navan,CN1CCN(CC/C=C/2c3ccccc3Sc4ccc(cc24)[S](=O)(=O)N(C)C)CC1,0.301029996
ncf,OC(=O)C1=N[C@H](SCC1)[C@H](NC(=O)Cc2sccc2)C=O,-0.48148606
neostigmine,CN(C)C(=O)Oc1cccc(c1)[N+](C)(C)C,0.477121255
neoxanthin,CC(=C/C=C/C=C(C)/C=C/C=C(\C)[CH]=[C]=[C]1C(C)(C)C[C@H](O)C[C@@]1(C)O)\C=C\C=C(C)\C=C\[C@@]23O[C@]2(C)C[C@@H](O)CC3(C)C,-0.251811973
neral,CC(C)=CCC\C(C)=C/C=O,-0.341035157
neryl_acetate,CC(=O)OC\C=C(\C)CCC=C(C)C,-0.339134522
nethanol,CCC(C(=O)OCCN1CCOC(C1C)c2ccccc2)c3ccccc3,-0.444905551
nic,O[C@H]([C@H](CC(O)=O)[N+]([O-])=O)C(O)=O,0.84509804
nicorandil,[O-][N+](=O)OCCNC(=O)c1cccnc1,0.477121255
nicotine,CN1CCCC1c2cccnc2,0.354876423
nicotinic_acid,OC(=O)c1cccnc1,-0.15739076
nicotinicacid,OC(=O)c1cccnc1,-0.189095719
nitrobenzene,[O-][N+](=O)c1ccccc1,-0.384691874
nitroethane,CC[N+]([O-])=O,-0.408935393
nonan-1-ol,CCCCCCCCCO,-0.363111093
nonanal,CCCCCCCCC=O,-0.369572125
nonane,CCCCCCCCC,-0.394371778
nonanoate,CCCCCCCCC([O-])=O,-0.340844719
nonanoate_nonanoate,CCCCCCCCC(O)=O.CCCCCCCCC(O)=O,-0.341463949
nonanol,CCCCCCCCCO,-0.369572125
nonylnaphthalene,CCCCCCCCCc1cccc2ccccc12,-0.261457259
norfloxacin,CCN1C=C(C(O)=O)C(=O)c2cc(F)c(cc12)N3CCNCC3,-0.15490196
npa,OC(=O)c1ccccc1C(=O)Nc2cccc3ccccc23,0
ntpc,FC(F)(F)C(=O)N1CCC[C@H]1C(Cl)=O,-0.346787486
nylon-6,CCCCCC(N)=O,0.69019608
nylon_6,CCCCCC(N)=O,-0.283996656
o-anisidine,COc1ccccc1N,-0.337714484
o-chloroaniline,Nc1ccccc1Cl,-0.326979093
o-cresol,Cc1ccccc1O,-0.284748971
o-dichlorobenzene,Clc1ccccc1Cl,-0.258454483
o-nitrobenzyl_acetate,CC(=O)OCc1ccccc1[N+]([O-])=O,-0.263603498
o-tolualdehyde,Cc1ccccc1C=O,-0.262012674
o-toluenethiosulfonicacid,Cc1ccccc1[S](O)(=O)=S,-0.272377422
o-toluic_acid,Cc1ccccc1C(O)=O,-0.290730039
o-xylene,Cc1ccccc1C,-0.296708622
octa,OC(=O)CN(CC(O)=O)C1CCCCC1N(CC(O)=O)CC(O)=O,-0.065501549
octadecyl_ethyl_ether,CCCCCCCCCCCCCCCCCCOCC,-0.362460239
octadecylethylether,CCCCCCCCCCCCCCCCCCOCC,-0.362460239
octan-1-ol,CCCCCCCCO,-0.367441485
octanal,CCCCCCCC=O,0.740362689
octane,CCCCCCCC,-0.401981407
octanenitrile,CCCCCCCC#N,-0.37675071
octanol,CCCCCCCCO,-0.367542708
octyl_acetoacetate,CCCCCCCCOC(=O)CC(C)=O,-0.356794152
octyl_laurate,CCCCCCCCCCCC(=O)OCCCCCCCC,-0.351347305
octyl_palmitate,CCCCCCCCCCCCCCCC(=O)OCCCCCCCC,-0.349498205
octylacetoacetate,CCCCCCCCCC(=O)CC([O-])=O,-0.356794152
octylamine,CCCCCCCCN,-0.372326968
octylethylether,CCCCCCCCOCC,-0.382632657
octyllaurate,CCCCCCCCCCCC(=O)OCCCCCCCC,-0.351347305
octylpalmitate,CCCCCCCCCCCCCCCC(=O)OCCCCCCCC,-0.349498205
odcb,Clc1ccccc1Cl,0.176091259
oestradiol,C[C@]12CC[C@H]3[C@@H](CCc4cc(O)ccc34)[C@@H]1CC[C@@H]2O,0.51851394
oleic_acid,CCCCCCCC\C=C/CCCCCCCC(O)=O,-0.339229356
oleic_acid_methyl_ester,CCCCCCCC\C=C/CCCCCCCC(=O)OC,-0.344861565
oleicacid,CCCCCCCC\C=C/CCCCCCCC(O)=O,-0.338708023
olein,CCCCCCCC\C=C/CCCCCCCC(=O)OCC(COC(=O)CCCCCCC\C=C/CCCCCCCC)OC(=O)CCCCCCC\C=C/CCCCCCCC,-0.338187314
oleyl_alcohol,CCCCCCCC\C=C/CCCCCCCCO,-0.337242168
oleylalcohol,CCCCCCCC\C=C/CCCCCCCCO,-0.337242168
olmesartan,CCCc1nc(c(n1Cc2ccc(cc2)c3ccccc3c4n[nH]nn4)C(O)=O)C(C)(C)O,0.67669361
omeprazole,COc1ccc2nc([nH]c2c1)[S](=O)Cc3ncc(C)c(OC)c3C,0.51851394
orientin,OC[C@H]1O[C@H]([C@H](O)[C@@H](O)[C@@H]1O)c2c(O)cc(O)c3C(=O)C=C(Oc23)c4ccc(O)c(O)c4,0.301029996
ouabain,C[C@@H]1O[C@@H](O[C@H]2C[C@@H](O)[C@]3(CO)C4[C@H](O)C[C@]5(C)[C@H](CC[C@]5(O)C4CC[C@]3(O)C2)C6=CC(=O)OC6)[C@H](O)[C@H](O)[C@H]1O,0.2955671
oxacillin,Cc1onc(c2ccccc2)c1C(=O)N[C@H]3[C@H]4SC(C)(C)[C@@H](N4C3=O)C(O)=O,0.365487985
oxane,C1CCOCC1,-0.397940009
p-benzoquinone,O=C1C=CC(=O)C=C1,-0.327902142
p-cimene,CC(C)c1ccc(C)cc1,-0.326979093
p-coumaric_acid,OC(=O)/C=C/c1ccc(O)cc1,0.701136066
p-cresol,Cc1ccc(O)cc1,-0.278024598
p-cymene,CC(C)c1ccc(C)cc1,-0.309006968
p-dimethylaminobenzaldehyde,CN(C)c1ccc(C=O)cc1,-0.215953584
p-dioxane,C1COCCO1,-0.375588976
p-hydroxybenzoic_acid,OC(=O)c1ccc(O)cc1,0.301029996
p-methoxyazobenzene,COc1ccc(cc1)N=Nc2ccccc2,0.698970004
p-terphenyl,c1ccc(cc1)c2ccc(cc2)c3ccccc3,-0.187086643
p-tolualdehyde,Cc1ccc(C=O)cc1,-0.263603498
p-xylene,Cc1ccc(C)cc1,-0.305394801
paam,OC(=O)Cc1ccc(cc1)N(CCCl)CCCl,-0.48148606
pac,OC(=O)Cc1ccccc1,0.544068044
padc,C=CCOC(=O)OCCOCCOC(=O)OCC=C,-0.307153081
palmitic_acid,CCCCCCCCCCCCCCCC(O)=O,-0.375821074
palmiticacid,CCCCCCCCCCCCCCCC(O)=O,-0.351152292
para-cymene,CC(C)c1ccc(C)cc1,-0.308918508
para-cymène,CC(C)c1ccc(C)cc1,-0.30980392
paracetamol,CC(=O)Nc1ccc(O)cc1,0.04453976
paraldehyde,CC1OC(C)OC(C)O1,-0.392544977
paramethadione,CCC1(C)OC(=O)N(C)C1=O,-0.347753659
paraoxon,CCO[P](=O)(OCC)Oc1ccc(cc1)[N+]([O-])=O,0.740362689
paraquat,C[n+]1ccc(cc1)c2cc[n+](C)cc2,-1.677780705
peg_1500,CC.CO.CO.CO.CO.CCO.CCO.COC,-0.353596274
peg_400,OCCO,-0.440093375
peg_600,OCCO,-0.229147988
pema,O.CCC(C(N)=O)(C(N)=O)c1ccccc1,-0.294992041
penicillin_f,CC/C=C/CC(=O)N[C@H]1[C@H]2SC(C)(C)[C@@H](N2C1=O)C(O)=O,-0.202040356
penicillin_g,CC1(C)S[C@@H]2[C@H](NC(=O)Cc3ccccc3)C(=O)N2[C@H]1C(O)=O,0.365487985
pentacene,c1ccc2cc3cc4cc5ccccc5cc4cc3cc2c1,0.204119983
pentadecane,CCCCCCCCCCCCCCC,-0.373659633
pentan-1-ol,CCCCCO,-0.387216143
pentanal,CCCCC=O,-0.404503778
pentane,CCCCC,-0.446116973
pentanenitrile,CCCCC#N,-0.401209493
pentanol,CCCCCO,-0.345823458
pentanol-1,CCCCCO,-0.41453927
pentyl,[Na+].CCCC(C)C1(CC)C(=O)NC(=O)NC1=O,-0.249491605
pentyl_acetate,CCCCCOC(C)=O,-0.406935568
pentylacetate,CCCCCOC(C)=O,-0.401428337
pentylammonium_formate,CCCCC[NH3+].[O-]C=O,-0.343997679
pentylbenzene,CCCCCc1ccccc1,-0.311758204
pentylcyclohexane,CCCCCC1CCCCC1,-0.352910571
perhydrofluorene,C1CCC2C(C1)CC3CCCCC23,-0.299123292
perylene,c1cc2cccc3c4cccc5cccc(c(c1)c23)c45,0.089905111
peta,OCC(COC(=O)C=C)(COC(=O)C=C)COC(=O)C=C,-0.308918508
petg,OC[C@H]1O[C@@H](SCCc2ccccc2)[C@H](O)[C@@H](O)[C@@H]1O,-0.244125144
phc,C[C@H](N(C)C=O)c1ccccc1,0.371067862
phema,CC(=C)C(=O)OCCO,-0.327902142
phen,c1cnc2c(c1)ccc3cccnc23,-0.365472351
phenanthrene,c1ccc2c(c1)ccc3ccccc23,-0.149660145
phenethyl-alcohol,OCCc1ccccc1,0.943494516
phenol,Oc1ccccc1,-0.245651664
phenol-formaldehyde,Oc1ccccc1.C=O,-0.15490196
phenolphthalein,Oc1ccc(cc1)C2(OC(=O)c3ccccc23)c4ccc(O)cc4,-0.292429824
phenyl,c1ccccc1,-0.251811973
phenylacetate,[O-]C(=O)Cc1ccccc1,-0.375717904
phenylacetylene,C#Cc1ccccc1,0.920645001
phenylalanine,N[C@@H](Cc1ccccc1)C(O)=O,0.477121255
phenylbutazone,CCCCC1C(=O)N(N(C1=O)c2ccccc2)c3ccccc3,-0.71219827
phenylephrine,CNC[C@H](O)c1cccc(O)c1,0
phenylethylacrylate,C=CC(=O)OCCc1ccccc1,-0.259637311
phenylethylamine,NCCc1ccccc1,-0.329754147
phenylethylmethacrylate,CC(=C)C(=O)OCCc1ccccc1,-0.283996656
phenyloctane,CCCCCCCCc1ccccc1,-0.30980392
phloroglucinol,Oc1cc(O)cc(O)c1,-0.068206622
phosphorylcholine,C[N+](C)(CCO)C#[P]=O,-0.397940009
photobiotin,CN(CCCNC(=O)CCCCC1SC[C@@H]2NC(=O)N[C@H]12)CCCNc3ccc(cc3[N+]([O-])=O)N=[N+]=[N-],-0.346787486
phthalocyanine,[nH]1c2nc3[nH]c(nc4nc(nc5nc(nc1c6ccccc26)c7ccccc57)c8ccccc48)c9ccccc39,-0.228412519
phytantriol,CC(C)CCCC(C)CCCC(C)CCCC(C)CC(O)(O)O,-0.330683119
picric_acid,Oc1c(cc(cc1[N+]([O-])=O)[N+]([O-])=O)[N+]([O-])=O,0.029383778
pilocarpine,CC[C@H]1[C@H](COC1=O)Cc2cncn2C,0.77815125
pimelic_acid,OC(=O)CCCCCC(O)=O,0.56937391
pindolol,CC(C)NCC(O)COc1cccc2[nH]ccc12,-1
pinobanksin,O[C@@H]1[C@H](Oc2cc(O)cc(O)c2C1=O)c3ccccc3,0.903089987
piperazine,C1CNCCN1,-0.350665141
piperazine-diol,OC1CNCCN1O,-0.25111456
piperidinium,C1CC[NH2+]CC1,-0.385102784
piperine,O=C(/C=C/C=C/c1ccc2OCOc2c1)N3CCCCC3,0.77815125
plt,CC1=NC=C(CO[P](O)(O)=O)/C(=C/N[C@@H](Cc2c[nH]c3ccccc23)C(O)=O)C1=O,-0.096910013
pluronic,CC1CO1.C2CO2,-0.501138311
pluronic_f127,CC1CO1.C2CO2,0.206825876
pmda,O=C1OC(=O)c2cc3C(=O)OC(=O)c3cc12,-0.165865529
pmea,Nc1ncnc2n(CCOC[P](O)(O)=O)cnc12,-0.455931956
poloxamer_188,CC1CO1.C2CO2,-1.709965389
poloxamer_407,CC1CO1.C2CO2,-1.756961951
poly-d-lysine,NCCCC[C@@H](N)C(O)=O,-0.292429824
poly-hema,CC(=C)C(=O)OCCO,-0.288192771
poly1-decene,CCCCCCCCC=C,-0.325138859
poly2-vinylpyridine,C=Cc1ccccn1,0.602059991
poly4-methyl-1-pentene,CC(C)CC=C,-0.333482019
polyacrylonitrile,C=CC#N,-0.283996656
polybenzylmethacrylate,CC(=C)C(=O)OCc1ccccc1,-0.246416941
polycarbonate,CC(C)(c1ccc(O)cc1)c2ccc(O)cc2,-0.232102384
polyethylene_glycol,OCCO,-0.328827157
polyethylmethacrylate,CCOC(=O)C(C)=C,-0.314258261
polylysine,NCCCC[C@H](N)C(O)=O,-0.301029996
polymethacrylic_acid,CC(=C)C(O)=O,-0.263603498
polyn-vinylpyrrolidone,C=CN1CCCC1=O,-0.27572413
polynorbornene,C=CC1CCC(C1)C=C,-0.259637311
polypropylene,CC=C,-0.301899454
polypyrrole,[NH2+]1C=CC=C1,-0.259637311
polysorbate_80,CCCCCCCC/C=C/CCCCCCCC(=O)OCCOCC(OCCO)C1OCC(OCCO)C1OCCO,0.301029996
polystyrene,C=Cc1ccccc1,-0.229147988
polystyrene-co-acrylonitrile,C=CC#N.C=Cc1ccccc1,-0.241845378
polysulfone,CC(C)(c1ccc(O)cc1)c2ccc(O)cc2.Oc3ccc(cc3)[S](=O)(=O)c4ccc(O)cc4,-0.200659451
polysulphone,CC(C)(c1ccc(O)cc1)c2ccc(O)cc2.Oc3ccc(cc3)[S](=O)(=O)c4ccc(O)cc4,-0.200659451
polythiophene,s1cccc1,-0.017728767
polyurethane,OCCO.OCCCCO.OC(=O)CCCCC(O)=O.O=C=Nc1ccc(Cc2ccc(cc2)N=C=O)cc1,-0.318758763
polyvinyl_fluoride,CCF,-0.30980392
polyvinylcarbazole,C=Cn1c2ccccc2c3ccccc13,-0.170696227
polyvinylpyrrolidone,C=CN1CCCC1=O,-0.26760624
porphine,[nH]1c2ccc1cc3ccc(cc4[nH]c(cc4)cc5ccc(c2)n5)n3,-0.443697499
porphyrin,[nH]1c2ccc1cc3ccc(cc4[nH]c(cc4)cc5ccc(c2)n5)n3,-0.013228266
potassium_acetate,[K+].CC([O-])=O,-0.769551079
potassium_thiocyanate_glycerol,[K+].OCC(O)CO.[S-]C#N,-0.316952962
povidone,C=CN1CCCC1=O,-0.431798276
pravastatin,CC[C@H](C)C(=O)O[C@H]1C[C@H](O)C=C2C=C[C@H](C)[C@H](CC[C@@H](O)C[C@@H](O)CC(O)=O)[C@@H]12,0.380211242
prednisolone,C[C@]12C[C@H](O)[C@H]3[C@@H](CCC4=CC(=O)C=C[C@]34C)[C@@H]1CC[C@]2(O)C(=O)CO,0.439332694
pristane,CC(C)CCCC(C)CCCC(C)CCCC(C)C,-0.308299792
proanthocyanidins,COc1c(O)cc(cc1O)C2Oc3c(C[C@H]2O)c(O)cc(O)c3[C@@H]4[C@@H](O)[C@H](Oc5cc(O)cc(O)c45)c6ccc(O)cc6,0.292256071
prolate,CO[P](=S)(OC)SCN1C(=O)c2ccccc2C1=O,-0.22184875
proline,OC(=O)[C@@H]1CCCN1,-0.476396588
promazine,CN(C)CCCN1c2ccccc2Sc3ccccc13,-1
propan-1-ol,CCCO,-0.416178013
propan-2-ol,CC(C)O,-0.42365865
propan-2-one,CC(C)=O,-0.446238302
propane,CCC,-0.329754147
propane-2-ol,CC(C)O,-0.42365865
propanediol,CCC(O)O,-0.401209493
propanenitrile,CCC#N,-0.436518915
propanol,CCCO,-0.41453927
propanol-1,CCCO,-0.413862975
propanone,CC(C)=O,-0.448306085
propene,CC=C,-0.447331784
propionaldehyde,CCC=O,-0.122053048
propionic_acid,CCC(O)=O,-0.418961051
propionicacid,CCC(O)=O,-0.413412695
propionitrile,CCC#N,-0.436518915
propiophenone,CCC(=O)c1ccccc1,-0.280254507
propranolol,CC(C)NCC(O)COc1cccc2ccccc12,0.301029996
propyl,[CH2]CC,-0.26520017
propyl_acetate,CCCOC(C)=O,-0.374481771
propyl_butanoate,CCCOC(=O)CCC,-0.411168274
propyl_propanoate,CCCOC(=O)CC,-0.408267761
propylacetate,CCCOC(C)=O,-0.415386124
propylamine,CCCN,-0.414426481
propylammonium_acetate,CCC[NH3+].CC([O-])=O,-0.343997679
propylbenzene,CCCc1ccccc1,0.525821952
propylcyclohexane,CCCC1CCCCC1,-0.359419194
propylene,CC=C,0.209515015
propylene_carbonate,CC1COC(=O)O1,-0.378802939
propylene_glycol,CC(O)CO,-0.364114315
propyleneglycol,CC(O)CO,-0.714330194
propylethanoate,CCCOC(C)=O,-0.427012292
protocatechuic_acid,OC(=O)c1ccc(O)c(O)c1,0.301029996
pseudocumene,Cc1ccc(C)c(C)c1,-0.296794629
ptea,CCCCC[N+](CC)(CC)CC,-0.253365801
ptma,[I-].C[N+](C)(C)c1ccc(O)cc1,0.303196057
puromycin,COc1ccc(C[C@H](N)C(=O)NC2[C@@H](O)[C@@H](O[C@@H]2CO)n3cnc4c(ncnc34)N(C)C)cc1,0.376576957
purum,[H+].[H+].[Cl-].[Cl-].CCC1CN2CCc3cc(OC)c(OC)cc3C2CC1CC4NCCc5cc(OC)c(OC)cc45,-0.360513511
putrescine,NCCCCN,-0.476169023
pyrene,c1cc2ccc3cccc4ccc(c1)c2c34,0.008600172
pyreneacetonitrile,N#CCc1ccc2ccc3cccc4ccc1c2c34,-0.445995679
pyridine,c1ccncc1,-0.292429824
pyridine-dicarboxamide,NC(=O)c1cccnc1C(N)=O,0.477121255
pyridinium,c1cc[nH+]cc1,-0.348721986
pyrite,[O-]CC1OC=CC=C1,0.245512668
pyrolysate,CN(CC(O)=O)C(N)=N,-0.086716098
pyrrole,[nH]1cccc1,-0.298673837
pyrrolidinium,C1CC[NH2+]C1,-0.403402904
pyrromethene,[nH]1cccc1\C=C2\C=CC=N2,-0.425968732
pyruvic_acid,CC(=O)C(O)=O,-0.368556231
quercetin,Oc1cc(O)c2C(=O)C(=C(Oc2c1)c3ccc(O)c(O)c3)O,-1.397940009
quinidine,COc1ccc2nccc([C@H](O)[C@H]3C[C@@H]4CCN3C[C@@H]4C=C)c2c1,0.77815125
quinine_sulfate,O.O.COc1ccc2nccc([C@@H](O)[C@@H]3CC4CCN3C[C@@H]4C=C)c2c1.COc5ccc6nccc([C@@H](O)[C@@H]7CC8CCN7C[C@@H]8C=C)c6c5.O[S](O)(=O)=O,-0.48148606
quinine_sulphate,O.O.COc1ccc2nccc([C@@H](O)[C@@H]3CC4CCN3C[C@@H]4C=C)c2c1.COc5ccc6nccc([C@@H](O)[C@@H]7CC8CCN7C[C@@H]8C=C)c6c5.O[S](O)(=O)=O,-0.477555766
quinoline,c1ccc2ncccc2c1,-0.201349355
quinolinium_2-carboxy-6-nitrophthalate_monohydrate,O.OC(=O)C1(C=CC=C(C1C([O-])=O)[N+]([O-])=O)C([O-])=O.c2ccc3[nH+]cccc3c2.c4ccc5[nH+]cccc5c4,0.294466226
quinone,O=C1C=CC(=O)C=C1,-0.508638306
r6g,CCNc1cc2[o+]c3cc(NCC)c(C)cc3c(c4ccc(cc4C(O)=O)C(=O)NCCCCCCO)c2cc1C,-0.008773924
rac-1-phenylethanol,CC(O)c1ccccc1,-0.281913705
rac-1-phenylethyl_propionate,CCC(=O)OC(C)c1ccccc1,-0.312917155
rac-1-phenylethylpropionate,CCC(=O)OC(C)c1ccccc1,-0.312917155
rap,CO[C@@H]1C[C@@H](CC[C@H]1O)C[C@@H](C)[C@@H]2CC(=O)[C@H](C)\C=C(C)/[C@@H](O)[C@@H](OC)C(=O)[C@H](C)C[C@H](C)\C=C\C=C/C=C(C)/[C@H](C[C@@H]3CC[C@@H](C)[C@@](O)(O3)C(=O)C(=O)N4CCCC[C@H]4C(=O)O2)OC,0.602059991
rattler,CC(C)N.OC(=O)CNC[P](O)(O)=O,0.301029996
resorcinol–formaldehyde,Oc1cccc(OC=O)c1,0.230448921
resveratrol,Oc1ccc(cc1)C=Cc2cc(O)cc(O)c2,0.414973348
retinal,CC(=C\C=O)/C=C/C=C(C)/C=C/C1=C(C)CCCC1(C)C,0
rhodamine,[Cl-].CCN(CC)c1ccc2c(c1)[o+]c3cc(ccc3c2c4ccccc4C(O)=O)N(CC)CC,0.602059991
rhodamine_6g,[Cl-].CCNc1cc2[o+]c3cc(NCC)c(C)cc3c(c2cc1C)c4ccccc4C(=O)OCC,-0.477555766
rhodamine_b,[Cl-].CCN(CC)c1ccc2c(c1)[o+]c3cc(ccc3c2c4ccccc4C(O)=O)N(CC)CC,-0.167491087
rocket_fuel,C1CCN(CC1)C2(CCCCC2)c3ccccc3,-0.342609468
rose_bengal,[Na+].[Na+].[O-]C(=O)c1c(Cl)c(Cl)c(Cl)c(Cl)c1C2=C3C=C(I)C(=O)C(=C3Oc4c(I)c([O-])c(I)cc24)I,0
royal_blue,CCN(CC)C(=O)[C@H]1CN(C)[C@@H]2Cc3c[nH]c4cccc(C2=C1)c34,-0.026872146
rpa,CC(C)=C/C=C/C(C)=C/C=C/C(C)=C/C=C/C(CO)=C/C=C/C=C(C)/C=C/C=C(C)/C=C/C=C(C)/CCCC(C)(C)O[C@@H]1O[C@H](CO)[C@@H](O)[C@H](O)[C@H]1O,0.720159303
ruboxistaurin,CN(C)C[C@@H]1CCn2cc(c3ccccc23)C4=C(C(=O)NC4=O)c5cn(CCO1)c6ccccc56,0.851258349
rubrene,c1ccc(cc1)c2c3ccccc3c(c4ccccc4)c5c(c6ccccc6)c7ccccc7c(c8ccccc8)c25,-0.053056729
rutaecarpine,O=C1N2CCc3c([nH]c4ccccc34)C2=Nc5ccccc15,0.146128036
rutin,C[C@@H]1O[C@@H](OC[C@H]2O[C@@H](OC3=C(Oc4cc(O)cc(O)c4C3=O)c5ccc(O)c(O)c5)[C@H](O)[C@@H](O)[C@@H]2O)[C@H](O)[C@H](O)[C@H]1O,0.301029996
sabinene,CC(C)C12CCC(=C)C1C2,-0.316052869
salbutamol,CC(C)(C)NCC(O)c1ccc(O)c(CO)c1,-0.4225082
salicylic_acid,OC(=O)c1ccccc1O,0
salmeterol,OCc1cc(ccc1O)C(O)CNCCCCCCOCCCCc2ccccc2,-0.283996656
saquinavir,CC(C)(C)NC(=O)[C@@H]1C[C@@H]2CCCC[C@@H]2CN1C[C@@H](O)[C@H](Cc3ccccc3)NC(=O)[C@H](CC(N)=O)NC(=O)c4ccc5ccccc5n4,0.511883361
sauflon,C=CN1CCCC1=O,-0.399027104
scoparone,COc1cc2OC(=O)C=Cc2cc1OC,-0.552841969
scopoletin,COc1cc2C=CC(=O)Oc2cc1O,-1.301029996
scutellarin,O[C@@H]1[C@@H](O)[C@@H](O[C@@H]([C@H]1O)C(O)=O)Oc2cc3OC(=CC(=O)c3c(O)c2O)c4ccc(O)cc4,-0.853871964
sebacic_acid,OC(=O)CCCCCCCCC(O)=O,0.555094449
sec-butylbenzene,CCC(C)c1ccccc1,-0.310691141
shield,OC(=O)c1nc(Cl)ccc1Cl,0.301029996
shikimic_acid,OC1CC(=CC(O)C1O)C(O)=O,0.361727836
sialic_acid,CC(=O)N[C@@H]1[C@@H](O)C[C@](O)(O[C@H]1[C@H](O)[C@H](O)CO)C(O)=O,-0.522878745
silibinin,COc1cc(ccc1O)C2Oc3cc(ccc3OC2CO)C4Oc5cc(O)cc(O)c5C(=O)C4O,-0.91721463
silymarin,COc1cc(ccc1O)C2Oc3cc(ccc3OC2CO)C4Oc5cc(O)cc(O)c5C(=O)C4O,-0.619788758
simazine,CCNc1nc(Cl)nc(NCC)n1,-0.296708622
simvastatin,CCC(C)(C)C(=O)O[C@H]1C[C@@H](C)C=C2C=C[C@H](C)[C@H](CC[C@@H]3C[C@@H](O)CC(=O)O3)[C@@H]12,-0.301029996
sodium_acetate,[Na+].CC([O-])=O,-0.769551079
sodium_benzoate,[Na+].[O-]C(=O)c1ccccc1,-0.450290664
sodium_fluorescein,[Na+].[Na+].[O-]C(=O)c1ccccc1C2=C3C=CC(=O)C=C3Oc4cc([O-])ccc24,0.77815125
sodium_lactate,[Na+].CC(O)C([O-])=O,-0.301029996
soma,CCCC(C)(COC(N)=O)COC(=O)NC(C)C,0.755874856
sorafenib,CNC(=O)c1cc(Oc2ccc(NC(=O)Nc3ccc(Cl)c(c3)C(F)(F)F)cc2)ccn1,-0.958607315
sparteine,C1CCN2C[C@@H]3C[C@@H](CN4CCCC[C@H]34)[C@@H]2C1,-0.244125144
spermidine,NCCCCNCCCN,-0.476533184
spermine,NCCCNCCCCNCCCN,0.621695462
squalane,CC(C)CCCC(C)CCCC(C)CCCCC(C)CCCC(C)CCCC(C)C,-0.343901798
squalene,CC(C)=CCC\C(C)=C\CC\C(C)=C\CC\C=C(/C)CC\C=C(/C)CCC=C(C)C,-0.307153081
stardust,C1CCN(CC1)C2(CCCCC2)c3ccccc3,0.278753601
stearic_acid,CCCCCCCCCCCCCCCCCC(O)=O,0
stearicacid,CCCCCCCCCCCCCCCCCC(O)=O,-0.46941614
stearin,CCCCCCCCCCCCCCCCCC(=O)OCC(COC(=O)CCCCCCCCCCCCCCCCC)OC(=O)CCCCCCCCCCCCCCCCC,-0.338281942
stigmasterol,CC[C@H](/C=C/[C@@H](C)[C@H]1CC[C@H]2[C@@H]3CC=C4C[C@@H](O)CC[C@]4(C)[C@H]3CC[C@]12C)C(C)C,-1.602059991
stilbene,c1ccc(cc1)C=Cc2ccccc2,-0.193820026
stilbite,[O-]Cc1ccccc1C=Cc2ccccc2,-0.30980392
styrene,C=Cc1ccccc1,-0.262092077
styrene–divinyl-benzene,C=Cc1ccccc1.C=Cc2ccccc2C=C,-0.228927217
suberic_acid,OC(=O)CCCCCCC(O)=O,-0.185020316
succinate,[O-]C(=O)CCC([O-])=O,0
succinic_acid,OC(=O)CCC(O)=O,-0.117902567
succinic_anhydride,O=C1CCC(=O)O1,-0.677780705
succinicacid,OC(=O)CCC(O)=O,-0.471983659
sulfasalazine,OC(=O)C1=C\C(C=CC1=O)=N/Nc2ccc(cc2)[S](=O)(=O)Nc3ccccn3,0.698970004
sulfolane,O=[S]1(=O)CCCC1,-0.316952962
sulfoxide,CCCCCCCC[S](=O)C(C)Cc1ccc2OCOc2c1,-0.236572006
sulphanilamide,Nc1ccc(cc1)[S](N)(=O)=O,-0.171340103
sulpiride,CCN1CCCC1CNC(=O)c2cc(ccc2OC)[S](N)(=O)=O,-0.408935393
sunitinib,CCN(CC)CCNC(=O)c1c(C)[nH]c(\C=C2/C(=O)Nc3ccc(F)cc23)c1C,-1.698970004
sunset_yellow,[Na+].[Na+].[O-][S](=O)(=O)c1ccc(N\N=C2\C(=O)C=Cc3cc(ccc23)[S]([O-])(=O)=O)cc1,0.315970345
surfactin,CC(C)CCCCCCCCC[C@@H]1CC(=O)N[C@@H](CCC(O)=O)C(=O)N[C@@H](CC(C)C)C(=O)N[C@H](CC(C)C)C(=O)N[C@@H](C(C)C)C(=O)N[C@@H](CC(O)=O)C(=O)N[C@H](CC(C)C)C(=O)N[C@@H](CC(C)C)C(=O)O1,-0.537602002
syringaldehyde,COc1cc(C=O)cc(OC)c1O,0.903089987
syringic_acid,COc1cc(cc(OC)c1O)C(O)=O,0.419955748
t-butanol,CC(C)(C)O,-0.405220845
taa,CC(N)=S,-0.22701855
tac,CN(C)C1[C@@H]2C[C@H]3C(=C(O)c4c(O)cccc4[C@@]3(C)O)C(=O)[C@]2(O)C(=O)\C(=C(N)\O)C1=O,-0.295849483
tacrolimus,CO[C@@H]1C[C@@H](CC[C@H]1O)/C=C(C)/[C@H]2OC(=O)[C@@H]3CCCCN3C(=O)C(=O)[C@]4(O)O[C@H]([C@H](C[C@@H](C)CC(=C/[C@@H](CC=C)C(=O)C[C@H](O)[C@H]2C)/C)OC)[C@H](C[C@H]4C)OC,0.301029996
taic,C=CCN1C(=O)N(CC=C)C(=O)N(CC=C)C1=O,-0.289882635
tamoxifen,CC/C(c1ccccc1)=C(c2ccccc2)/c3ccc(OCCN(C)C)cc3,-0.210066919
tamsulosin,CCOc1ccccc1OCCN[C@H](C)Cc2ccc(OC)c(c2)[S](N)(=O)=O,0.875061263
tannic_acid,Oc1cc(cc(O)c1O)C(=O)Oc2cc(cc(O)c2O)C(=O)OCC3OC(OC(=O)c4cc(O)c(O)c(OC(=O)c5cc(O)c(O)c(O)c5)c4)C(OC(=O)c6cc(O)c(O)c(OC(=O)c7cc(O)c(O)c(O)c7)c6)C(OC(=O)c8cc(O)c(O)c(OC(=O)c9cc(O)c(O)c(O)c9)c8)C3OC(=O)c%10cc(O)c(O)c(OC(=O)c%11cc(O)c(O)c(O)c%11)c%10,-0.537602002
taxifolin,O[C@@H]1[C@H](Oc2cc(O)cc(O)c2C1=O)c3ccc(O)c(O)c3,0.301029996
taxol,CC(=O)O[C@H]1C(=O)[C@]2(C)[C@@H](O)C[C@H]3OC[C@@]3(OC(C)=O)[C@H]2[C@H](OC(=O)c4ccccc4)[C@]5(O)C[C@H](OC(=O)[C@H](O)[C@@H](NC(=O)c6ccccc6)c7ccccc7)C(=C1C5(C)C)C,0.698970004
tba,CCCC[N+](CCCC)(CCCC)CCCC,-0.022276395
tbhq,CC(C)(C)c1cc(O)ccc1O,-1.022276395
tbn,Nc1ncnc2n(ccc12)[C@@H]3O[C@H](CO)[C@@H](O)[C@H]3O,-0.326518303
tbo,C[C@H]1CN2C(=S)Nc3ccc(Cl)c(CN1CC=C(C)C)c23,-1.522878745
tbp,CCCCO[P](=O)(OCCCC)OCCCC,-0.308918508
tbt,Cc1ccc(cc1)C(C)(C)C,0.602059991
tch,C[C@@H](CCC(=O)NCC[S](O)(=O)=O)[C@H]1CC[C@H]2[C@@H]3[C@H](O)C[C@H]4C[C@@H](O)CC[C@]4(C)C3C[C@H](O)[C@]12C,0
tcnb,[O-][N+](=O)c1c(Cl)c(Cl)cc(Cl)c1Cl,-0.159831151
tcnq,N#CC(C#N)=C1C=CC(C=C1)=C(C#N)C#N,-0.13667714
tco,CC(C)(C)OC(=O)N[C@H](C=O)C1CCCCC1,-0.055517328
tcp,Oc1cc(Cl)c(Cl)cc1Cl,-0.287939858
tcpp,OC(=O)c1ccc(cc1)c2c3[nH]c(cc3)c(c4ccc(cc4)C(O)=O)c5ccc(n5)c(c6ccc(cc6)C(O)=O)c7ccc(n7)c(c8[nH]c2cc8)c9ccc(cc9)C(O)=O,-0.351639989
tde,ClC(Cl)C(c1ccc(Cl)cc1)c2ccc(Cl)cc2,-0.327902142
tea,OCCN(CCO)CCO,-0.255315937
teah,[H+].CCN(CC)CC,-0.42945706
teg,OCCOCCOCCO,-0.384134081
terphenyl,c1ccc(cc1)c2ccccc2c3ccccc3,-0.163043263
terpinolene,CC(C)=C1CCC(=CC1)C,-0.311580178
tert-butanol,CC(C)(C)O,-0.412289035
tert-butyl_benzene,CC(C)(C)c1ccccc1,-0.326697953
tert-butylbenzene,CC(C)(C)c1ccccc1,-0.308878707
tert-butylcumylperoxide,CC(C)(C)OOC(C)(C)c1ccccc1,-0.375717904
tertiary_butyl_acetate,CC(=O)OC(C)(C)C,-0.364064099
tertiarybutylacetate,CC(C)(C)CC([O-])=O,-0.364064099
teta,NCCNCCNCCN,-0.305394801
tetra-hydrofuran,C1CCOC1,-0.390405591
tetrabromoethane,BrCC(Br)(Br)Br,-0.20481541
tetracyanoethene,N#CC(C#N)=C(C#N)C#N,-0.251811973
tetracyanoethylene,N#CC(C#N)=C(C#N)C#N,-0.013228266
tetracycline,CN(C)[C@H]1[C@@H]2C[C@H]3C(=C(O)c4c(O)cccc4[C@@]3(C)O)C(=O)[C@]2(O)C(=O)\C(=C(N)/O)C1=O,0.176091259
tetradecane,CCCCCCCCCCCCCC,-0.366531544
tetradecyl_acetate,CCCCCCCCCCCCCCOC(C)=O,-0.360314339
tetradecylacetate,CCCCCCCCCCCCCCCC([O-])=O,-0.360314339
tetraethyleneglycol,OCCOCCOCCOCCO,-0.337242168
tetraethylenepentamine,NCCNCCNCCNCCN,-0.29627884
tetraglyme,COCCOCCOCCOCCOC,-0.365910846
tetrahydrofuran,C1CCOC1,-0.390405591
tetrahydrofurane,C1CCOC1,-0.390405591
tetrahydronaphthalene,C1CCc2ccccc2C1,-0.266642212
tetrahydropyran,C1CCOCC1,-0.407146227
tetralin,C1CCc2ccccc2C1,-0.335517859
tetraline,C1CCc2ccccc2C1,-0.266802735
tetramethylenesulfoxide,O=[S]1CCCC1,-0.283162277
tfe,OCC(F)(F)F,0.397940009
thc,CCCCCc1cc(O)c2[C@@H]3C=C(C)CC[C@H]3C(C)(C)Oc2c1,0.301029996
thf,C1CCOC1,-0.390405591
thianthrene,S1c2ccccc2Sc3ccccc13,-0.245651664
thioanisole,CSc1ccccc1,-0.231213953
thiol-ene,C1CC=[SH]C1,-0.193820026
thiol–ene,C1CC=[SH]C1,-0.288614621
thiophene,s1cccc1,-0.372480529
thioridazine,CSc1ccc2Sc3ccccc3N(CCC4CCCCN4C)c2c1,-0.22184875
thpp,Cc1ncc(C[n+]2csc(CCO[P](O)(=O)O[P](O)(O)=O)c2C)c(N)n1,0.311753861
thymol_blue,CC(C)c1cc(c(C)cc1O)C2(O[S](=O)(=O)c3ccccc23)c4cc(C(C)C)c(O)cc4C,-0.899629455
thz,s1cnc2ccccc12,-0.124938737
tic,[Cl].O=C(Nc1ccc(cc1)C2=NCCN2)c3ccc(cc3)C(=O)Nc4ccc(cc4)C5=NCCN5,-0.110698297
timolol,CC(C)(C)NC[C@H](O)COc1nsnc1N2CCOCC2,0.698970004
tizanidine,Clc1ccc2nsnc2c1NC3=NCCN3,0.477121255
tmb,Cc1cc(cc(C)c1N)c2cc(C)c(N)c(C)c2,-0.467245621
tmmp,COc1cc(C)c(\C=C\C(C)=C\C=C\C(C)=C\C(O)=O)c(C)c1C,-0.303250565
tmpta,CCC(COC(=O)C=C)(COC(=O)C=C)COC(=O)C=C,-0.256176778
tmpyp4,C[n+]1ccc(cc1)c2c3[nH]c(cc3)c(c4cc[n+](C)cc4)c5ccc(n5)c(c6cc[n+](C)cc6)c7ccc(n7)c(c8[nH]c2cc8)c9cc[n+](C)cc9,-0.075720714
tnt,Cc1c(cc(cc1[N+]([O-])=O)[N+]([O-])=O)[N+]([O-])=O,0.301029996
tocopherol,CC(C)CCCC(C)CCCC(C)CCCC1(C)CCc2cc(O)c(C)c(C)c2O1,-0.310380407
tocopherols,CC(C)CCCC(C)CCCC(C)CCCC1(C)CCc2cc(O)c(C)c(C)c2O1,-0.334794372
tol,COc1ccc2c(cccc2c1C(F)(F)F)C(=S)N(C)CC(O)=O,-0.303731003
toluene,Cc1ccccc1,-0.304430773
toluidine_blue,[Cl-].CN(C)c1ccc2nc3cc(C)c(N)cc3[s+]c2c1,-0.28567024
tpa,CCCCCCCCCCCCCC(=O)O[C@@H]1[C@@H](C)[C@@]2(O)[C@@H](C=C(CO)C[C@@]3(O)[C@H]2C=C(C)C3=O)[C@@H]4C(C)(C)[C@]14OC(C)=O,-0.15490196
tpaoh,[OH-].CCC[N+](CCC)(CCC)CCC,-0.416801226
tpe,CC(=O)O[C@H]1C[C@@H](O[C@@H]1CO[P](O)(=O)O[P](O)(=O)Oc2ccccc2)N3C=C(C)C(=O)NC3=O,-0.055517328
tpen,C(CN(Cc1ccccn1)Cc2ccccn2)N(Cc3ccccn3)Cc4ccccn4,0.903089987
tpp,Cc1ncc(C[n+]2csc(CCO[P](O)(=O)O[P](O)(O)=O)c2C)c(N)n1,-0.15490196
tr1,COC(=O)[C@@H](NC(=O)CNC(=O)[C@H](CS)NCc1ccc(cc1)c2ccccc2)C(C)C,0.041392685
trans-3-hexene,CC\C=C\CC,-0.404503778
trans-4-octene,CCC\C=C\CCC,-0.386158178
trans-5-decene,CCCC\C=C\CCCC,-0.372634143
trans-cinnamic_acid,OC(=O)\C=C\c1ccccc1,0.301029996
trans-resveratrol,Oc1ccc(cc1)/C=C/c2cc(O)cc(O)c2,-0.795880017
transcutol,CCOCCOCCO,-0.431798276
trap,CC(C)CC(NC(=O)C(CC(C)C)NC(=O)C(Cc1ccccc1)NC(=O)C(N)CO)C(=O)NC(CCCNC(N)=N)C(=O)NC(CC(N)=O)C(=O)N2CCCC2C(=O)NC(CC(N)=O)C(=O)NC(CC(O)=O)C(=O)NC(CCCCN)C(=O)NC(Cc3ccc(O)cc3)C(=O)NC(CCC(O)=O)C(=O)N4CCCC4C(=O)NC(Cc5ccccc5)C(O)=O,0.633468456
trehalose,OCC1OC(OC2OC(CO)C(O)C(O)C2O)C(O)C(O)C1O,-0.045757491
tri-n-caprylylamine,CCCCCCCCN(CCCCCCCC)CCCCCCCC,-0.346787486
tri-n-heptyltrimellitate,CCCCCCCc1c(CCCCCCC)c(C([O-])=O)c(C([O-])=O)c(CCCCCCC)c1C([O-])=O,-0.394694954
triacetin,CC(=O)OCC(COC(C)=O)OC(C)=O,-0.366279121
triacetylmethane,CC(=O)C(C(C)=O)C(C)=O,-0.312471039
triamcinolone,C[C@]12C[C@H](O)[C@@]3(F)[C@@H](CCC4=CC(=O)C=C[C@]34C)[C@@H]1C[C@@H](O)[C@]2(O)C(=O)CO,-0.369063881
triamcinolone_acetonide,CC1(C)O[C@@H]2C[C@H]3[C@@H]4CCC5=CC(=O)C=C[C@]5(C)[C@@]4(F)[C@@H](O)C[C@]3(C)[C@@]2(O1)C(=O)CO,0.531478917
triazole,[nH]1ccnn1,0.827369273
tributylamine,CCCCN(CCCC)CCCC,-0.374481771
tributyrin,CCCC(=O)OCC(COC(=O)CCC)OC(=O)CCC,-0.361530711
tricaprylin,CCCCCCCC(=O)OCC(COC(=O)CCCCCCC)OC(=O)CCCCCCC,-0.349556478
tricin,COc1cc(cc(OC)c1O)C2=CC(=O)c3c(O)cc(O)cc3O2,-1.096910013
tricosenoic_acid,CCCCCCCCCCCCCCCCCCCCC=CC(O)=O,-0.27572413
tridecanedioic_acid,OC(=O)CCCCCCCCCCCC(O)=O,0.491361694
tridodecylamine,CCCCCCCCCCCCN(CCCCCCCCCCCC)CCCCCCCCCCCC,-0.344525405
triethanol_amine,OCCN(CCO)CCO,-0.315154638
triethanolamine,OCCN(CCO)CCO,-0.853871964
triethylamine,CCN(CC)CC,-0.397940009
triethylammonium_acetate,CC[NH+](CC)CC.CC([O-])=O,-0.368688163
triethylammonium_hydrogen_sulfate,CC[NH+](CC)CC.O[S]([O-])(=O)=O,-0.368688163
triethylene_glycol,OCCOCCOCCO,-0.341130408
triethylene_glycol_monomethyl_ether,COCCOCCOCCO,-0.35753548
triethyleneglycol,OCCOCCOCCO,-0.35261703
triethyleneglycol_dimethacrylate,CC(=C)C(O)=O.CC(=C)C(O)=O.OCCOCCOCCO,-0.337242168
triethylenetetramine,NCCNCCNCCN,-0.226945307
triethylphosphate,CCO[P](=O)(OCC)OCC,-0.392544977
triethylsulfonium,CC[S+](CC)CC,-0.371897288
triethylsulfonium_bistrifluoromethylsulfonylimide,CC[S+](CC)CC.[O-][S](=O)(=N[S](=O)(=O)C(F)(F)F)C(F)(F)F,-0.373403033
triglyceride,O=COCC(COC=O)OC=O,-0.15490196
triglycerides,O=COCC(COC=O)OC=O,-0.285251239
triglycine,NCC(=O)NCC(=O)NCC(O)=O,-0.478861916
triglyme,COCCOCCOCCOC,-0.372736583
trigonelline,C[n+]1cccc(c1)C([O-])=O,0.602059991
trihexylamine,CCCCCCN(CCCCCC)CCCCCC,-0.357733381
triisooctylamine,CC(C)CCCCCN(CCCCCC(C)C)CCCCCC(C)C,-0.352519227
trimethyl_pentane,CCCCC(C)(C)C,-0.408935393
trimethylacetaldehyde,CC(C)(C)C=O,-0.4225082
trimethylammonium_acetate,C[NH+](C)C.CC([O-])=O,-0.370192989
trimethylbenzene,Cc1cccc(C)c1C,-0.297569464
trimethylolpropane_triacrylate,CCC(CO)(CO)CO.OC(=O)C=C.OC(=O)C=C.OC(=O)C=C,-0.327902142
trimethylpentane,CCCCC(C)(C)C,-0.409492538
trioctylamine,CCCCCCCCN(CCCCCCCC)CCCCCCCC,-0.353106376
triolein,CCCCCCCC\C=C/CCCCCCCC(=O)OCC(COC(=O)CCCCCCC\C=C/CCCCCCCC)OC(=O)CCCCCCC\C=C/CCCCCCCC,-0.053378275
tripalmitin,CCCCCCCCCCCCCCCC(=O)OCC(COC(=O)CCCCCCCCCCCCCCC)OC(=O)CCCCCCCCCCCCCCC,-0.26760624
triphenyl_phosphate,O=[P](Oc1ccccc1)(Oc2ccccc2)Oc3ccccc3,-0.249491605
triphenylbismuthine,c1ccc(cc1)[Bi](c2ccccc2)c3ccccc3,-0.152427341
tripropylamine,CCCN(CCC)CCC,-0.387428046
triptolide,CC(C)[C@]12O[C@H]1[C@@H]3O[C@@]34[C@@]5(C)CCC6=C(COC6=O)[C@@H]5C[C@@H]7O[C@]47[C@@H]2O,-0.418733195
tris2-hydroxyethylmethylammonium_methylsulfate,CO[S]([O-])(=O)=O.C[N+](CCO)(CCO)CCO,-0.34275287
tritan,c1ccc(cc1)C(c2ccccc2)c3ccccc3,0.607990859
tritc,[Cl-].CN(C)c1ccc2c(c1)[o+]c3cc(ccc3c2c4ccc(SC#N)cc4C(O)=O)N(C)C,-0.148741651
triticonazole,CC1(C)CC\C(=C/c2ccc(Cl)cc2)C1(O)Cn3cncn3,0.234264124
triton_x-100,CC(C)(C)CC(C)(C)c1ccc(OCCO)cc1,0.477121255
troxerutin,CC1OC(OCC2OC(OC3=C(Oc4cc(O)cc(O)c4C3=O)c5ccc(O)c(O)c5)C(O)C(O)C2O)C(O)C(O)C1O,-0.576754126
trp,NC(Cc1c[nH]c2ccccc12)C(O)=O,0.507855872
tryptophan,N[C@@H](Cc1c[nH]c2ccccc12)C(O)=O,-0.48148606
turanose,OCC(O)C(O)C(OC1OC(CO)C(O)C(O)C1O)C(=O)CO,-0.443697499
tween_20,CCCCCCCCCCCC(=O)OCCOCC(OCCO)C1OCC(OCCO)C1OCCO,-0.478861916
tween_40,CCCCCCCCCCCC(=O)OCCOCC(OCCO)C1OCC(OCCO)C1OCCO,-0.354577731
tween_60,CCCCCCCCCCCC(=O)OCCOCC(OCCO)C1OCC(OCCO)C1OCCO,-0.351639989
tween_80,CCCCCCCC/C=C/CCCCCCCC(=O)OCCOCC(OCCO)C1OCC(OCCO)C1OCCO,-0.329754147
tyr,NC(Cc1ccc(O)cc1)C(O)=O,0.377488383
tyrosine,N[C@@H](Cc1ccc(O)cc1)C(O)=O,0.397940009
tz,s1ccnc1,-1.124938737
tzl,CC[C@@H](C)c1sccn1,0.477121255
undecane,CCCCCCCCCCC,-0.113509275
undecanedioic_acid,OC(=O)CCCCCCCCCC(O)=O,0.541579244
undecanol,CCCCCCCCCCCO,-0.359518563
urethane,CCOC(N)=O,-0.302421966
urethane_dimethacrylate,CCOC(N)=O.CC(=C)C(O)=O.CC(=C)C(O)=O,-0.318758763
uridine,OC[C@H]1O[C@H]([C@H](O)[C@@H]1O)N2C=CC(=O)NC2=O,-0.065501549
valeraldehyde,CCCCC=O,-0.344861565
valeric_acid,CCCCC(O)=O,-0.388701638
valericacid,CCCCC(O)=O,-0.388595362
valeronitrile,CCCCC#N,-0.401209493
vanillic_acid,COc1cc(ccc1O)C(O)=O,0.488550717
vinyl_acetate,CC(=O)OC=C,-0.40560745
vinyl_propionate,CCC(=O)OC=C,-0.395773947
vinyl_tetrazole,C=Cc1[nH]nnn1,-0.303206915
vinylacetate,[O-]C(=O)CC=C,-0.404503778
vinylcyclohexane,C=CC1CCCCC1,-0.341988603
vinylpropionate,CCC(=O)OC=C,-0.395773947
vitamin_b1,[Cl-].Cc1ncc(C[n+]2csc(CCO)c2C)c(N)n1,-0.187086643
vitamin_b2,Cc1cc2N=C3C(=O)NC(=O)N=C3N(CC(O)C(O)C(O)CO)c2cc1C,0.737192643
vitamin_e,CC(C)CCC[C@@H](C)CCC[C@@H](C)CCC[C@]1(C)CCc2c(C)c(O)c(C)c(C)c2O1,0.935759104
vivatec,NCCCC[C@H](N[C@@H](CCc1ccccc1)C(O)=O)C(=O)N2CCC[C@H]2C(O)=O,-0.27572413
voriconazole,C[C@@H](c1ncncc1F)[C@](O)(Cn2cncn2)c3ccc(F)cc3F,0.477121255
warfarin,CC(=O)CC(c1ccccc1)C2=C(O)Oc3ccccc3C2=O,-0.443697499
warfarin_sodium,[Na+].CC(=O)CC([C-]1C(=O)Oc2ccccc2C1=O)c3ccccc3,-0.494850022
window_pane,CCN(CC)C(=O)[C@H]1CN(C)[C@@H]2Cc3c[nH]c4cccc(C2=C1)c34,-0.283529206
xylene,Cc1ccccc1C,-0.30346888
xylenes,CCc1ccccc1.Cc2ccc(C)cc2.Cc3cccc(C)c3.Cc4ccccc4C,-0.318577844
xylol,Cc1ccccc1C,-0.305482546
zst,OC(=O)CC1=NN(Cc2sc3ccc(cc3n2)C(F)(F)F)C(=O)c4ccccc14,0.31386722
−sparteine,C1CCN2C[C@@H]3C[C@@H](CN4CCCC[C@H]34)[C@@H]2C1,-0.277366077
