MOLECULE_NAME,SMILES,logEpsilon_minus_1
proline,OC(=O)[C@@H]1CCCN1,1.995635195
terephthalic_acid,OC(=O)c1ccc(cc1)C(O)=O,1.995635195
cbn,ClCC#CCOC(=O)Nc1cccc(Cl)c1,1.982271233
at_1420,Cc1ccc(cc1C[C@H](N)C(O)=O)N(CCCl)CCCl,1.980003372
ethylene_carbonate,O=C1OCCO1,1.947433722
cyclopentene,C1CC=CC1,1.926856709
diisopropylammonium_bromide,[Br-].CC(C)[NH2+]C(C)C,1.924279286
tmb,Cc1cc(cc(C)c1N)c2cc(C)c(N)c(C)c2,1.899820502
scopoletin,COc1cc2C=CC(=O)Oc2cc1O,1.898505786
thc,CCCCCc1cc(O)c2[C@@H]3C=C(C)CC[C@H]3C(C)(C)Oc2c1,1.898176483
ammp,COc1ccc(Cc2cc(N)nc(OC)n2)cc1,1.897627091
cysteine–arginine,N[C@@H](CS)C(O)=O.N[C@@H](CCCNC(N)=N)C(O)=O,1.897627091
phenolate,[O-]c1ccccc1,1.897627091
ron,CCC[C@H](N)C(O)=O,1.897627091
hepes,OCCN1CCN(CC1)CC[S](O)(=O)=O,1.892094603
histidine,N[C@@H](Cc1c[nH]cn1)C(O)=O,1.889301703
rhodamine,[Cl-].CCN(CC)c1ccc2c(c1)[o+]c3cc(ccc3c2c4ccccc4C(O)=O)N(CC)CC,1.889301703
tabun,CCO[P](=O)(C#N)N(C)C,1.888740961
barone,[Na+].CN(C[S]([O-])(=O)=O)C1=C(C)N(C)N(C1=O)c2ccccc2,1.888684847
bicalutamide,CC(O)(C[S](=O)(=O)c1ccc(F)cc1)C(=O)Nc2ccc(C#N)c(c2)C(F)(F)F,1.888684847
ketoconazole,CC(=O)N1CCN(CC1)c2ccc(OC[C@H]3CO[C@@](Cn4ccnc4)(O3)c5ccc(Cl)cc5Cl)cc2,1.888516461
4-ap,Nc1ccncc1,1.888179494
cyclone,O=C1C(=C(c2ccccc2)C(=C1c3ccccc3)c4ccccc4)c5ccccc5,1.886490725
n-methyl-oxazolidinone,CN1CCOC1=O,1.886490725
oxadiazole,o1ccnn1,1.886490725
thionine,s1cccccccc1,1.886490725
sodium_carboxymethyl_cellulose,[Na].CC(O)=O.OCC(O)C(O)C(O)C(O)C=O,1.884795364
tea,OCCN(CCO)CCO,1.884568815
3-methyloxazolidin-2-one,CN1CCOC1=O,1.883661435
dam,CC(=O)C(/C)=N/O,1.877198515
tam,NC(CCO)(CCO)CCO,1.876852648
2-methyl-2_4-pentanediol,CC(O)CC(C)(C)O,1.86923172
mai,C[C@@H](O)[C@@H](N)CCCN=C(N)N,1.86923172
maltose,OCC1OC(OC2C(O)C(O)C(O)OC2CO)C(O)C(O)C1O,1.862041886
cerebro,CCCCCCCCNC(C)C(O)c1ccc(SC(C)C)cc1,1.855700831
trehalose,OCC1OC(OC2OC(CO)C(O)C(O)C2O)C(O)C(O)C1O,1.851258349
dopamine,NCCc1ccc(O)c(O)c1,1.850646235
prc,Cc1ccc(NC(=O)c2cccnc2)cc1Nc3nccc(n3)c4cccnc4,1.832508913
gly,NCC(O)=O,1.823474229
butanamide,CCCC(N)=O,1.817948596
lysine,NCCCC[C@H](N)C(O)=O,1.812913357
brij_35,CCCCCCCCCCCCOCCO,1.806179974
propylene_carbonate,CC1COC(=O)O1,1.805636766
polyn-isopropylacrylamide,CC(C)NC(=O)C=C,1.792391689
defi,CCCN(CCC)C(=O)SCc1ccccc1,1.77815125
dimethylthianthrene,Cc1ccc2Sc3ccccc3Sc2c1C,1.770852012
quinoxaline,c1ccc2nccnc2c1,1.770852012
acetamide,CC(N)=O,1.763427994
pyridazine,c1ccnnc1,1.761551989
4_pa,OC(=O)CCC=C,1.759667845
spirolactone,CC(=O)S[C@@H]1CC2=CC(=O)CC[C@]2(C)[C@H]3CC[C@@]4(C)[C@@H](CC[C@@]45CCC(=O)O5)[C@H]13,1.748188027
mea,NCCS,1.73271534
nile_red,CCN(CC)c1ccc2N=C3C(=CC(=O)c4ccccc34)Oc2c1,1.73239376
1_2-butylene_carbonate,CCC1COC(=O)O1,1.72794771
butylene_carbonate,O=C1OCCCCO1,1.716003344
tz,s1ccnc1,1.716003344
dhap,OCC(=O)CO[P](O)(O)=O,1.713490543
lno,CC(C)C[C@H](N)C(=O)NO,1.711807229
alamine_336,CCCCCCCCN(CCCCCCCC)CCCCCCCC,1.695078716
2-fluorophenyl2-nitrophenyl_ether,[O-][N+](=O)c1c(Oc2cccc(c3ccccc3F)c2[N+]([O-])=O)cccc1c4ccccc4F,1.69019608
2-fluorophenyl_2-nitrophenyl_ether,[O-][N+](=O)c1ccccc1Oc2ccccc2F,1.69019608
tetraethylammonium_tetrafluoroborate,CC[N+](CC)(CC)CC.F[B-](F)(F)F,1.69019608
desal,N[S](=O)(=O)c1cc(C(O)=O)c(NCc2occc2)cc1Cl,1.667452953
2-furoylfluoride_dimethylsulfoxide,C[S](C)=O.FC(=O)c1occc1,1.6599162
abt,Nn1nnc2ccccc12,1.658011397
ald,CC(C)C[C@@H](CO)NC(=O)[C@H](CC(C)C)NC(=O)[C@H](CC(C)C)NC(=O)OCc1ccccc1,1.658011397
diclofenac_sodium,[Na+].[O-]C(=O)Cc1ccccc1Nc2c(Cl)cccc2Cl,1.653212514
sulfolan,O=[S]1(=O)CCCC1,1.629919036
diethanolamine,OCCNCCO,1.628899564
di-n-propylammonium_thiocyanate,CCC[NH2+]CCC.[S-]C#N,1.626340367
sulfolane,O=[S]1(=O)CCCC1,1.626340367
sulpholane,O=[S]1(=O)CCCC1,1.626340367
ethylene_glycerol,OCC(O)CO.C=C,1.618048097
glycerine,OCC(O)CO,1.618048097
glycerol,OCC(O)CO,1.618048097
carboxylate,CCCCCCCCCC1C[C@@H]2CC[C@H]3[C@H]([C@@H](C)N=C(N1)N23)C(=O)OC(C)CCCCC[C@@H]4C[C@@H]5CC[C@H]6C[C@@H](C)NC(=N4)N56,1.612889769
aa267,NC(CCO)c1ccc2ccccc2c1,1.612783857
eg,OCCO,1.606381365
ethylenglycol,OCCO,1.606381365
glycol,OCCO,1.604226053
2-oxazolidinone,O=C1NCCO1,1.602059991
ethyl_pyruvate,CCOC(=O)C(C)=O,1.602059991
furfural,O=Cc1occc1,1.602059991
ethane-1_2-diol,OCCO,1.598790507
1_2_3-triazole,[nH]1ccnn1,1.596597096
tetraethyleneglycol,OCCOCCOCCOCCO,1.593286067
meg,[Br-].NC([NH3+])=NCCS,1.591621038
1-butyl-3-methylimidazolium,CCCC[n+]1ccn(C)c1,1.591064607
stilbene,c1ccc(cc1)C=Cc2ccccc2,1.591064607
butyrolactone,O=C1CCCO1,1.590841835
gbl,O=C1CCCO1,1.579783597
ethane-1_2_diol,OCCO,1.575880316
ethyleneglycol,OCCO,1.572116156
1_2-ethanediol,OCCO,1.564666064
ethylene_glycol,OCCO,1.564666064
mono_ethylene_glycol,OCCO,1.564666064
dmi,CNCCCN1c2ccccc2CCc3ccccc13,1.563481085
acetonitril,CC#N,1.562292864
ethanenitrile,CC#N,1.562292864
mecn,CC#N,1.562292864
lys,NCCCCC(N)C(O)=O,1.561697533
edta,OC(=O)CN(CCN(CC(O)=O)CC(O)=O)CC(O)=O,1.558708571
ch3cn,CCN,1.556302501
glutaronitrile,N#CCCCC#N,1.556302501
triethyleneglycol,OCCOCCOCCO,1.552668216
acetonitrile,CC#N,1.551937695
acn,CC#N,1.551937695
dmpu,OCN1CCCN(CO)C1=O,1.545307116
sec-butylammonium_thiocyanate,CCC(C)[NH3+].[S-]C#N,1.545307116
cyclohexane_acetone,CC(C)=O.C1CCCCC1,1.544080453
3-methoxy-propionitrile,COCCC#N,1.544068044
3-methoxypropionitrile,COCCC#N,1.544068044
abts,[NH4+].[NH4+].CCN1/C(Sc2cc(ccc12)[S]([O-])(=O)=O)=N/N=C/3Sc4cc(ccc4N3CC)[S]([O-])(=O)=O,1.544068044
cetylpyridinium_chloride,[Cl-].CCCCCCCCCCCCCCCC[n+]1ccccc1,1.544068044
citric_acid,OC(=O)CC(O)(CC(O)=O)C(O)=O,1.544068044
gga,CC(C)=CCC\C(C)=C\CC\C(C)=C\CC\C(C)=C\CCC(C)=O,1.544068044
methoxyacetonitrile,COCC#N,1.544068044
1_4-dihydroxy-2-butanone,OCCC(=O)CO,1.538950562
1_3-propanediol,OCCCO,1.531478917
4am,CC(=O)N[C@@H]1[C@@H](N)C=C(O[C@H]1[C@H](O)[C@H](O)CO)C(O)=O,1.531478917
nitrobenzene,[O-][N+](=O)c1ccccc1,1.5289167
propane-1_3-diol,OCCCO,1.527501011
1-naphthol,Oc1cccc2ccccc12,1.522574633
ethylammonium_formate,CC[NH3+].[O-]C=O,1.520352504
1_2_3-butanetriol,CC(O)C(O)CO,1.519827994
diglycerol,OCC(O)COCC(O)CO,1.51851394
butylammonium_thiocyanate,CCCC[NH3+].[S-]C#N,1.517195898
2-pyrrolidon,O=C1CCCN1,1.514547753
1_3-propylene_glycol,OCCCO,1.514282048
1-methylimidazole,Cn1ccnc1,1.51054501
1_3_5-pentanetriol,OCCC(O)CCO,1.510008513
acrylonitrile,C=CC#N,1.505149978
ethylene_glycol–methanol,CO.OCCO,1.505149978
meth,[H+].[Cl-].CCC(=O)C(CC(C)N(C)C)(c1ccccc1)c2ccccc2,1.501059262
n-methyl-2-pyrrolidinone,CN1CCCC1=O,1.501059262
2-furoylfluoride_methanol,CO.FC(=O)c1occc1,1.500099192
n-methyl-2-pyrrolidone,CN1CCCC1=O,1.494154594
n-methyl-pyrrolidone,CN1CCCC1=O,1.494154594
n-methyl_pyrrolidone,CN1CCCC1=O,1.494154594
n-methylpyrrolidone,CN1CCCC1=O,1.492760389
1-methyl-2-pyrrolidinone,CN1CCCC1=O,1.491361694
n-methylpyrrolidinone,CN1CCCC1=O,1.491361694
propanediol,CCC(O)O,1.491361694
propylene_glycol,CC(O)CO,1.491361694
butane-1_4-diol,OCCCCO,1.488832634
dma,CC(C)=CCO[P](O)(=O)O[P](O)(O)=O,1.488092209
diethylene_glycol,OCCOCCO,1.487138375
diethyleneglycol,OCCOCCO,1.487138375
deg,OCCOCCO,1.486996888
1_4-butanediol,OCCCCO,1.482873584
dmpg,CCCCCCCCCCCCCC(=O)OCC(CO[P](O)(=O)OCC(O)CO)OC(=O)CCCCCCCCCCCCC,1.471291711
butanediol,CCCC(O)O,1.465382851
1_2-butanediol,CCC(O)CO,1.462397998
adiponitrile,N#CCCCCC#N,1.462397998
and,C[C@]12CC[C@H]3[C@@H](CC=C4C[C@@H](O)CC[C@]34C)[C@@H]1CCC2=O,1.462397998
zst,OC(=O)CC1=NN(Cc2sc3ccc(cc3n2)C(F)(F)F)C(=O)c4ccccc14,1.459392488
1_2-propanediol,CC(O)CO,1.458637849
propanenitrile,CCC#N,1.452093249
propanonitrile,CCC#N,1.449478399
tes,C[C@]12CC[C@H]3[C@@H](CCC4=CC(=O)CC[C@]34C)[C@@H]1CC[C@@H]2O,1.447158031
butane-1_3-diol,CC(O)CCO,1.444513206
1_3-butanediol,CC(O)CCO,1.443184729
2ap,Nc1cccc[nH+]1,1.440987751
propane-1_2-diol,CC(O)CO,1.437116093
ethyl_cyanide,CCC#N,1.436162647
propionitrile,CCC#N,1.435525851
nitroethanol,CC(O)[N+]([O-])=O,1.432327792
nitroethane,CC[N+]([O-])=O,1.431363764
propiononitrile,CCC#N,1.418301291
pentane-1_5-diol,OCCCCCO,1.413299764
dehydrated_alcohol,CCO,1.411619706
2_2_2-trifluoroethanol,OCC(F)(F)F,1.410372265
tfe,OCC(F)(F)F,1.409933123
cf3ch2oh,OCC(F)(F)F,1.399673721
ch3och2ch2oh,COCCO,1.395151592
2-chloroethanol,OCCCl,1.394451681
2-nitropropane,CC(C)[N+]([O-])=O,1.392696953
acetylacetone,CC(=O)CC(C)=O,1.392696953
alcohol,CCO,1.392696953
2oh,CC(C)(c1ccc(O)cc1)c2ccc(O)cc2,1.385606274
benzonitrile,N#Cc1ccccc1,1.383815366
2-mbt,S=C1Nc2ccccc2S1,1.380211242
methanol-toluene,CO.Cc1ccccc1,1.380211242
methyl_oleate,CCCCCCCC\C=C/CCCCCCCC(=O)OC,1.380211242
water-tert-butanol,O.CC(C)(C)O,1.380211242
water-tetrahydrofuran,O.C1CCOC1,1.380211242
butyronitrile,CCCC#N,1.376576957
dcs,Cc1ncc(CO[P](O)(O)=O)c(CN[C@@H]2CONC2=O)c1O,1.376576957
2-furoylfluoride_ethanol,CCO.FC(=O)c1occc1,1.371990911
c2h5oh,CCO,1.371990911
ch3ch2oh,CCO,1.371990911
curcumin,COc1cc(\C=C\C(=O)CC(=O)\C=C\c2ccc(O)c(OC)c2)ccc1O,1.371067862
ethanol,CCO,1.371067862
ethyl_alcohol,CCO,1.371067862
etoh,CCO,1.371067862
ch3ch2–oh,CCO,1.367355921
butanenitrile,CCCC#N,1.367169489
n-propyl_cyanide,CCCC#N,1.365487985
2-nitrophenyl_octyl_ether,CCCCCCCCOc1ccccc1[N+]([O-])=O,1.361727836
2-nitrophenyl_octylether,CCCCCCCCOc1ccccc1[N+]([O-])=O,1.361727836
2-nitrophenyl_pentylether,CCCCCOc1ccccc1[N+]([O-])=O,1.361727836
ate,C[C@]12CC[C@H]3[C@@H](CC[C@H]4C[C@H](O)CC[C@]34C)[C@@H]1CC=C2,1.361727836
epa,CC/C=C\C\C=C/C/C=C\C\C=C/C/C=C\CCCC(O)=O,1.361727836
pyridine_nitrogen,[NH2].c1ccncc1,1.361727836
tbph,[OH-].CCCC[P+](CCCC)(CCCC)CCCC,1.361727836
triethylene_glycol,OCCOCCOCCO,1.356025857
nitropropane,CCC[N+]([O-])=O,1.346352974
o-fluoropyridine,Fc1ccccn1,1.346352974
benzyl_cyanide,N#CCc1ccccc1,1.339451441
benzoyl_fluoride,FC(=O)c1ccccc1,1.336459734
2-furoylfluoride,FC(=O)c1occc1,1.334956116
ech,ClCC1CO1,1.334453751
butane-1_2-diol,CCC(O)CO,1.333850145
acan,CC(=O)CCC(C)=O,1.331427297
3-nitrotoluene,Cc1cccc(c1)[N+]([O-])=O,1.326335861
pyrite,[O-]CC1OC=CC=C1,1.312177356
2_3-butanediol,CC(O)C(C)O,1.311690301
[iso-leucine],CC[C@H](C)[C@H](N)C(O)=O,1.310268367
dmk,CC(C)([C@H](N)C(O)=O)C(O)=O,1.301247089
acetaldehyde,CC=O,1.301029996
acetic_anhydride,CC(=O)OC(C)=O,1.301029996
aco,CC(=O)SCCNC(=O)CCNC(=O)[C@H](O)C(C)(C)CO[P](O)(=O)O[P](O)(=O)OC[C@H]1O[C@H]([C@H](O)[C@@H]1O[P](O)(O)=O)n2cnc3c(N)ncnc23,1.301029996
allyl_alcohol,OCC=C,1.301029996
dipropylene_glycol,CC(O)COC(C)CO,1.301029996
flavin,[Cl-].C[n+]1c2cc(N)ccc2cc3ccc(N)cc13,1.301029996
griseofulvin,COC1CC(=O)C[C@@H](C)[C@]12Oc3c(Cl)c(OC)cc(OC)c3C2=O,1.301029996
propanone,CC(C)=O,1.301029996
butane-2_3-diol,CC(O)C(C)O,1.29841638
n-propyl_alcohol,CCCO,1.296884476
dimethyl_ketone,CC(C)=O,1.294906911
2-furoylfluoride_acetone,CC(C)=O.FC(=O)c1occc1,1.294466226
2-propanone,CC(C)=O,1.294466226
acetone,CC(C)=O,1.294466226
isopropanal,CC(C)=O,1.292256071
isobutyronitrile,CC(C)C#N,1.28780173
n-butyronitrile,CCCC#N,1.28780173
propan-1-ol,CCCO,1.285557309
propanol,CCCO,1.285557309
triethanolamine,OCCN(CCO)CCO,1.284656283
cst,CC(C)C[C@H](NC(=O)[C@@H](NC(=O)N[C@@H](Cc1ccccc1)C(O)=O)[C@@H]2CCN=C(N)N2)C(=O)N[C@@H](Cc3ccccc3)C([O-])=O,1.284430734
ioh,CC(C)O,1.282848603
indole,[nH]1ccc2ccccc12,1.28171497
1-propanol,CCCO,1.281033367
ch3ch2ch2–oh,CCCO,1.281033367
n-propanol,CCCO,1.281033367
act,CC(O)=O,1.278753601
alcohols,CCO,1.278753601
alkane,CCCCCCCCCCCCc1ccccc1,1.278753601
dcip,O.[Na+].[O-]c1c(Cl)cc(cc1Cl)N=C2C=CC(=O)C=C2,1.278753601
pentanenitrile,CCCCC#N,1.278753601
propyl-alcohol,CCCO,1.278753601
retinal,CC(=C\C=O)/C=C/C=C(C)/C=C/C1=C(C)CCCC1(C)C,1.278753601
sodium_acetate,[Na+].CC([O-])=O,1.278753601
tetraethylene_glycol,OCCOCCOCCOCCO,1.276691529
2-propanol,CC(C)O,1.276461804
propan-2-ol,CC(C)O,1.276461804
teg,OCCOCCOCCO,1.270201199
ethyl_isothiocyanate,CCN=C=S,1.267171728
lactic_acid,CC(O)C(O)=O,1.264817823
isopropyl-alcohol,CC(C)O,1.258876629
ethyl_acetate-acetonitrile,CCOC(C)=O.CC#N,1.256958153
isooctane-ethyl_acetate,CCCCCC(C)C.CCOC(C)=O,1.256958153
2-propen-1-ol,OCC=C,1.255537826
iso-propanol,CC(C)O,1.250420002
2-butyl_alcohol,CCC(C)O,1.247973266
ethyl_methyl_ketone,CCC(C)=O,1.243162115
ethylmethylketone,CCC(C)=O,1.243038049
mek,CCC(C)=O,1.243038049
phenol_formaldehyde,Oc1ccccc1.C=O,1.243038049
propanal,CCC=O,1.243038049
methylethylketone,CCC(C)=O,1.240549248
isopropyl_alcohol,CC(C)O,1.238673243
2-butanone,CCC(C)=O,1.238046103
2-propyl_alcohol,CC(C)O,1.238046103
i-propanol,CC(C)O,1.238046103
isopropanol,CC(C)O,1.238046103
butanone,CCC(C)=O,1.236789099
cyclohexanone,O=C1CCCCC1,1.235528447
methyl_ethyl_ketone,CCC(C)=O,1.235528447
benzaldehyde,O=Cc1ccccc1,1.23325001
n-propylammonium_nitrate,CCC[NH3+].[O-][N+]([O-])=O,1.23299611
isobutyl_alcohol,CC(C)CO,1.230831953
1_4-dicyanobenzene,N#Cc1ccc(cc1)C#N,1.230448921
ggo,N[C@H]1CN(CCc2ccc3OCOc3c2)C(=O)C[C@@H]1c4cc(F)c(F)cc4F,1.230448921
propionaldehyde,CCC=O,1.230448921
propyl_alcohol,CCCO,1.230448921
butanol,CCCCO,1.225309282
methyl_propyl_ketone,CCCC(C)=O,1.224014811
isobutanol,CC(C)CO,1.222716471
valeronitrile,CCCCC#N,1.222716471
n-butyl_alcohol,CCCCO,1.221544637
n-butanol,CCCCO,1.220108088
pentane-1_2-diol,CCCC(O)CO,1.219322508
butan-1-ol,CCCCO,1.217483944
butyl_alcohol,CCCCO,1.217483944
cyclopentanol,OC1CCCC1,1.21735232
1-butanol,CCCCO,1.216165902
acetophenone,CC(=O)c1ccccc1,1.214843848
hexanenitrile,CCCCCC#N,1.211120541
2-methoxy_ethanol,COCCO,1.209515015
2me,CCOC,1.209515015
2-methylpropan-2-ol,CC(C)(C)O,1.206825876
diethylketone,CCC(=O)CC,1.204119983
2-methoxyethanol,COCCO,1.201943063
lmt,CCCCCCCCCCCCO[C@@H]1O[C@H](CO)[C@@H](O[C@H]2O[C@H](CO)[C@@H](O)[C@H](O)[C@H]2O)[C@H](O)[C@H]1O,1.200713734
2-methyl-1-propanol,CC(C)CO,1.198106999
3-pentanone,CCC(=O)CC,1.198106999
diethyl_ketone,CCC(=O)CC,1.19368103
sec-butyl_alcohol,CCC(C)O,1.190331698
cis,CCCCCCCCCCCCCCCCCCCCCCCC(=O)N[C@@H](CO[C@@H]1O[C@H](CO)[C@H](O)[C@H](O[S](O)(=O)=O)[C@H]1O)[C@H](O)CCCCCCCCCCCCCCC,1.176091259
ethylacetoacetate,CCCC(=O)CC([O-])=O,1.176091259
2-butanol,CCC(C)O,1.174350597
i-butanol,CC(C)CO,1.172588338
anisaldehyde,COc1ccc(C=O)cc1,1.170261715
tetraglycol,OCCOCCOCCOCCO,1.167317335
hoch2ch2oh,OCCO,1.165244326
ccc,CCC,1.164352856
diethyl_sulfite,CCO[S](=O)OCC,1.164352856
2-methyl-1-butanol,CCC(C)CO,1.163608563
1_2-hexanediol,CCCCC(O)CO,1.161368002
hexane-1_2-diol,CCCCC(O)CO,1.161368002
mct,Cc1ccc(O)c(O)c1,1.161368002
propiophenone,CCC(=O)c1ccccc1,1.161368002
pyrene,c1cc2ccc3cccc4ccc(c1)c2c34,1.161368002
tween_20,CCCCCCCCCCCC(=O)OCCOCC(OCCO)C1OCC(OCCO)C1OCCO,1.161368002
tween_40,CCCCCCCCCCCC(=O)OCCOCC(OCCO)C1OCC(OCCO)C1OCCO,1.161368002
2-pentanone,CCCC(C)=O,1.159867847
tert-amyl_alcohol,CCC(C)(C)O,1.159567193
ethyl_lactate,CCOC(=O)C(C)O,1.158362492
diacetone_alcohol,CC(=O)CC(C)(C)O,1.157758886
isoamyl-alcohol,CC(C)CCO,1.155336037
3-methyl-1-butanol,CC(C)CCO,1.151982395
iso-butanol,CC(C)CO,1.149219113
1–pentanol,CCCCCO,1.146128036
benzonitrile-isooctane,CCCCCC(C)C.N#Cc1ccccc1,1.146128036
butyl_methacrylate,CCCCOC(=O)C(C)=C,1.146128036
cyclo-hexanol,OC1CCCCC1,1.146128036
cyclohexanol,OC1CCCCC1,1.146128036
diethylene_glycol_monomethyl_ether,COCCOCCO,1.146128036
lactone,Cc1oc2c(C)c3OC(=O)C=C(C)c3cc2c1,1.146128036
pentanol,CCCCCO,1.139879086
isoamyl_alcohol,CC(C)CCO,1.136720567
2-hexanone,CCCCC(C)=O,1.13225969
acrylonitrile_butadiene,C=CC=C.C=CC#N,1.130333768
cinnamylalcohol,OCC=Cc1ccccc1,1.130333768
dfb,OCc1cccc(F)c1F,1.123851641
9-cyano-phenanthrene-trans-anethole,COc1ccc(\C=C\C)cc1.N#Cc2cc3ccccc3c4ccccc24,1.113943352
aibn,CC(C)(N=NC(C)(C)C#N)C#N,1.113943352
nonanenitrile,CCCCCCCCC#N,1.113943352
pyruvate,CC(=O)C([O-])=O,1.113943352
saquinavir,CC(C)(C)NC(=O)[C@@H]1C[C@@H]2CCCC[C@@H]2CN1C[C@@H](O)[C@H](Cc3ccccc3)NC(=O)[C@H](CC(N)=O)NC(=O)c4ccc5ccccc5n4,1.113943352
tween_60,CCCCCCCCCCCC(=O)OCCOCC(OCCO)C1OCC(OCCO)C1OCCO,1.113943352
n-pentanol,CCCCCO,1.111262514
1-pentanol,CCCCCO,1.11058971
amyl_alcohol,CCCCCO,1.11058971
pentan-1-ol,CCCCCO,1.11058971
salicylaldehyde,Oc1ccccc1C=O,1.11058971
diaminoethane,CC(N)N,1.10720997
octanenitrile,CCCCCCCC#N,1.105510185
hexan-1-ol,CCCCCCO,1.102090526
2-phenylethanol,OCCc1ccccc1,1.100370545
occn,NCCO,1.100370545
cyclopentanone,O=C1CCCC1,1.099680641
tween_80,CCCCCCCC/C=C/CCCCCCCC(=O)OCCOCC(OCCO)C1OCC(OCCO)C1OCCO,1.096910013
ethylammonium_nitrate,CC[NH3+].[O-][N+]([O-])=O,1.093421685
triethylphosphate,CCO[P](=O)(OCC)OCC,1.093421685
cinnamaldehyde,O=CC=Cc1ccccc1,1.089905111
hexanol,CCCCCCO,1.089198367
hexane-ethanol,CCO.CCCCCC,1.086181805
n-hexanol,CCCCCCO,1.085112113
isopropyl_acetate,CC(C)OC(C)=O,1.084576278
4-methyl-2-pentanone,CC(C)CC(C)=O,1.083144143
methyl-iso-butyl_ketone,CC(C)CC(C)=O,1.083144143
methyl_isobutyl_ketone,CC(C)CC(C)=O,1.083144143
methyl_isobutylketone,CC(C)CC(C)=O,1.083144143
methylisobutyl_ketone,CC(C)CC(C)=O,1.083144143
methylisobutylketone,CC(C)CC(C)=O,1.083144143
mibk,CC(C)CC(C)=O,1.083144143
benzyl_alcohol,OCc1ccccc1,1.08278537
benzylalcohol,OCc1ccccc1,1.08278537
ch3cl,CCl,1.08278537
hexone,CC(C)CC(C)=O,1.08278537
keto_azoxybenzene,[O-][N+](=NC1C=CC=CC1=O)c2ccccc2,1.08278537
phenylmethanol,OCc1ccccc1,1.08278537
1-ethanol,CCO,1.081887139
1-hexanol,CCCCCCO,1.079181246
vanillyl_alcohol,COc1cc(CO)ccc1O,1.079181246
pyridine,c1ccncc1,1.075911761
ethylene-diamine,NCCN,1.075546961
ethylenediamine,NCCN,1.075546961
ethyl_benzoylacetate,CCOC(=O)CC(=O)c1ccccc1,1.071882007
dien,NCCNCCN,1.065579715
transcutol,CCOCCOCCO,1.064457989
heptanone,CCCCCC(C)=O,1.06069784
phosphotyrosine,N[C@@H](Cc1ccc(O[P](O)(O)=O)cc1)C(O)=O,1.06069784
triazole,[nH]1ccnn1,1.06069784
2-methyl-2-propanol,CC(C)(C)O,1.060131
tba,CCCC[N+](CCCC)(CCCC)CCCC,1.059563418
peg_400,OCCO,1.056904851
tert-butanol,CC(C)(C)O,1.056904851
benzeneethanol,OCCc1ccccc1,1.053462605
cysteamine,NCCS,1.053078443
ethyl_propionate,CCOC(=O)CC,1.053078443
2-octanone,CCCCCCC(C)=O,1.045322979
heptan-1-ol,CCCCCCCO,1.045322979
durene,Cc1cc(C)c(C)cc1C,1.044618146
2-pentanol,CCCC(C)O,1.04453976
mellitene,Cc1c(C)c(C)c(C)c(C)c1C,1.044226077
glycolate,OCC([O-])=O,1.04316572
3-methyl-2-butanol,CC(C)C(C)O,1.042969073
m-cresol,Cc1cccc(O)c1,1.041392685
triton_x-100,CC(C)(C)CC(C)(C)c1ccc(OCCO)cc1,1.041392685
benzenepropanol,OCCCc1ccccc1,1.040206628
4-methylpyridine,Cc1ccncc1,1.039810554
2-heptanone,CCCCCC(C)=O,1.039414119
mnt,CNc1ccccc1C(=O)O[C@H]2C[C@@H](O[C@@H]2CO[P](O)(=O)O[P](O)(O)=O)n3cnc4c(N)ncnc34,1.039414119
t-butyl_alcohol,CC(C)(C)O,1.029383778
3-pentanol,CCC(O)CC,1.023663918
heptanol,CCCCCCCO,1.022222105
dap,Nc1cccc(N)n1,1.021189299
phenol,Oc1ccccc1,1.017033339
polyethylene_glycol,OCCO,1.017033339
o-dianisidine,COc1cc(ccc1N)c2ccc(N)c(OC)c2,1.012837225
octan-1-ol,CCCCCCCCO,1.012837225
hexane-acetone,CCCCCC.CC(C)=O,1.012626351
tert-butyl_alcohol,CC(C)(C)O,1.008600172
2-hexanol,CCCCC(C)O,1.004321374
aea,CCCCC/C=C\C\C=C/C/C=C\C\C=C/CCCC(=O)NCCO,1
benzene_acetonitrile,CC#N.c1ccccc1,1
t-butanol,CC(C)(C)O,0.995635195
benzylbenzene,C(c1ccccc1)c2ccccc2,0.99056083
diphenyl,c1ccc(cc1)c2ccccc2,0.989672248
bibenzyl,C(Cc1ccccc1)c2ccccc2,0.988335956
3-methylpyridine,Cc1cccnc1,0.98721923
decanenitrile,CCCCCCCCCC#N,0.982271233
1-heptanol,CCCCCCCO,0.980480606
cetane,CCCCCCCCCCCCCCCC,0.978773784
ethylene_dichloride,ClCCCl,0.977723605
methylcyclopentane,CC1CCCC1,0.977380606
pentamethylene,C1CCCC1,0.977014441
ethylcyclobutane,CCC1CCC1,0.976922851
ethylcyclopropane,CCC1CC1,0.976189439
triptane,CC(C)C(C)(C)C,0.976120618
3oh,OCCC(O)=O,0.975282422
1_2_dichloroethane,ClCCCl,0.974741905
1_2-dichloro-ethane,ClCCCl,0.973127854
1_2-dichloro_ethane,ClCCCl,0.973127854
1_2-dichloroethane,ClCCCl,0.973127854
clch2ch2cl,C.Cl.CCl,0.973127854
dce,ClCCCl,0.973127854
neopentane,CC(C)(C)C,0.97254995
dichloroethane,CC(Cl)Cl,0.972202838
3-methylbutan-2-one,CC(C)C(C)=O,0.971739591
2-furoylfluoride_dichloroethane,CC(Cl)Cl.FC(=O)c1occc1,0.971275849
ch2c1ch2c1,C.CCC,0.971275849
des,CC\C(c1ccc(O)cc1)=C(\CC)c2ccc(O)cc2,0.970811611
1-octanol,CCCCCCCCO,0.968482949
dichloro_methane,ClCCl,0.968482949
n-octanol,CCCCCCCCO,0.968482949
octanol,CCCCCCCCO,0.968482949
3-phenylpropanol,OCCCc1ccccc1,0.966141733
butyl_carbitol,CCCCOCCOCCO,0.963787827
ethylene_chloride,ClCCCl,0.963787827
dcb,Clc1ccccc1Cl,0.96118371
2-dichlorobenzene,Clc1ccccc1Cl,0.959994838
1_1-dichloroethane,CC(Cl)Cl,0.954242509
2-naphthol,Oc1ccc2ccccc2c1,0.954242509
ammonium_salicylate,[NH4+].Oc1ccccc1C([O-])=O,0.954242509
blue_line,[H+].[Cl-].CN(C)CCN(Cc1sccc1)c2ccccn2,0.954242509
cholesterol,CC(C)CCC[C@@H](C)[C@H]1CC[C@H]2[C@@H]3CC=C4C[C@@H](O)CC[C@]4(C)[C@H]3CC[C@]12C,0.954242509
ctma,CONC(=O)COc1ccc(Cl)cc1C,0.954242509
mlm,NC(=O)CC(O)=O,0.954242509
pentanal,CCCCC=O,0.954242509
pteridine,c1cnc2ncncc2n1,0.954242509
quinine,COc1ccc2nccc([C@@H](O)[C@@H]3C[C@H]4CCN3C[C@@H]4C=C)c2c1,0.954242509
thip,O=C1NOC2=C1CCNC2,0.954242509
tpq,N[C@@H](CC1=CC(=O)C(=O)C=C1O)C([O-])=O,0.954242509
odcb,Clc1ccccc1Cl,0.953759692
o-dichlorobenzene,Clc1ccccc1Cl,0.953276337
1_2-dichlorobenzene,Clc1ccccc1Cl,0.950851459
2-chloro-2-methylpropane,CC(C)(C)Cl,0.949390007
dichlorobenzene,Clc1ccccc1Cl,0.949390007
nylon_66,CCCCCCNC(=O)CCCCC(N)=O,0.947605249
pnp,Oc1ccc(cc1)[N+]([O-])=O,0.944482672
polyepichlorohydrin,O\C=C/CCl,0.944482672
2-heptanol,CCCCCC(C)O,0.940516485
dca,CCNC(=O)CCNC(=O)[C@H](O)C(C)(C)CO[P](O)(=O)O[P](O)(=O)OC[C@H]1O[C@H]([C@H](O)[C@@H]1O[P](O)(O)=O)n2cnc3c(N)ncnc23,0.934498451
gsh,NC(CCC(=O)NC(CS)C(=O)NCC(O)=O)C(O)=O,0.934498451
2-butoxyethanol,CCCCOCCO,0.929418926
hexanal,CCCCCC=O,0.929418926
2-methylpyridine,Cc1ccccn1,0.927370363
tert-butyl_chloride,CC(C)(C)Cl,0.927370363
2_4-dimethylpyridine,Cc1ccnc(C)c1,0.925312091
3_4-dichlorotoluene,Cc1ccc(Cl)c(Cl)c1,0.923761961
atenolol,CC(C)NCC(O)COc1ccc(CC(N)=O)cc1,0.922725458
phenol_red,Oc1ccc(cc1)C2(O[S](=O)(=O)c3ccccc23)c4ccc(O)cc4,0.915135907
benzotrifluoride,FC(F)(F)c1ccccc1,0.913813852
mc,Cc1ccc2cc3c(ccc4ccccc34)c5CCc1c25,0.908485019
methylene_chloride,ClCCl,0.907411361
quinoline,c1ccc2ncccc2c1,0.907411361
azo,CO\C=C(C(=O)OC)/c1ccccc1Oc2cc(Oc3ccccc3C#N)ncn2,0.903089987
methyl_salicylate,COC(=O)c1ccccc1O,0.903089987
tco,CC(C)(C)OC(=O)N[C@H](C=O)C1CCCCC1,0.903089987
phenyl_isocyanate,O=C=Nc1ccccc1,0.899820502
ace,CC(N)=O,0.899273187
dichloromethane,ClCCl,0.899273187
methylene_dichloride,ClCCl,0.899273187
dichloro-methane,ClCCl,0.897627091
nonan-1-ol,CCCCCCCCCO,0.893761762
nonanol,CCCCCCCCCO,0.893761762
dch,C1CCC(CC1)NC2CCCCC2,0.892094603
dppc,Cl[P](=O)(Oc1ccccc1)Oc2ccccc2,0.892094603
decan-1-ol,CCCCCCCCCCO,0.889301703
stearic_acid,CCCCCCCCCCCCCCCCCC(O)=O,0.889301703
tbep,CCCCOCCO[P](=O)(OCCOCCCC)OCCOCCCC,0.886490725
dimethyl_phthalate,COC(=O)c1ccccc1C(=O)OC,0.88422877
p-cresol,Cc1ccc(O)cc1,0.883661435
tetrahydrothiophene,C1CCSC1,0.881384657
1_6-dichlorohexane,ClCCCCCCCl,0.880813592
dmp,[H+].[H+].[Cl-].[Cl-].COC(=N)CCCCCC(=N)OC,0.880813592
octanal,CCCCCCCC=O,0.880813592
1-chloro-n-propane,CCCCl,0.880241776
4-cyano-4-pentylbiphenyl,CCCCCC1(CC=C(C=C1)c2ccccc2)C#N,0.879669206
ethyl_formate,CCOC=O,0.87909588
2_2-dimethyl-1-propanol,CC(C)(C)CO,0.866287339
2-ethoxyethyl_acetate,CCOCCOC(C)=O,0.86332286
5-nonanone,CCCCC(=O)CCCC,0.86332286
pgmea,COCC(C)OC(C)=O,0.86332286
propylene_glycol_monomethyl_ether_acetate,COCC(C)OC(C)=O,0.86332286
2-octanol,CCCCCCC(C)O,0.857332496
tributyl_phosphate,CCCCO[P](=O)(OCCCC)OCCCC,0.856009504
tributylphosphate,CCCCO[P](=O)(OCCCC)OCCCC,0.856009504
2-chlorobutane,CCC(C)Cl,0.853454841
6-undecanone,CCCCCC(=O)CCCCC,0.84509804
decanol,CCCCCCCCCCO,0.84509804
polypyrrole,[NH2+]1C=CC=C1,0.84509804
pyrrole,[nH]1cccc1,0.84509804
tbp,CCCCO[P](=O)(OCCCC)OCCCC,0.84509804
hcfc-141b,CC(F)(Cl)Cl,0.838849091
n-decanol,CCCCCCCCCCO,0.838849091
tetraglyme,COCCOCCOCCOCCOC,0.838849091
diethylmalonate,CCC(CC)(C([O-])=O)C([O-])=O,0.836956737
diethyl_phthalate,CCOC(=O)c1ccccc1C(=O)OCC,0.836324116
tetrachloroethane,ClCC(Cl)(Cl)Cl,0.835690571
ehma,CCOc1cc(ccc1O)C(O)C(O)=O,0.832508913
1-decanol,CCCCCCCCCCO,0.826074803
isobutylmethyl_ketone,CC(C)CC(C)=O,0.82445127
deta,CCN(CC)C(=O)c1cccc(C)c1,0.823474229
2-ethyl-1-hexanol,CCCCC(CC)CO,0.820267157
cyclohexyl_chloride,ClC1CCCCC1,0.819543936
methylene_blue,[Cl-].CN(C)c1ccc2nc3ccc(cc3[s+]c2c1)N(C)C,0.819543936
nonanal,CCCCCCCCC=O,0.819543936
polyethylene_oxide,OCCO,0.819543936
2-furoylfluoride_tetrahydrofuran,FC(=O)c1occc1.C2CCOC2,0.818225894
diox,[Na+].CCCCC(CC)COC(=O)CC(C(=O)OCC(CC)CCCC)[S]([O-])(=O)=O,0.818225894
tetrahydrofuran,C1CCOC1,0.818225894
tetrahydrofurane,C1CCOC1,0.818225894
thf,C1CCOC1,0.818225894
diethyl_malonate,CCOC(=O)CC(=O)OCC,0.8162413
cellobiose,OCC1OC(OC2C(O)C(O)C(O)OC2CO)C(O)C(O)C1O,0.812913357
hfc-134a,FCC(F)(F)F,0.812913357
triglyme,COCCOCCOCCOC,0.812913357
cmtd,CCCCCCCCCCCCCCSCC(O)=O,0.812244697
morpholine,C1COCCN1,0.807535028
benzotrichloride,ClC(Cl)(Cl)c1ccccc1,0.806179974
butyl_chloride,CCCCCl,0.805500858
n-butyl_chloride,CCCCCl,0.805500858
1-chlorobutane,CCCCCl,0.802089258
labetalol,CC(CCc1ccccc1)NCC(O)c2ccc(O)c(c2)C(N)=O,0.80140371
1_2-dimethoxy_ethane,COCCOC,0.799340549
glyme,COCCOC,0.799340549
1_1_2-trichloroethane,ClCC(Cl)Cl,0.797959644
ethambutol,CC[C@@H](CO)NCCN[C@@H](CC)CO,0.797959644
1_1_1-trichloroethane,CC(Cl)(Cl)Cl,0.796018969
diglyme,COCCOCCOC,0.794488047
1_1_1-trichloro-ethane,CC(Cl)(Cl)Cl,0.792391689
1_2-dimethoxyethane,COCCOC,0.792391689
2-ethylhexanol,CCCCC(CC)CO,0.792391689
dimethoxyethane,COCCOC,0.792391689
dme,C[N+](C)(C)CCCCCCCCCC[N+](C)(C)C,0.792391689
rubrene,c1ccc(cc1)c2c3ccccc3c(c4ccccc4)c5c(c6ccccc6)c7ccccc7c(c8ccccc8)c25,0.792391689
2_6-dimethylpyridine,Cc1cccc(C)n1,0.790285164
phenylhydrazine,NNc1ccccc1,0.788875116
dol,CCN(CC)CC[S](=O)(=O)[C@@H]1CCN2[C@H]1C(=O)O[C@H](C(C)C)[C@H](C)\C=C/C(=O)NC/C=C\C(=C/[C@@H](O)CC(=O)Cc3occ(n3)C2=O)C,0.785329835
3-heptanol,CCCCC(O)CC,0.783188691
2_6-lutidine,Cc1cccc(C)n1,0.77815125
polyurethane,OCCO.OCCCCO.OC(=O)CCCCC(O)=O.O=C=Nc1ccc(Cc2ccc(cc2)N=C=O)cc1,0.77815125
rso,C1O[C@@H]1c2ccccc2,0.77815125
tac,CN(C)C1[C@@H]2C[C@H]3C(=C(O)c4c(O)cccc4[C@@]3(C)O)C(=O)[C@]2(O)C(=O)\C(=C(N)\O)C1=O,0.77815125
tannin,Oc1cc(cc(O)c1O)C(=O)Oc2cc(cc(O)c2O)C(=O)OC[C@H]3O[C@@H](OC(=O)c4cc(O)c(O)c(OC(=O)c5cc(O)c(O)c(O)c5)c4)[C@H](OC(=O)c6cc(O)c(O)c(OC(=O)c7cc(O)c(O)c(O)c7)c6)[C@@H](OC(=O)c8cc(O)c(O)c(OC(=O)c9cc(O)c(O)c(O)c9)c8)[C@@H]3OC(=O)c%10cc(O)c(O)c(OC(=O)c%11cc(O)c(O)c(O)c%11)c%10,0.77815125
dn,Cc1cc(cc(c1O)[N+]([O-])=O)[N+]([O-])=O,0.774516966
tegdme,COCCOCCOCCOC,0.774516966
monoglyme,COCCOC,0.771807879
thioethanol,CCS,0.771734425
benzyl_dichloride,ClC(Cl)c1ccccc1,0.770852012
ethyl_sulfide,CCSCC,0.770852012
phenyl_acetate,CC(=O)Oc1ccccc1,0.770852012
tcp,Oc1cc(Cl)c(Cl)cc1Cl,0.770852012
urethane,CCOC(N)=O,0.770852012
aniline,Nc1ccccc1,0.770115295
benzyl_chloride,ClCc1ccccc1,0.767452718
4-methyl-1_3-dioxolane,CC1COCO1,0.763427994
decanal,CCCCCCCCCC=O,0.763427994
1-nonanol,CCCCCCCCCO,0.760799312
methyl_benzoate,COC(=O)c1ccccc1,0.758911892
1_10-dichlorodecane,ClCCCCCCCCCCCl,0.754348336
benzoxazine,N1Oc2ccccc2C=C1,0.754348336
benzyl_bromide,BrCc1ccccc1,0.752662943
triacetin,CC(=O)OCC(COC(C)=O)OC(C)=O,0.752048448
1-chloropentane,CCCCCCl,0.748188027
gps,N[C@@H](CCC(=O)N[C@@H](CS[C@@H]1[C@@H](O)c2ccccc2c3ccccc13)C(=O)NCC(O)=O)C(O)=O,0.748188027
glycerol_triacetate,CC(=O)OCC(COC(C)=O)OC(C)=O,0.744684063
lactose,OCC1OC(OC2C(O)C(O)C(O)OC2CO)C(O)C(O)C1O,0.744292983
dibutyl_phthalate,CCCCOC(=O)c1ccccc1C(=O)OCCCC,0.737987326
heptylbenzene,CCCCCCCc1ccccc1,0.735997884
dbp,CCCCOC(=O)c1ccccc1C(=O)OCCCC,0.73239376
dpb,c1ccc(cc1)\C=C\C=C\c2ccccc2,0.73239376
cycloheptane,C1CCCCCC1,0.726360389
ethylamine,CCN,0.72427587
cbs,CC(=O)N[C@H]1[C@@H](O)O[C@H](CO)[C@@H](O[C@@H]2O[C@H](CO)[C@@H](O)[C@H](O)[C@H]2NC(C)=O)[C@@H]1O,0.720159303
2-methyltetrahydrofuran,CC1CCCO1,0.719331287
acetic_acid,CC(O)=O,0.716003344
aceticacid,CC(O)=O,0.716003344
c2d,Clc1ccc2scc(CNCCN3C(=CN=C(NCCc4ccccn4)C3=O)Cl)c2c1,0.716003344
ethanoic_acid,CC(O)=O,0.716003344
glacial_acetic_acid,CC(O)=O,0.716003344
methyl_propionate,CCC(=O)OC,0.716003344
1-iodobutane,CCCCI,0.713490543
missile,CCOC(=O)c1cn2nc(O[P](=S)(OCC)OCC)cc2nc1C,0.713490543
tic,[Cl].O=C(Nc1ccc(cc1)C2=NCCN2)c3ccc(cc3)C(=O)Nc4ccc(cc4)C5=NCCN5,0.709100282
1-chlorohexane,CCCCCCCl,0.707570176
acetic_ether,CCOC(C)=O,0.707570176
tricresyl_phosphate,Cc1ccc(O[P](=O)(Oc2ccc(C)cc2)Oc3ccc(C)cc3)cc1,0.707570176
ch3cooh,CCOO,0.706290957
methyl_propanoate,CCC(=O)OC,0.705667038
dox,[Cl-].COc1cccc2C(=O)c3c(O)c4C[C@](O)(C[C@H](O[C@H]5C[C@H](N)[C@H](O)[C@H](C)O5)c4c(O)c3C(=O)c12)C(=O)CO.[H+],0.704150517
ethyl_acetate,CCOC(C)=O,0.700703717
ethylacetate,CCOC(C)=O,0.700703717
diethyleneglycol-monobutylether_acetate,CCCCOCCOCCOC(C)=O,0.698970004
dimethylacetoacetamide,CC(C)C(=O)CC(N)=O,0.698970004
dipentyl_phthalate,CCCCCOC(=O)c1ccccc1C(=O)OCCCCC,0.698970004
dmc,CC(O)(c1ccc(Cl)cc1)c2ccc(Cl)cc2,0.698970004
ethyl_benzoate,CCOC(=O)c1ccccc1,0.698970004
gallic_acid,OC(=O)c1cc(O)c(O)c(O)c1,0.698970004
cpi,OC(=O)[C@@H]1CCCCN1,0.697229343
allyl_amine,NCC=C,0.694605199
isobutyl_benzoate,CC(C)COC(=O)c1ccccc1,0.69019608
n-allyl-n-methyl-p-nitroaniline,CN(CC=C)c1ccc(cc1)[N+]([O-])=O,0.69019608
piperidine,C1CCNCC1,0.69019608
quercetin,Oc1cc(O)c2C(=O)C(=C(Oc2c1)c3ccc(O)c(O)c3)O,0.69019608
tert-pentyl_alcohol,CCC(C)(C)O,0.683047038
2-dodecanol,CCCCCCCCCCC(C)O,0.681241237
diethylene_glycol_dimethyl_ether,COCCOCCOC,0.681241237
n-propylamine,CCCN,0.681241237
pada,CN(C)c1ccc(cc1)N=Nc2ccccn2,0.681241237
diethyl_sulfide,CCSCC,0.673941999
2-methyl-2-butanol,CCC(C)(C)O,0.672559628
dodecanol,CCCCCCCCCCCCO,0.672097858
et,CC[n+]1c2cc(N)ccc2c3ccc(N)cc3c1c4ccccc4,0.672097858
furan,o1cccc1,0.672097858
acrylate_glycidyl_methacrylate,CC(=C)C(=O)OCC1CO1.OC(=O)C=C,0.669316881
tetrahydropyran,C1CCOCC1,0.668385917
chlorobenzene,Clc1ccccc1,0.664735969
tropine,CN1C2CCC1CC(O)C2,0.664641976
iso_amyl_acetate,CC(C)CCOC(C)=O,0.662757832
tetrahydropyrane,C1CCOCC1,0.662757832
n-propyl_acetate,CCCOC(C)=O,0.655138435
propyl_ethanoate,CCCOC(C)=O,0.655138435
2-decanol,CCCCCCCCC(C)O,0.653212514
caffeic_acid,OC(=O)\C=C/c1ccc(O)c(O)c1,0.653212514
dioxane–acetonitrile,N#CCC1COCCO1,0.653212514
polyacrylonitrile,C=CC#N,0.653212514
tmba,CC(=O)N(CCCCN)C(C)=O,0.653212514
methyl_butyrate,CCCC(=O)OC,0.651278014
fluorobenzene,Fc1ccccc1,0.650307523
dioxan,C1COCCO1,0.644930708
bromobenzene,Brc1ccccc1,0.643452676
butylthioether,CCCCSCCCC,0.643452676
isoamyl_salicylate,CC(C)CCOC(=O)c1ccccc1O,0.643452676
isopropylamine,CC(C)N,0.643452676
phenylacetate,[O-]C(=O)Cc1ccccc1,0.643452676
1-pentanamine,CCCCCN,0.639486489
1-undecanol,CCCCCCCCCCCO,0.63748973
diisopropyl_adipate,CC(C)OC(=O)CCCCC(=O)OC(C)C,0.63748973
ethyl_phenylacetate,CCOC(=O)Cc1ccccc1,0.633468456
isoamyl_acetate,CC(C)CCOC(C)=O,0.633468456
rpa,CC(C)=C/C=C/C(C)=C/C=C/C(C)=C/C=C/C(CO)=C/C=C/C=C(C)/C=C/C=C(C)/C=C/C=C(C)/CCCC(C)(C)O[C@@H]1O[C@H](CO)[C@@H](O)[C@H](O)[C@H]1O,0.633468456
glycine,NCC(O)=O,0.62324929
mbba,CCCCc1ccc(cc1)N=Cc2ccc(OC)cc2,0.62324929
benzylamine,NCc1ccccc1,0.621176282
c–c,CC,0.620380316
amyl_benzoate,CCCCCOC(=O)c1ccccc1,0.612783857
butyl_lactate,CCCCOC(=O)C(C)O,0.612783857
dioctyl_phthalate,CCCCCCCCOC(=O)c1ccccc1C(=O)OCCCCCCCC,0.612783857
dioctylphthalate,CCCCCCCCOC(=O)c1ccccc1C(=O)OCCCCCCCC,0.612783857
dop,CCCCC(CC)COC(=O)c1ccccc1C(=O)OCC(CC)CCCC,0.612783857
ethyl_butyrate,CCCC(=O)OCC,0.612783857
thiol–ene,C1CC=[SH]C1,0.612783857
cyclohexyl_acetate,CC(=O)OC1CCCCC1,0.610660163
butyl_acetate,CCCCOC(C)=O,0.609594409
pentyl_benzoate,CCCCCOC(=O)c1ccccc1,0.609594409
1-chloronaphthalene,Clc1cccc2ccccc12,0.606381365
isobutyl_acetate,CC(C)COC(C)=O,0.606273853
ethyl_acryl_ate,CCOC(=O)C=C,0.604226053
n-butyl_acetate,CCCCOC(C)=O,0.604226053
ibuprofen,CC(C)Cc1ccc(cc1)C(C)C(O)=O,0.60260252
1-butylamine,CCCCN,0.602059991
acrylate_1_6-hexanediol_diacrylate,OCCCCCCO.OC(=O)C=C.OC(=O)C=C.OC(=O)C=C,0.602059991
ametryn,CCNc1nc(NC(C)C)nc(SC)n1,0.602059991
butyl-acetate,CCCCOC(C)=O,0.602059991
deha,CCCCC(CC)COC(=O)CCCCC(=O)OCC(CC)CCCC,0.602059991
dhp,CCCCCCCCCCC1=C(O)NC(=O)C1=O,0.602059991
dopp,CCCCCCCCO[P](=O)(OCCCCCCCC)c1ccccc1,0.602059991
thz,s1cnc2ccccc12,0.602059991
vinyl_acetate,CC(=O)OC=C,0.602059991
water-octanol,O.CCCCCCCCO,0.602059991
butyl_ethanoate,CCCCOC(C)=O,0.600972896
1-dodecanol,CCCCCCCCCCCCO,0.598243192
1-butanamine,CCCCN,0.591064607
2-furoylfluoride_chloroform,FC(=O)c1occc1.ClC(Cl)Cl,0.591064607
arlacel_83,CCCCCCCC\C=C/CCCCCCCC(O)=O.CCCCCCCC\C=C/CCCCCCCC(O)=O.CCCCCCCC\C=C/CCCCCCCC(O)=O.OC[C@H](O)[C@@H](O)[C@H](O)[C@H](O)CO.OC[C@H](O)[C@@H](O)[C@H](O)[C@H](O)CO,0.591064607
arylamine,Nc1ccccc1,0.591064607
bromoethane,CCBr,0.591064607
span_80,CCCCCCCC\C=C/CCCCCCCC(=O)OC[C@@H](O)[C@H]1OC[C@H](O)[C@H]1O,0.591064607
pentyl_cinnamate,CCCCCOC(=O)C=Cc1ccccc1,0.589949601
butyl_propionate,CCCCOC(=O)CC,0.584331224
3-phenylpropanal,O=CCCc1ccccc1,0.579783597
amyl_acetate,CCCCCOC(C)=O,0.579783597
benzyl_benzoate,O=C(OCc1ccccc1)c2ccccc2,0.579783597
dbs,Oc1ccc(Br)cc1C(=O)C(=O)c2cc(Br)ccc2O,0.579783597
tris2-ethylhexylphosphate,CCCCC(CC)CO[P](=O)(OCC(CC)CCCC)OCC(CC)CCCC,0.579783597
taurine,NCC[S](O)(=O)=O,0.5774918
phenyl_propanoate,CCC(=O)Oc1ccccc1,0.57634135
atorvastatin,CC(C)c1n(CC[C@@H](O)C[C@@H](O)CC(O)=O)c(c2ccc(F)cc2)c(c3ccccc3)c1C(=O)Nc4ccccc4,0.575187845
1_2-dibromoethane,BrCCBr,0.574031268
cyclohexylamine,NC1CCCCC1,0.571708832
pentyl_ethanoate,CCCCCOC(C)=O,0.571673901
c60,CCCCNC(=O)[C@@H](CC(=O)[C@H](CC1CCCCC1)NC(=O)[C@H](Cc2[nH]cnc2)NC(=O)[C@H](Cc3ccccc3)C[S](=O)(=O)C(C)(C)C)C(C)C,0.567614443
1-pentanethiol,CCCCCS,0.564666064
polysorbate_80,CCCCCCCC/C=C/CCCCCCCC(=O)OCCOCC(OCCO)C1OCC(OCCO)C1OCCO,0.564666064
phenanthrene,c1ccc2c(c1)ccc3ccccc23,0.559308011
butylamine,CCCCN,0.558708571
oil_red_o,O=C\1C=Cc2ccccc2C1=N/Nc3ccc(cc3)N=Nc4ccccc4,0.557507202
iodobenzene,Ic1ccccc1,0.555094449
1-chloro-n-decane,CCCCCCCCCCCl,0.553883027
thioanisole,CSc1ccccc1,0.549003262
2-amino-5-chloropyridine,Nc1ccc(Cl)cn1,0.544068044
chlorodecane,CCCCCCCCCCCl,0.544068044
di-octyl_terephthalate,CCCCCCCCOC(=O)c1ccc(cc1)C(=O)OCCCCCCCC,0.544068044
dibutyl_sebacate,CCCCOC(=O)CCCCCCCCC(=O)OCCCC,0.544068044
dioctyl_terephthalate,CCCCCCCCOC(=O)c1ccc(cc1)C(=O)OCCCCCCCC,0.544068044
tri-n-butyl_phosphate,CCCCO[P](=O)(OCCCC)OCCCC,0.544068044
phenyl_butanoate,CCCC(=O)Oc1ccccc1,0.541579244
isobutylamine,CC(C)CN,0.531478917
isobutyl_isobutyrate,CC(C)COC(=O)C(C)C,0.530199698
1-hexanethiol,CCCCCCS,0.523746467
ethyl_ether,CCOCC,0.523746467
ethylether,CCOCC,0.523746467
ether,CCOCC,0.523095838
tert-butylamine,CC(C)(C)N,0.519827994
anisol,COc1ccccc1,0.51851394
anisole,COc1ccccc1,0.51851394
benzylethylamine,NCCCc1ccccc1,0.51851394
c2h5–o–c2h5,CCO,0.51851394
diethyl_ether,CCOCC,0.51851394
diethylether,CCOCC,0.51851394
mox,CO[C@](NC(=O)[C@@H](C(O)=O)c1ccc(O)cc1)([C@H]2OCC(=C)C(=N2)C(O)=O)C(O)=O,0.51851394
phenyl_pentanoate,CCCCC(=O)Oc1ccccc1,0.51851394
thiophenol,Sc1ccccc1,0.514919466
dee,CCOC(=O)c1c(C)[nH]nc1C,0.514547753
4-vinylphenol,Oc1ccc(C=C)cc1,0.511883361
c2h5oc2h5,CCO,0.51054501
di-ethyl_ether,CCOCC,0.51054501
tcnq,N#CC(C#N)=C1C=CC(C=C1)=C(C#N)C#N,0.509202522
ethyloctanoate,CCCCCCCC(=O)OCC,0.505149978
tris2-butoxy_ethylphosphate,CCCCOCCO[P](=O)(OCCOCCCC)OCCOCCCC,0.505149978
ethyl_phenyl_ether,CCOc1ccccc1,0.50242712
acetate,CC([O-])=O,0.501059262
1-tetradecanol,CCCCCCCCCCCCCCO,0.499687083
1-heptanethiol,CCCCCCCS,0.492760389
benzyl_salicylate,Oc1ccccc1C(=O)OCc2ccccc2,0.491361694
butylhexanoate,CCCCCC(=O)OCCCC,0.491361694
n-hexylamine,CCCCCCN,0.491361694
pcb,Clc1cc(Cl)c(Cl)c(Cl)c1Cl,0.491361694
sinapic_acid,COc1cc(/C=C/C(O)=O)cc(OC)c1O,0.491361694
dioctyl_sebacate,CCCCCCCCOC(=O)CCCCCCCCC(=O)OCCCCCCCC,0.478566496
dbe,COC(=O)CCCCC(=O)OC.COC(=O)CCCC(=O)OC.COC(=O)CCC(=O)OC,0.477121255
dibenzylether,C(OCc1ccccc1)c2ccccc2,0.477121255
dodecan-4-ol,CCCCCCCCC(O)CCC,0.477121255
fluorescein,Oc1ccc2c(Oc3cc(O)ccc3C24OC(=O)c5ccccc45)c1,0.477121255
premix,[Cl-].C[N+](C)(C)CCCl,0.477121255
salvinorin_a,COC(=O)C1CC(OC(C)=O)C(=O)[C@H]2C1(C)CC[C@H]3C(=O)O[C@@H](CC23C)c4cocc4,0.477121255
sulfoxide,CCCCCCCC[S](=O)C(C)Cc1ccc2OCOc2c1,0.477121255
methylanisole,COc1ccccc1C,0.475671188
ep,C[C@H]1CCC[C@H]2O[C@H]2C[C@H](OC(=O)C[C@H](O)C(C)(C)C(=O)[C@H](C)[C@H]1O)\C(C)=C\c3csc(C)n3,0.474216264
1-octanethiol,CCCCCCCCS,0.469822016
pema,O.CCC(C(N)=O)(C(N)=O)c1ccccc1,0.46612587
n-benzyl-2-methyl-4-nitroaniline,Cc1cc(ccc1NCc2ccccc2)[N+]([O-])=O,0.462697408
doa,CCCCC(CC)COC(=O)CCCCC(=O)OCC(CC)CCCC,0.462397998
dpe,ClC(Cl)(Cl)C(c1ccccc1)c2ccccc2,0.462397998
isopropyl_ether,CC(C)OC(C)C,0.462397998
pentacene,c1ccc2cc3cc4cc5ccccc5cc4cc3cc2c1,0.462397998
tbc,Nc1ncnc2n(ccc12)C3OC(CO)C(O)C3O,0.461648568
benzyl_ether,C(OCc1ccccc1)c2ccccc2,0.456366033
isopropylether,CC(C)OC(C)C,0.454082271
1-decanethiol,CCCCCCCCCCS,0.45331834
tetraline,C1CCc2ccccc2C1,0.451786436
dibenzyl_ether,C(OCc1ccccc1)c2ccccc2,0.450403086
diphenyl_ether,O(c1ccccc1)c2ccccc2,0.449169732
diisopropylether,CC(C)OC(C)C,0.44870632
oleyl_alcohol,CCCCCCCC\C=C/CCCCCCCCO,0.447158031
dio,C1COCCO1,0.439332694
butyl_phenyl_ether,CCCCOc1ccccc1,0.43679851
diphenylether,O(c1ccccc1)c2ccccc2,0.436162647
1-pentadecanol,CCCCCCCCCCCCCCCO,0.434568904
acrylate_trimethylolpropane_triacrylate,CCC(CO)(CO)CO.OC(=O)C=C.OC(=O)C=C.OC(=O)C=C.OC(=O)C=C,0.432969291
1-chloro-n-hexadecane,CCCCCCCCCCCCCCCCCl,0.431363764
di-isopropyl_ether,CC(C)OC(C)C,0.431363764
epoxy_resin,CC(C)(c1ccc(O)cc1)c2ccc(O)cc2.OC(=O)C=C.ClCC3CO3,0.431363764
tpp,Cc1ncc(C[n+]2csc(CCO[P](O)(=O)O[P](O)(O)=O)c2C)c(N)n1,0.431363764
octylamine,CCCCCCCCN,0.42975228
tetracene,c1ccc2cc3cc4ccccc4cc3cc2c1,0.42975228
badge,CC(C)(c1ccc(OCC2CO2)cc1)c3ccc(OCC4CO4)cc3,0.414973348
butyl_ether,CCCCOCCCC,0.414973348
diethylamine,CCNCC,0.414973348
eicosylamine,CCCCCCCCCCCCCCCCCCCCN,0.414973348
pmda,O=C1OC(=O)c2cc3C(=O)OC(=O)c3cc12,0.414973348
poly4-vinylphenol,CCc1ccc(O)cc1,0.414973348
2-propanol–toluene,CC(C)O.Cc1ccccc1,0.413299764
diisopropyl_ether,CC(C)OC(C)C,0.413299764
n-octylamine,CCCCCCCCN,0.411619706
dibromoethane,CC(Br)Br,0.410777233
1-hexadecanol,CCCCCCCCCCCCCCCCO,0.408239965
bismaleimide,O=C1C=CC(=O)N1c2ccc(Cc3ccc(cc3)N4C(=O)C=CC4=O)cc2,0.40654018
1-hexanamine,CCCCCCN,0.403120521
perylene,c1cc2cccc3c4cccc5cccc(c(c1)c23)c45,0.402261382
dea,OCCNCCO,0.401400541
2-methylamino-5-chlorobenzophenone,CNc1ccc(Cl)cc1C(=O)c2ccccc2,0.397940009
acrylonitrile_butadiene_styrene,C=CC=C.C=CC#N.C=Cc1ccccc1,0.397940009
atrazine,CCNc1nc(Cl)nc(NC(C)C)n1,0.397940009
hydrazide,NNC(=O)c1ccncc1,0.397940009
lpa,OC(=O)CCCC[C@@H]1CCSS1,0.397940009
peceol,CCCCCCCC\C=C/CCCCCCCC(=O)OCC(O)CO,0.397940009
pyromellitic_dianhydride,O=C1OC(=O)c2cc3C(=O)OC(=O)c3cc12,0.397940009
tuftsin,C[C@@H](O)[C@H](N)C(=O)N[C@@H](CCCCN)C(=O)N1CCC[C@H]1C(=O)N[C@@H](CCCN=C(N)N)C(O)=O.CC(O)=O.CC(O)=O,0.397940009
dibenzylamine,C(NCc1ccccc1)c2ccccc2,0.388456453
1-heptylamine,CCCCCCCN,0.383815366
1_1_1_trichloroethane,CC(Cl)(Cl)Cl,0.380211242
1_1_2-trichloro-ethane,ClCC(Cl)Cl,0.380211242
behenic_acid,CCCCCCCCCCCCCCCCCCCCCC(O)=O,0.380211242
labrafil,CCCCCCCCCCCCCCCCCC(O)=O.CCCCCCCCCCCCCCCC(O)=O.OCCOCC(COCCO)OCCO,0.380211242
naphthalene,c1ccc2ccccc2c1,0.380211242
trichloroethane,CC(Cl)(Cl)Cl,0.380211242
din-propyl_ether,CCCOCCC,0.378397901
2_6-dichlorotoluene,Cc1c(Cl)cccc1Cl,0.372912003
dipropyl_ether,CCCOCCC,0.369215857
n-hexane–chloroform,CCCCCC.ClC(Cl)Cl,0.36361198
1-octanamine,CCCCCCCCN,0.361727836
diglycidyl_ether_of_bisphenol_a,CC(C)(c1ccc(OCC2CO2)cc1)c3ccc(OCC4CO4)cc3,0.361727836
phenyl_laurate,CCCCCCCCCCCC(=O)Oc1ccccc1,0.357934847
isopropyl_myristate,CCCCCCCCCCCCCC(=O)OC(C)C,0.351216345
dpa,c1ccc(cc1)c2c3ccccc3c(c4ccccc4)c5ccccc25,0.349277527
glycerol_trioleate,CCCCCCCC\C=C/CCCCCCCC(=O)OCC(COC(=O)CCCCCCC\C=C/CCCCCCCC)OC(=O)CCCCCCC\C=C/CCCCCCCC,0.344392274
1-propanoic_acid,CCC(O)=O,0.342422681
chrysene,c1ccc2c(c1)ccc3c4ccccc4ccc23,0.342422681
octanethiol,CCCCCCCCS,0.342422681
phenyl,c1ccccc1,0.342422681
propanoic_acid,CCC(O)=O,0.342422681
triolein,CCCCCCCC\C=C/CCCCCCCC(=O)OCC(COC(=O)CCCCCCC\C=C/CCCCCCCC)OC(=O)CCCCCCC\C=C/CCCCCCCC,0.342422681
apollo,Clc1ccccc1c2nnc(nn2)c3ccccc3Cl,0.338456494
ma,C[C@]1(O)CC[C@H]2[C@@H]3CCC4=CC(=O)C=C[C@]4(C)[C@H]3CC[C@]12C,0.33243846
propionic_acid,CCC(O)=O,0.33243846
di-n-propylamine,CCCNCCC,0.328379603
glycerol_tripalmitate,CCCCCCCCCCCCCCCC(=O)OCC(COC(=O)CCCCCCCCCCCCCCC)OC(=O)CCCCCCCCCCCCCCC,0.326335861
dtab,[Br-].CCCCCCCCCCCC[N+](C)(C)C,0.325310372
dipentyl_ether,CCCCCOCCCCC,0.322219295
gma,N[C@H](CCC(O)=O)C(N)=O,0.322219295
oleylamine,CCCCCCCC\C=C/CCCCCCCCN,0.322219295
planum,CN1C(=O)C(O)N=C(c2ccccc2)c3cc(Cl)ccc13,0.322219295
polycarbonate,CC(C)(c1ccc(O)cc1)c2ccc(O)cc2,0.322219295
polysulphone,CC(C)(c1ccc(O)cc1)c2ccc(O)cc2.Oc3ccc(cc3)[S](=O)(=O)c4ccc(O)cc4,0.322219295
dibutylether,CCCCOCCCC,0.318063335
ethyl_palmitate,CCCCCCCCCCCCCCCC(=O)OCC,0.315970345
dibutyl_ether,CCCCOCCCC,0.311753861
din-butyl_ether,CCCCOCCCC,0.311753861
fluorene,C1c2ccccc2c3ccccc13,0.311753861
2-methylimidazole,Cc1[nH]ccn1,0.309630167
1-heptanoic_acid,CCCCCCC(O)=O,0.307496038
9-methylanthracene,Cc1c2ccccc2cc3ccccc13,0.305351369
glycerol_tristearate,CCCCCCCCCCCCCCCCCC(=O)OCC(COC(=O)CCCCCCCCCCCCCCCCC)OC(=O)CCCCCCCCCCCCCCCCC,0.305351369
dansyl,CN(C)c1cccc2c1cccc2[S](Cl)(=O)=O,0.301029996
dipalmitoylphosphatidylcholine,CCCCCCCCCCCCCCCC(=O)OC[C@H](CO[P]([O-])(=O)OCC[N+](C)(C)C)OC(=O)CCCCCCCCCCCCCCC,0.301029996
ellagic_acid,Oc1cc2C(=O)Oc3c(O)c(O)cc4C(=O)Oc(c1O)c2c34,0.301029996
glutamic_acid,N[C@@H](CCC(O)=O)C(O)=O,0.301029996
mpd,C[C@H](O)CC(C)(C)O,0.301029996
plurol_oleique,OCC(O)CCCCCCCCC\C=C/CCCC(CC(O)CO)C(CC(O)CO)C(CC(O)CO)C(CC(O)CO)C(=O)OCC(O)CO,0.301029996
polycaprolactam,CCCCCC(N)=O,0.301029996
polysulfone,CC(C)(c1ccc(O)cc1)c2ccc(O)cc2.Oc3ccc(cc3)[S](=O)(=O)c4ccc(O)cc4,0.301029996
tyrosine,N[C@@H](Cc1ccc(O)cc1)C(O)=O,0.301029996
salicylic_acid,OC(=O)c1ccccc1O,0.298853076
anthracene,c1ccc2cc3ccccc3cc2c1,0.2955671
dipropylamine,CCCNCCC,0.283979284
cyclopentadienone,O=C1C=CC=C1,0.278753601
ethyl_methyl_carbonate,CCOC(=O)OC,0.278753601
ethylmethyl_carbonate,CCCOC([O-])=O,0.278753601
methyl_ethyl_carbonate,CCOC(=O)OC,0.278753601
l-lysine,NCCCC[C@H](N)C(O)=O,0.276461804
1-butanoic_acid,CCCC(O)=O,0.274157849
octanoic_acid,CCCCCCCC(O)=O,0.267171728
1-methylnaphthalene,Cc1cccc2ccccc12,0.266584447
1-hexanoic_acid,CCCCCC(O)=O,0.260071388
1-octanoic_acid,CCCCCCCC(O)=O,0.260071388
diethyl_carbonate,CCOC(=O)OCC,0.260071388
dec,C1CCC2CCCCC2C1,0.258278015
acetaminophen,CC(=O)Nc1ccc(O)cc1,0.255272505
benzoxazole,o1cnc2ccccc12,0.255272505
diethylcarbonate,CCOC(=O)OCC,0.255272505
styrene-butadiene,C=CC=C.C=Cc1ccccc1,0.255272505
terpineol,CC(=C)C1CCC(C)(O)CC1.CC2=CCC(CC2)C(C)(C)O,0.255272505
tritolyl_phosphate,Cc1ccccc1O[P](=O)(Oc2ccccc2C)Oc3ccccc3C,0.250420002
mdea,CN(CCO)CCO,0.247973266
phthalic_anhydride,O=C1OC(=O)c2ccccc12,0.247973266
tetralin,C1CCc2ccccc2C1,0.247973266
din-pentyl_ether,CCCCCOCCCCC,0.238046103
tetrahydronaphthalene,C1CCc2ccccc2C1,0.238046103
thiophene,s1cccc1,0.237292338
bromodiphenylmethane,BrC(c1ccccc1)c2ccccc2,0.23299611
dimethyl,CC,0.230448921
dmm,CC(CCC(C)O[S](C)(=O)=O)O[S](C)(=O)=O,0.230448921
isoprene,CC(=C)C=C,0.230448921
pentanoic_acid,CCCCC(O)=O,0.227886705
msq,COc1cc2ncnc(Nc3cccc(SC)c3)c2cc1OC,0.224014811
cyanine,[Cl-].Nc1ccc2nc3ccc(N)cc3[s+]c2c1,0.222716471
propylamine,CCCN,0.222065843
1-pentanoic_acid,CCCCC(O)=O,0.220108088
valeric_acid,CCCCC(O)=O,0.220108088
vinyon,CC(=O)OC=C.ClC=C,0.217483944
propylene,CC=C,0.214843848
allylbenzene,C=CCc1ccccc1,0.212187604
benzocyclobutene,C1Cc2ccccc12,0.210853365
benzocyclobutane,C1Cc2ccccc12,0.206825876
mpmp,CN1CCCC(C1)CN2c3ccccc3Sc4ccccc24,0.206825876
1_3-diisopropenyl_benzene,CC(=C)c1cccc(c1)C(C)=C,0.204119983
ascorbic_acid,OCC(O)C1OC(=C(O)C1=O)O,0.204119983
ddt,Clc1ccc(cc1)C(c2ccc(Cl)cc2)C(Cl)(Cl)Cl,0.204119983
diamantane,C1C2CC3C4CC5CC(C14)C(C2)C3C5,0.204119983
isobutyric_acid,CC(C)C(O)=O,0.204119983
polystyrene,C=Cc1ccccc1,0.204119983
squalene,CC(C)=CCC\C(C)=C\CC\C(C)=C\CC\C=C(/C)CC\C=C(/C)CCC=C(C)C,0.204119983
trioctylphosphine_oxide,CCCCCCCC[P](=O)(CCCCCCCC)CCCCCCCC,0.204119983
heptanoic_acid,CCCCCCC(O)=O,0.201397124
o-xylene,Cc1ccccc1C,0.190611798
aldehyde,CC=O,0.190331698
l-asparagine,N[C@@H](CC(N)=O)C(O)=O,0.190331698
din,Oc1ccc2c(O)cccc2c1,0.187520721
adamantane,C1C2CC3CC1CC(C2)C3,0.184691431
biphenyl,c1ccc(cc1)c2ccccc2,0.183269844
arachidic_acid,CCCCCCCCCCCCCCCCCCCC(O)=O,0.176091259
dl-aspartic_acid,NC(CC(O)=O)C(O)=O,0.176091259
oleic_acid,CCCCCCCC\C=C/CCCCCCCC(O)=O,0.176091259
styrofoam,CC(C)c1ccccc1,0.176091259
ttc,[Cl-].c1ccc(cc1)n2nc(n[n+]2c3ccccc3)c4ccccc4,0.176091259
l-aspartic_acid,N[C@@H](CC(O)=O)C(O)=O,0.170261715
norbornane,C1CC2CCC1C2,0.170261715
styrene,C=Cc1ccccc1,0.167317335
ethylbenzene,CCc1ccccc1,0.160258386
ethyl_benzene,CCc1ccccc1,0.160168293
hexamethylene_diamine,NCCCCCCN,0.152288344
tri-ethylamine,CCN(CC)CC,0.152288344
triethylamine,CCN(CC)CC,0.152288344
teta,NCCNCCNCCN,0.151676231
hydroxy-l-proline,ON1CCC[C@H]1C(O)=O,0.149219113
1_2-xylene,Cc1ccccc1C,0.146128036
cumene,CC(C)c1ccccc1,0.146128036
decanethiol,CCCCCCCCCCS,0.146128036
mbn,Cc1ccccc1,0.146128036
pseudocumene,Cc1ccc(C)c(C)c1,0.146128036
thymine,CC1=CNC(=O)NC1=O,0.146128036
tol,COc1ccc2c(cccc2c1C(F)(F)F)C(=S)N(C)CC(O)=O,0.146128036
triethyl_amine,CCN(CC)CC,0.146128036
nicotine,CN1CCC[C@H]1c2cccnc2,0.14113609
isopropylbenzene,CC(C)c1ccccc1,0.140036411
1_2_4-trimethylbenzene,Cc1ccc(C)c(C)c1,0.139879086
l-proline,OC(=O)[C@@H]1CCCN1,0.139879086
methylbenzene,Cc1ccccc1,0.139879086
toluene,Cc1ccccc1,0.139879086
trimethylbenzene,Cc1cccc(C)c1C,0.139879086
propylbenzene,CCCc1ccccc1,0.136720567
diethylbenzene,CCc1ccccc1CC,0.136403448
1-tridecanol,CCCCCCCCCCCCCO,0.135132651
d-limonene,CC(=C)C1CCC(=CC1)C,0.133538908
m-xylene,Cc1cccc(C)c1,0.133538908
propyl_benzene,CCCc1ccccc1,0.133538908
butylbenzene,CCCCc1ccccc1,0.133219457
tert-butyl_benzene,CC(C)(C)c1ccccc1,0.133219457
p-cymene,CC(C)c1ccc(C)cc1,0.127104798
phenethylammonium,[NH3+]CCc1ccccc1,0.127104798
limonene,CC(=C)C1CCC(=CC1)C,0.126228845
xylenes,CCc1ccccc1.Cc2ccc(C)cc2.Cc3cccc(C)c3.Cc4ccccc4C,0.122215878
isobutylbenzene,CC(C)Cc1ccccc1,0.11991541
nylon_6,CCCCCC(N)=O,0.113943352
dda,Nc1ncnc2n(cnc12)[C@H]3CC[C@@H](CO)O3,0.112269768
4-ma,CCN(CC)C(=O)[C@H]1CCC2C3CC[C@H]4N(C)C(=O)CCC4(C)C3CCC12C,0.11058971
perhydrofluorene,C1CCC2C(C1)CC3CCCCC23,0.10754913
benzene,c1ccccc1,0.10720997
isopropenylbenzene,CC(=C)c1ccccc1,0.10720997
xylene,Cc1ccccc1C,0.10720997
mesitylene,Cc1cc(C)cc(C)c1,0.10704029
1_3_5-trimethylbenzene,Cc1cc(C)cc(C)c1,0.106870544
p-xylene,Cc1ccc(C)cc1,0.103803721
1-phenyloctane,CCCCCCCCc1ccccc1,0.100370545
octylbenzene,CCCCCCCCc1ccccc1,0.100370545
phenyloctane,CCCCCCCCc1ccccc1,0.100370545
polyisobutylene,CC(C)=C,0.096910013
1_2_4-trichlorobenzene,Clc1ccc(Cl)c(Cl)c1,0.093421685
dimethyladamantane,CC1C2CC3CC(C2)CC1(C)C3,0.08350262
1_4-dioxan,C1COCCO1,0.08278537
1_4-dioxane,C1COCCO1,0.08278537
cis-decalin,C1CC[C@@H]2CCCC[C@@H]2C1,0.08278537
dioxane,C1COCCO1,0.08278537
dmo,CC1(C)OC(=O)NC1=O,0.08278537
p-dioxane,C1COCCO1,0.08278537
decalin,C1CCC2CCCCC2C1,0.079181246
decaline,C1CCC2CCCCC2C1,0.079181246
diacetamide,CC(=O)NC(C)=O,0.079181246
dph,C[C@@H](Cc1ccccc1)C(N)=O,0.079181246
n-pentadecane,CCCCCCCCCCCCCCC,0.079181246
tcd,Clc1cnc(Oc2ccc(Oc3ncc(Cl)cc3Cl)cc2)c(Cl)c1,0.079181246
trans-decalin,C1CC[C@@H]2CCCC[C@H]2C1,0.079181246
decahydronaphthalene,C1CCC2CCCCC2C1,0.07809415
cyclodecane,C1CCCCCCCCC1,0.075911761
cyclohexene,C1CCC=CC1,0.074816441
padma,COC(Cc1ccccc1)OC,0.071882007
n-octanoic_acid,CCCCCCCC(O)=O,0.068185862
cyclooctene,C1CCCC=CCC1,0.065579715
dhn,[Na+].CC(=O)[C-]1C(=O)OC(=CC1=O)C,0.062205809
1-eicosanol,CCCCCCCCCCCCCCCCCCCCO,0.059033005
cyclooctane,C1CCCCCCC1,0.049218023
pentol,CCCCCCCC/C=C/CCCCCCCC(=O)OCC(CO)(CO)COC(=O)CCCCCCC\C=C\CCCCCCCC,0.049218023
mpa,COc1c(C)c2COC(=O)c2c(O)c1C\C=C(C)\CCC(O)=O,0.042181595
bcn,OCCN(CCO)CC(O)=O,0.041392685
isohexadecane,CCCCCCCCCCCCCC(C)C,0.041392685
norbornene,C1CC2CC1C=C2,0.041392685
polypropylene,CC=C,0.041392685
trioctylamine,CCCCCCCCN(CCCCCCCC)CCCCCCCC,0.041392685
1-octene,CCCCCCC=C,0.033825694
undecane,CCCCCCCCCCC,0.029383778
heptadecane,CCCCCCCCCCCCCCCCC,0.025305865
n-hexadecane,CCCCCCCCCCCCCCCC,0.021189299
pentadecane,CCCCCCCCCCCCCCC,0.018908444
n-tetradecan,CCCCCCCCCCCCCC,0.015694989
mch,CC1=CC(=O)CCC1,0.012837225
tetradecane,CCCCCCCCCCCCCC,0.012837225
tridecane,CCCCCCCCCCCCC,0.012837225
cyclohexane,C1CCCCC1,0.008600172
methylcyclohexane,CC1CCCCC1,0.008600172
dodecane,CCCCCCCCCCCC,0.004321374
n-dodecane,CCCCCCCCCCCC,0.004321374
acetone–hexane,CCCCCC.CC(C)=O,0
arginine,N[C@@H](CCCNC(N)=N)C(O)=O,0
aspartic_acid,N[C@@H](CC(O)=O)C(O)=O,0
chx,C1CCCCC1,0
decane,CCCCCCCCCC,0
decanol_cyclohexane,CCCCCCCCCCO.C1CCCCC1,0
hexadecane,CCCCCCCCCCCCCCCC,0
iso-dodecane,CCCCCCCCCC(C)C,0
pco,CC(C)(CO)[C@@H](O)C(=O)NCCC(=O)N\C=C/S,0
phenazine,c1ccc2nc3ccccc3nc2c1,0
xylol,Cc1ccccc1C,0
nonane,CCCCCCCCC,-0.004364805
n-decane,CCCCCCCCCC,-0.00656377
i-decane,CCCCCCCC(C)C,-0.008773924
linalool,CC(C)=CCCC(C)(O)C=C,-0.008773924
isopentane,CCC(C)C,-0.010995384
n-tetradecane,CCCCCCCCCCCCCC,-0.010995384
n-nonane,CCCCCCCCC,-0.012333735
cyclopentane,C1CCCC1,-0.015472687
carbon_nitride,NCCN,-0.022276395
octane,CCCCCCCC,-0.022276395
2_2_4-trimethylpentane,CC(C)CC(C)(C)C,-0.026872146
iso-octane,CCCCCC(C)C,-0.026872146
isooctane,CCCCCC(C)C,-0.026872146
ethane,CC,-0.031517051
n-octane,CCCCCCCC,-0.03574037
2-furoylfluoride_heptane,CCCCCCC.FC(=O)c1occc1,-0.036212173
heptane,CCCCCCC,-0.036212173
n-heptane,CCCCCCC,-0.036212173
c2h6,CC,-0.037630664
3-methylpentane,CCC(C)CC,-0.045757491
heptan,CCCCCCC,-0.045757491
hexane,CCCCCC,-0.050609993
iso-hexane,CCCC(C)C,-0.050609993
n-hexane,CCCCCC,-0.050609993
phema,CC(=C)C(=O)OCCO,-0.053302163
hexane-methanol,CO.CCCCCC,-0.055517328
hexanes,CCCCCC,-0.055517328
polybutene,CCC=C.C\C=C\C,-0.057991947
n-pentane,CCCCC,-0.075720714
pentane,CCCCC,-0.075720714
dioctylcyclohexane,CCCCCCCCC1(CCCCCCCC)CCCCC1,-0.096910013
2_2-dimethylpropane,CC(C)(C)C,-0.107905397
1-nonanoic_acid,CCCCCCCCC(O)=O,-0.142667504
n-butane,CCCC,-0.15490196
citral,CC(C)=CCCC(C)=CC=O,-0.22184875
morin,Oc1ccc(c(O)c1)C2=C(O)C(=O)c3c(O)cc(O)cc3O2,-0.22184875
prolate,CO[P](=S)(OC)SCN1C(=O)c2ccccc2C1=O,-0.22184875
butanoic_acid,CCCC(O)=O,-0.300162274
[methionine],CSCC[C@H](N)C(O)=O,-0.301029996
propane,CCC,-0.301029996
meo,COC1CCN(CC1)C2CC(OC(C)C2O)OC3c4c(O)c5C(=O)c6c(OC)cccc6C(=O)c5c(O)c4CCC3(O)C(C)=O,-0.307285239
ctc,CN(C)[C@H]1[C@@H]2C[C@H]3C(=C(O)c4c(O)ccc(Cl)c4[C@@]3(C)O)C(=O)[C@]2(O)C(=O)\C(=C(N)\O)C1=O,-0.339229356
kaempferol,Oc1ccc(cc1)C2=C(O)C(=O)c3c(O)cc(O)cc3O2,-0.41453927
spurr,CC(C)CC(C)/C=C/CC1CC(=O)OC1=O.C(COCC2CO2)COCC3CO3.C4CC5OC5CC4C6CO6,-0.508638306
egmpe,OCCOc1ccccc1,-0.578396073
rhodamine_6g,[Cl-].CCNc1cc2[o+]c3cc(NCC)c(C)cc3c(c2cc1C)c4ccccc4C(=O)OCC,-0.698970004
doxo,CC(=O)OCC(=O)C1CCC2C3CCC4=CC(=O)CCC4(C)C3CCC12C,-1.096910013
triphenylamine,c1ccc(cc1)N(c2ccccc2)c3ccccc3,-1.301029996
dehp,CCCCC(CC)COC(=O)c1ccccc1C(=O)OCC(CC)CCCC,
dfdt,Fc1ccc(cc1)C(c2ccc(F)cc2)C(Cl)(Cl)Cl,
1_3-dibromopropane,BrCCCBr,
