MOLECULE_NAME,SMILES,RI_per_MW
#NAZWA?,CC(C)=CCCC(C)(O)C=C,0.009308863
1-2-cyanoethyl-3-2-hydroxyethyl-imidazoliumchloride,[Cl-].OCCn1cc[n+](CCC#N)c1,0.007629291
1-2-cyanoethyl-3-2-propen-1-yl-imidazoliumchloride,[Cl-].C=CCn1cc[n+](CCC#N)c1,0.007774613
1-4-bromophenylethanone,CC(=O)c1ccc(Br)cc1,0.008274428
1-adamantaneaceticacid,OC(=O)CC12CC3CC(CC(C3)C1)C2,0.008235791
1-benzyl-3-methylimidazolium,Cn1cc[n+](Cc2ccccc2)c1,0.009235796
1-benzyl-3-methylimidazoliumchloride,[Cl-].Cn1cc[n+](Cc2ccccc2)c1,0.007500048
1-benzyl-4-propylbenzene,CCCc1ccc(Cc2ccccc2)cc1,0.006443515
1-bromo-propane,CCCBr,0.0116592
1-bromoheptane,CCCCCCCBr,0.008095991
1-bromonaphthalene,Brc1cccc2ccccc12,0.008011783
1-butanol,CCCCO,0.018874034
1-butene,CCC=C,0.024773651
1-butyl-3-2-cyanoethyl-imidazoliumchloride,[Cl-].CCCC[n+]1ccn(CCC#N)c1,0.007085236
1-butyl-3-6-hydroxyhexyl-imidazoliumchloride,[Cl-].CCCC[n+]1ccn(CCCCCCO)c1,0.005762071
1-butyl-3-methylimidazolium,CCCC[n+]1ccn(C)c1,0.010246441
1-butyl-3-methylimidazolium_hexafluorophosphate,CCCC[n+]1ccn(C)c1.F[P-](F)(F)(F)(F)F,0.004965093
1-butyl-3-methylimidazolium_tetrafluoroborate,CCCC[n+]1ccn(C)c1.F[B-](F)(F)F,0.006272022
1-butyl-3-methylimidazoliumbromide,[Br-].CCCC[n+]1ccn(C)c1,0.00702792
1-butylamine,CCCCN,0.036922846
1-butylpyridinium_tetrafluoroborate,CCCC[n+]1ccccc1.F[B-](F)(F)F,0.006470909
1-chloro-3-trichloromethylbenzene,Clc1cccc(c1)C(Cl)(Cl)Cl,0.006289552
1-chloro-n-decane,CCCCCCCCCCCl,0.00813666
1-chloro-n-hexadecane,CCCCCCCCCCCCCCCCCl,0.005557834
1-chloro-n-propane,CCCCl,0.017646609
1-chlorobutane,CCCCCl,0.015123313
1-chlorohexane,CCCCCCCl,0.011749003
1-chloronaphthalene,Clc1cccc2ccccc12,0.010041877
1-chloropentane,CCCCCCl,0.013226575
1-chloropropane,CCCCl,0.017672074
1-cyclohexylpiperazine,C1CCC(CC1)N2CCNCC2,0.009514273
1-decanol,CCCCCCCCCCO,0.009078561
1-decene,CCCCCCCCC=C,0.010137592
1-decyl-3-methylimidazolium,CCCCCCCCCC[n+]1ccn(C)c1,0.006426467
1-dodecanethiol,CCCCCCCCCCCCS,0.007206273
1-dodecanol,CCCCCCCCCCCCO,0.007835182
1-ethyl-3-6-hydroxyhexyl-imidazoliumchloride,[Cl-].CC[n+]1ccn(CCCCCCO)c1,0.006449271
1-ethyl-3-methylimidazolium,CC[n+]1ccn(C)c1,0.012796038
1-ethyl-3-methylimidazoliumthiocyanate,CC[n+]1ccn(C)c1.[S-]C#N,0.009072217
1-heptanol,CCCCCCCO,0.012254311
1-hexanol,CCCCCCO,0.013877879
1-hexene,CCCCC=C,0.016468834
1-hexyl-3-methylimidazolium,CCCCCC[n+]1ccn(C)c1,0.008545996
1-hexyl-3-methylimidazoliumchloride,[Cl-].CCCCCC[n+]1ccn(C)c1,0.007421237
1-hydroxy_cyclohexyl_phenyl_ketone,OC1(CCCCC1)C(=O)c2ccccc2,0.007867077
1-iodonaphthalene_sulfur,S.Ic1cccc2ccccc12,0.005899644
1-isopropylnaphthalene,CC(C)c1cccc2ccccc12,0.009943908
1-methoxynaphthalene,COc1cccc2ccccc12,0.010707965
1-methyl-2-pyrrolidone,CN1CCCC1=O,0.01481545
1-methyl-3-octylimidazoliumchloride,[Cl-].CCCCCCCCn1cc[n+](C)c1,0.006471881
1-methylcyclohexene,CC1=CCCCC1,0.015076997
1-methyldecahydronaphthalene,CC1CCCC2CCCCC12,0.009714935
1-methylnaphthalene,Cc1cccc2ccccc12,0.011373162
1-methylpyreneacetonitrile,CC1(CC=C2C=Cc3cccc4ccc1c2c34)CC#N,0.005277536
1-methylpyrrolidin-2-one,CN1CCCC1=O,0.014828564
1-naphthalenecarboxylicacid,OC(=O)c1cccc2ccccc12,0.00847935
1-nitropropane,CCC[N+]([O-])=O,0.015724965
1-nonanol,CCCCCCCCCO,0.045751362
1-octadecene,CCCCCCCCCCCCCCCCC=C,0.005732991
1-octanethiol,CCCCCCCCS,0.009911209
1-octanol,CCCCCCCCO,0.01097281
1-octene,CCCCCCC=C,0.012556142
1-octyl-3-methylimidazolium,CCCCCCCC[n+]1ccn(C)c1,0.00733405
1-pentanol,CCCCCO,0.015988769
1-pentene,CCCC=C,0.019562273
1-pentylamine,CCCCCN,0.016198977
1-phenyl-1-pentanol,CCCCC(O)c1ccccc1,0.008576056
1-propanol,CCCO,0.02326278
1-propyl_alcohol,CCCO,0.023023995
10-undecenoic_acid,OC(=O)CCCCCCCCC=C,0.027132772
120-82-1,Clc1ccc(Cl)c(Cl)c1,0.00866304
123-35-3,CC(C)=CCCC(=C)C=C,0.010782601
12h,OCCCCCCCCCCCC(O)=O,0.018421697
1_1-dichloroethane,CC(Cl)Cl,0.014308812
1_1_1-trichloroethane,CC(Cl)(Cl)Cl,0.010778606
1_1_2-trichloroethane,ClCC(Cl)Cl,0.011029572
1_2-dibromopropane,CC(Br)CBr,0.007529385
1_2-dichlorobenzene,Clc1ccccc1Cl,0.010553454
1_2-dichloroethane,ClCCCl,0.014591754
1_2-dimethoxy_ethane,COCCOC,0.015024078
1_2-ethanediol,OCCO,0.023060998
1_2-pentanediol,CCCC(O)CO,0.013826345
1_2-propanediol,CC(O)CO,0.018804126
1_2_4-trichlorobenzene,Clc1ccc(Cl)c(Cl)c1,0.008652569
1_2_dichloroethane,ClCCCl,0.014551334
1_3-bis2_2_2-trifluoro-ethoxypropan-2-ol,OC(COCC(F)(F)F)COCC(F)(F)F,0.005278322
1_3-butadiene,C=CC=C,0.026417955
1_3-butanediol,CC(O)CCO,0.015960587
1_3-indandione,O=C1CC(=O)c2ccccc12,0.013329228
1_3-propanediol,OCCCO,0.018904002
1_3-xylene,Cc1cccc(C)c1,0.014077877
1_3_5-trimethylbenzene,Cc1cc(C)cc(C)c1,0.01245343
1_4-benzenedithiol,Sc1ccc(S)cc1,0.010193465
1_4-butanediol,OCCCCO,0.016029382
1_4-dioxan,C1COCCO1,0.01614419
1_4-dioxane,C1COCCO1,0.01613965
1_5-pentanediol,OCCCCCO,0.013904118
1_6-dichlorohexane,ClCCCCCCCl,0.009415224
1_6-hexanediol_diacrylate,OCCCCCCO.OC(=O)C=C.OC(=O)C=C,0.005550854
1_8-cineole,CC12CCC(CC1)C(C)(C)O2,0.009449152
1h-pyrazole,[nH]1cccn1,0.020862527
2-2-ethoxyethoxy-ethyl_acrylate,CCOCCOCCOC(=O)C=C,0.007634561
2-acetylcyclohexanone,CC(=O)C1CCCCC1=O,0.010798819
2-amino-1-phenylethanone,NCC(=O)c1ccccc1,0.011955669
2-amino-2-methyl-1-propanol,CC(C)(N)CO,0.01622344
2-aminobenzenethiol,Nc1ccccc1S,0.011666507
2-aminoethanethiol,NCCS,0.019182912
2-aminoethanol,NCCO,0.023806561
2-apb,NCCOB(c1ccccc1)c2ccccc2,0.015548645
2-butanol,CCC(C)O,0.018823442
2-butanone,CCC(C)=O,0.01909558
2-butoxyethanol,CCCCOCCO,0.014046845
2-chloro-3-nitropyridine,[O-][N+](=O)c1cccnc1Cl,0.009177263
2-chlorobutane,CCC(C)Cl,0.015080643
2-chloroethanol,OCCCl,0.017908687
2-chloropropane,CC(C)Cl,0.017544753
2-chlorotoluene,Cc1ccccc1Cl,0.012028226
2-decanone,CCCCCCCCC(C)=O,0.037755409
2-decyloxyethanol,CCCCCCCCCCOCCO,0.007166227
2-dodecanol,CCCCCCCCCCC(C)O,0.007636619
2-ethoxyethanol,CCOCCO,0.015601074
2-ethyl-1-butene,CCC(=C)CC,0.01659894
2-ethyl-1-hexanol,CCCCC(CC)CO,0.010975113
2-ethyl-3-nitrosothiazolidine,CCC1SCCN1N=O,0.011024861
2-ethylhexanal,CCCCC(CC)C=O,0.037437117
2-ethylhexanoic_acid,CCCCC(CC)C(O)=O,0.011788037
2-ethylhexanol,CCCCC(CC)CO,0.010988167
2-ethylhexyl_acetate,CCCCC(CC)COC(C)=O,0.035409943
2-furaldehyde,O=Cc1occc1,0.015860956
2-furylethylene,C=Cc1occc1,0.053127623
2-heptanol,CCCCCC(C)O,0.012219889
2-heptanone,CCCCCC(C)=O,0.046414685
2-hexanol,CCCCC(C)O,0.013848518
2-hexanone,CCCCC(C)=O,0.01398748
2-hexyloxyethanol,CCCCCCOCCO,0.009772277
2-hydroxybenzaldehyde,Oc1ccccc1C=O,0.012880457
2-hydroxyethyl_acrylate,OCCOC(=O)C=C,0.012476747
2-hydroxyethylacrylate,OCCOC(=O)C=C,0.012470288
2-hydroxyethylammonium_formate,[NH3+]CCO.[O-]C=O,0.013576824
2-hydroxylethylacrylate,OCCOC(=O)C=C,0.012444452
2-iodo-4-methylphenol,Cc1ccc(O)c(I)c1,0.006550702
2-me,OCCS,0.038906522
2-methoxyethanol,COCCO,0.018424338
2-methyl-1-butanol,CCC(C)CO,0.038116846
2-methyl-1-pentene,CCCC(C)=C,0.016539531
2-methyl-1-propanol,CC(C)CO,0.018819395
2-methyl-2-butanol,CCC(C)(C)O,0.015909132
2-methyl-2-butene,CC=C(C)C,0.019776146
2-methyl-2-propanol,CC(C)(C)O,0.018708093
2-methyl-thiophene,Cc1sccc1,0.015483345
2-methyl_pentane,CCCC(C)C,0.015908933
2-methylaminoethanol,CNCCO,0.019158312
2-methylbenzothiophene,Cc1sc2ccccc2c1,0.011461917
2-methylbutane,CCC(C)C,0.018766199
2-methylbutylammonium_formate,CCC(C)C[NH3+].[O-]C=O,0.010898634
2-methylbutyraldehyde,CCC(C)C=O,0.016160866
2-methylfuran,Cc1occc1,0.017466079
2-methylnaphthalene,Cc1ccc2ccccc2c1,0.011265744
2-methylpropenal,CC(=C)C=O,0.020173774
2-methylpropylammonium_formate,CC(C)C[NH3+].[O-]C=O,0.012181531
2-methyltetrahydrofuran,CC1CCCO1,0.016323403
2-n-butylaminoethanol,CCCCNCCO,0.012330193
2-naphthol,Oc1ccc2ccccc2c1,0.008947584
2-nitrophenol,Oc1ccccc1[N+]([O-])=O,0.03738049
2-nitrophenyl2-methylpropanoate,CC(C)(C([O-])=O)c1ccccc1[N+]([O-])=O,0.006875832
2-octanol,CCCCCCC(C)O,0.010949774
2-octyloxyethanol,CCCCCCCCOCCO,0.008233688
2-pentanol,CCCC(C)O,0.01691038
2-pentanone,CCCC(C)=O,0.016129519
2-pentyloxyethanol,CCCCCOCCO,0.01076375
2-phenoxyethylacrylate,C=CC(=O)OCCOc1ccccc1,0.007907853
2-phenylethanol,OCCc1ccccc1,0.035606997
2-phenylnaphthalene,c1ccc(cc1)c2ccc3ccccc3c2,0.008067674
2-picoline,Cc1ccccn1,0.016089403
2-propanol,CC(C)O,0.022916667
2-propoxyethanol,CCCOCCO,0.013576703
2-pyrrolidone,O=C1CCCN1,0.017395953
2-thiophenecarboxaldehyde,O=Cc1sccc1,0.014161012
2-thiophenemethanol,OCc1sccc1,0.013690231
2_2-dimethylbutane,CCC(C)(C)C,0.015883404
2_2_2-trifluoroethanol,OCC(F)(F)F,0.012849989
2_2_4-trimethylpentane,CC(C)CC(C)(C)C,0.012231861
2_3-butanediol,CC(O)C(C)O,0.015940614
2_3-butylene_glycol,CC(O)C(C)O,0.015915093
2_3-dehydro-1_8-cineole,CC12CCC(C=C1)C(C)(C)O2,0.026274821
2_3-dimethyl-1-butene,CC(C)C(C)=C,0.016634586
2_3-dimethyl-2-butene,CC(C)=C(C)C,0.016777168
2_3-heptanedione,CCCCC(=O)C(C)=O,0.016774465
2_3-octanedione,CCCCCC(=O)C(C)=O,0.052040113
2_3_3-trimethyl-1-butene,CC(=C)C(C)(C)C,0.01428877
2_4-dichlorotoluene,Cc1ccc(Cl)cc1Cl,0.009625476
2_4-dimethyl-2-pentene,CC(C)C=C(C)C,0.014298954
2_4-dimethyl-3-pentanone,CC(C)C(=O)C(C)C,0.012260483
2_4_4-trimethyl-2-pentene,CC(C)=CC(C)(C)C,0.012618521
2_4_6-tca,Nc1c(Cl)cc(Cl)cc1Cl,0.01689877
2_6-dichlorotoluene,Cc1c(Cl)cccc1Cl,0.009625476
3-6-hydroxyhexyl-1-methylimidazoliumchloride,[Cl-].C[n+]1ccn(CCCCCCO)c1,0.006858747
3-6-hydroxyhexyl-imidazoliumchloride,[Cl-].OCCCCCCn1cc[nH+]c1,0.007322387
3-buten-2-one,CC(=O)C=C,0.020159507
3-chloro-2-methylanisole,COc1cccc(Cl)c1C,0.009066994
3-dimethylaminoacrolein,CN(C)C=CC=O,0.015978534
3-dimethylaminophenol,CN(C)c1cccc(O)c1,0.011586797
3-ethyltetrahydrofuran,CCC1CCOC1,0.014886033
3-furancarboxaldehyde,O=Cc1cocc1,0.01555914
3-heptanol,CCCCC(O)CC,0.012219889
3-heptanone,CCCCC(=O)CC,0.012313028
3-hexanone,CCCC(=O)CC,0.037839079
3-hydroxy-2-butanone,CC(O)C(C)=O,0.0160829
3-hydroxy-3-methylbutanoicacid,CC(C)(O)CC(O)=O,0.012766228
3-methoxy-1-propyne,COCC#C,0.021450686
3-methoxy_propionitrile,COCCC#N,0.016485324
3-methoxybenzaldehyde,COc1cccc(C=O)c1,0.011406537
3-methyl-1-butanol,CC(C)CCO,0.015951787
3-methyl-1-butene,CC(C)C=C,0.019448207
3-methyl-1-pentene,CCC(C)C=C,0.016444476
3-methyl-2-butanone,CC(C)C(C)=O,0.016114426
3-methyl-2_5-furandione,CC1=CC(=O)OC1=O,0.013124086
3-methylbenzaldehyde,Cc1cccc(C=O)c1,0.012825528
3-methylbutanal,CC(C)CC=O,0.016137646
3-methylbutanoic_acid,CC(C)CC(O)=O,0.034758599
3-methylbutanoic_acid_ethyl_ester,CCOC(=O)CC(C)C,0.034565663
3-methylpentane,CCC(C)CC,0.015942004
3-methyltetrahydrofuran,CC1CCOC1,0.017333457
3-nitrobenzanthrone,[O-][N+](=O)c1ccc2c3ccccc3C(=O)c4cccc1c24,0.010898668
3-nitrophenol,Oc1cccc(c1)[N+]([O-])=O,0.041693624
3-pentanone,CCC(=O)CC,0.016160866
3-penten-2-one,CC=CC(C)=O,0.047552248
3-picoline,Cc1cccnc1,0.016163708
3-pyridinecarboxamide,NC(=O)c1cccnc1,0.012003898
3_3-dimethyl-1-butene,CC(C)(C)C=C,0.016349421
3_3-dimethyl-2-butanone,CC(=O)C(C)(C)C,0.013927577
3_4-dichlorotoluene,Cc1ccc(Cl)c(Cl)c1,0.009625476
3mpa,OC(=O)CCS,0.028262959
4-1-ethylpropylpyridine,CCC(CC)c1ccncc1,0.009442028
4-acetylbutyric_acid,CC(=O)CCCC(O)=O,0.011103171
4-bromo-3-fluoroaniline,Nc1ccc(Br)c(F)c1,0.007741494
4-bromo-3-methyl-1h-pyrazole,Cc1n[nH]cc1Br,0.009429697
4-chlorobenzenesulfonothioicacid,O[S](=O)(=S)c1ccc(Cl)cc1,0.006750171
4-dibutylaminobenzaldehyde,CCCCN(CCCC)c1ccc(C=O)cc1,0.006800797
4-heptanone,CCCC(=O)CCC,0.036869023
4-hydroxy-2mercapto-6-propylpyrimidine,CCCc1cc(O)nc(S)n1,0.007859631
4-hydroxybenzaldehyde,Oc1ccc(C=O)cc1,0.01286408
4-hydroxybenzoic_acid,OC(=O)c1ccc(O)cc1,0.035041485
4-hydroxybutylacrylate,OCCCCOC(=O)C=C,0.010085316
4-mercaptophenol,Oc1ccc(S)cc1,0.011967824
4-methoxybenzylisocyanate,COc1ccc(CN=C=O)cc1,0.008781929
4-methyl-1-pentene,CC(C)CC=C,0.016432594
4-methyl-2-isopropyl-1-pentanol,CC(C)CC(CO)C(C)C,0.011236812
4-methyl-2-nitrophenol,Cc1ccc(O)c(c1)[N+]([O-])=O,0.010278378
4-methyl-2-oxovaleric_acid,CC(C)CC(=O)C(O)=O,0.052250217
4-methyl-2-pentanol,CC(C)CC(C)O,0.036701019
4-methyl-2-pentanone,CC(C)CC(C)=O,0.013957528
4-methylacetophenone,CC(=O)c1ccc(C)cc1,0.011432575
4-methylbenzaldehyde,Cc1ccc(C=O)cc1,0.012858819
4-methylthiobenzaldehyde,CSc1ccc(C=O)cc1,0.010813439
4-nitrophenol,Oc1ccc(cc1)[N+]([O-])=O,0.019409101
4-nitrothioanisole,CSc1ccc(cc1)[N+]([O-])=O,0.009692976
4-oxopentanoic_acid,CC(=O)CCC(O)=O,0.012401392
4-pentenoic_acid,OC(=O)CCC=C,0.019976627
4-picoline,Cc1ccncc1,0.016137401
4-terpineol,CC(C)C1(O)CCC(=CC1)C,0.009520074
4_4’-oxydianiline,Nc1ccc(Oc2ccc(N)cc2)cc1,0.00843134
4_pa,OC(=O)CCC=C,0.013284457
4pb,ONC(=O)CCC[P](O)(O)=O,0.012397597
5-bromo-2-nitropyridine,[O-][N+](=O)c1ccc(Br)cn1,0.006423804
5-hexen-2-one,CC(=O)CCC=C,0.014448011
5-ht,NCCc1c[nH]c2ccc(O)cc12.OC(=O)\C=C/C(O)=O,0.010263744
5-hydroxymethylfurfural,OCc1oc(C=O)cc1,0.044008849
5-methyl-23h-furanone,CC1=CCC(=O)O1,0.014760298
5-methyl-25h-furanone,CC1OC(=O)C=C1,0.014729717
5-methylbenzotriazole,Cc1ccc2[nH]nnc2c1,0.01261697
5-nitrofurfurylalcohol,OCc1oc(cc1)[N+]([O-])=O,0.011055361
56-81-5,OCC(O)CO,0.015961952
5989-27-5,CC(=C)[C@@H]1CCC(=CC1)C,0.010811961
5ni,[O-][N+](=O)c1ccc2[nH]ncc2c1,0.010665947
6-acetyl_glucose,CC(=O)C(O)[C@@H](O)[C@@H](O)[C@H](O)[C@@H](O)C=O,0.013501775
6196-95-8,CC(c1ccccc1)c2ccc(C)c(C)c2,0.007441042
7-methyl-3-octanone,CCC(=O)CCCC(C)C,0.010368246
8-hydroxyquinolinium_2-carboxy-6-nitrophthalate_monohydrate,O.OC(=O)C1(C=CC=C(C1C([O-])=O)[N+]([O-])=O)C([O-])=O.Oc2cccc3ccc[nH+]c23.Oc4cccc5ccc[nH+]c45,0.002104366
9-methylanthracene,Cc1c2ccccc2cc3ccccc13,0.008820822
9-octadecene,CCCCCCCCC=CCCCCCCCC,0.005731011
94-13-3,CCCOC(=O)c1ccc(O)cc1,0.008351692
9_9-bis4-hydroxyphenylfluorene,Oc1ccc(cc1)C2(c3ccc(O)cc3)c4ccccc4c5ccccc25,0.004740067
_methyl_methacrylate_,CC=C(C)C([O-])=O,0.015038997
abn,NCc1ccccc1,0.018664377
abs,C=CC=C.C=CC#N.C=Cc1ccccc1,0.007379276
abts,[NH4+].[NH4+].CCN1/C(Sc2cc(ccc12)[S]([O-])(=O)=O)=N/N=C/3Sc4cc(ccc4N3CC)[S]([O-])(=O)=O,0.008602245
acac,CC(=O)CC(C)=O,0.014483055
acacetin,COc1ccc(cc1)C2=CC(=O)c3c(O)cc(O)cc3O2,0.003623354
acenaphthene,C1Cc2cccc3cccc1c23,0.01040775
acenaphthylene,c1cc2cccc3C=Cc(c1)c23,0.023785119
acetal,CCOC(C)OCC,0.06769564
acetaldehyde,CC=O,0.068099789
acetaminophen,CC(=O)Nc1ccc(O)cc1,0.010372771
acetate,CC([O-])=O,0.025066052
acetazolamide,CC(=O)Nc1sc(nn1)[S](N)(=O)=O,0.013498252
acetic_acid,CC(O)=O,0.022846866
aceticacid,CC(O)=O,0.022845201
aceticanhydride,CC(=O)OC(C)=O,0.013615571
aceton,CC(C)=O,0.023393595
acetone,CC(C)=O,0.02339876
acetone-methylene_diiodide,CC(C)=O.ICI,0.004786524
acetonitrile,CC#N,0.032740604
acetophenone,CC(=O)c1ccccc1,0.012752703
acetylacetone,CC(=O)CC(C)=O,0.014477062
acetyliodide,CC(I)=O,0.009115087
acf,C[n+]1c2cc(N)ccc2cc3ccc(N)cc13.Nc4ccc5cc6ccc(N)cc6nc5c4,0.003713622
acid_chloride,CCCC(C)c1ccc(OCC(Cl)=O)c(c1)C(C)CCC,0.012851238
acl,CC(=O)[C@@H](N)CCCN=C(N)N,0.017418366
acn,CC#N,0.032640733
acridine_orange,CN(C)c1ccc2cc3ccc(cc3nc2c1)N(C)C,0.00736735
acriflavine,[Cl-].C[n+]1c2cc(N)ccc2cc3ccc(N)cc13.Nc4ccc5cc6ccc(N)cc6nc5c4,0.003091737
acrivastine,Cc1ccc(cc1)C(=C\CN2CCCC2)/c3cccc(\C=C\C(O)=O)n3,0.006026759
acrolein,C=CC=O,0.052261701
acroleine,C=CC=O,0.048159247
acrylonitrile,C=CC#N,0.029586914
active_amyl_alcohol,CCC(C)CO,0.015980147
adipic_acid,OC(=O)CCCCC(O)=O,0.009990283
adipic_acid_monomethyl_ester,COC(=O)CCCCC(O)=O,0.008996747
aether,CCOCC,0.01827368
age,C=CCOCC1CO1,0.012554317
alcohol,CCO,0.032559856
alcohols,CCO,0.032273329
aldosterone,C[C@]12CCC(=O)C=C1CC[C@H]3[C@@H]4CC[C@H](C(=O)CO)[C@]4(C[C@H](O)[C@H]23)C=O,0.015258704
aliquat_336,[Cl-].CCCCCCCC[N+](C)(CCCCCCCC)CCCCCCCC,0.003630925
allergan,[H+].[Cl-].CN(C)CCOC(c1ccccc1)c2ccccc2,0.005037317
allyl_alcohol,OCC=C,0.024310434
alon,CC(C)c1ccc(NC(=O)N(C)C)cc1,0.008677147
alpinetin,COc1cc(O)cc2OC(CC(=O)c12)c3ccccc3,0.004291782
amino-nitro-benzene,Nc1ccccc1[N+]([O-])=O,0.009788164
aminopyrine,CN(C)C1=C(C)N(C)N(c2ccccc2)C1=O,0.017293633
ammonium_acetate,[NH4+].CC([O-])=O,0.017254129
ammonium_acetate-acetic_acid,[NH4+].CC(O)=O.CC([O-])=O,0.03281438
amo,N[C@@H](CC(O)=O)C(=O)O[P](O)(=O)OC[C@H]1O[C@H]([C@H](O)[C@@H]1O)n2cnc3c(N)ncnc23,0.003168856
ampicillin,CC1(C)S[C@@H]2[C@H](NC(=O)[C@H](N)c3ccccc3)C(=O)N2[C@H]1C(O)=O,0.009072384
amt,[H+].[Cl-].CC1CCN=C(N)S1,0.01160928
amyl_alcohol,CCCCCO,0.015975043
amylacetate,CCCCCCC([O-])=O,0.010857028
amylalcohol,CCCCCO,0.015964833
anastrozole,CC(C)(C#N)c1cc(Cn2cncn2)cc(c1)C(C)(C)C#N,0.003681308
anb-nos,[O-][N+](=O)c1ccc(cc1C(=O)ON2C(=O)CCC2=O)N=[N+]=[N-],0.005078537
aniline,Nc1ccccc1,0.017033362
anisodamine,CN1C2C[C@H](O)C1C[C@H](C2)OC(=O)[C@@H](CO)c3ccccc3,0.005201818
anisol,COc1ccccc1,0.014014241
anisole,COc1ccccc1,0.014014241
anthracene,c1ccc2cc3ccccc3cc2c1,0.010020535
anthracite,[O-]Cc1cccc2cc3ccccc3cc12,0.00989134
anthraquinone,O=C1c2ccccc2C(=O)c3ccccc13,0.008334614
ants,[Na+].[Na+].Nc1cc(cc2cc(cc(c12)[S]([O-])(=O)=O)[S]([O-])(=O)=O)[S](O)(=O)=O,0.008459207
aot,[Na+].CCCCC(CC)COC(=O)CC(C(=O)OCC(CC)CCCC)[S]([O-])(=O)=O,0.00315285
apa,NC(=N)c1ccc(CC(O)(O)C(O)=O)cc1,0.015609948
apigenin,Oc1ccc(cc1)C2=CC(=O)c3c(O)cc(O)cc3O2,0.004514506
ar1,Cn1cc(NC=O)nc1C(=O)Nc2cn(C)c(n2)C(=O)Nc3cn(C)c(n3)C(=O)NCC[NH+](C)C,0.003326708
arabitol,OCC(O)C(O)C(O)CO,0.011830742
arachidic_acid,CCCCCCCCCCCCCCCCCCCC(O)=O,0.004639436
arachidicacid,CCCCCCCCCCCCCCCCCCCC(O)=O,0.004639436
arachidonic_acid,CCCCC/C=C\C\C=C/C/C=C\C\C=C/CCCC(O)=O,0.004867411
arginine,N[C@@H](CCCNC(N)=N)C(O)=O,0.009397029
armor,Nc1nc(N)nc(NC2CC2)n1,0.010710761
asparagine,N[C@@H](CC(N)=O)C(O)=O,0.008325827
aspartate,N[C@@H](CC([O-])=O)C([O-])=O,0.022885565
aspirin,CC(=O)Oc1ccccc1C(O)=O,0.01054624
ata,N.N.N.OC(=O)c1cc(ccc1O)C(c2ccc(O)c(c2)C(O)=O)=C3C=CC(=O)C(=C3)C(O)=O,0.002957093
atenolol,CC(C)NCC(O)COc1ccc(CC(N)=O)cc1,0.026282097
ato,CC(=O)CCl,0.018157255
atorvastatin,CC(C)c1n(CC[C@@H](O)C[C@@H](O)CC(O)=O)c(c2ccc(F)cc2)c(c3ccccc3)c1C(=O)Nc4ccccc4,0.001906381
atropine,CN1C2CCC1CC(C2)OC(=O)C(CO)c3ccccc3,0.010367171
aurantia,[O-][N+](=O)c1cc(c(Nc2c(cc(cc2[N+]([O-])=O)[N+]([O-])=O)[N+]([O-])=O)c(c1)[N+]([O-])=O)[N+]([O-])=O,0.003187549
azelaic_acid,OC(=O)CCCCCCCC(O)=O,0.024067197
azelnidipine,CC(C)OC(=O)C1=C(C)NC(=C(C1c2cccc(c2)[N+]([O-])=O)C(=O)OC3CN(C3)C(c4ccccc4)c5ccccc5)N,0.00187074
azithromycin,CC[C@H]1OC(=O)[C@H](C)[C@@H](O[C@H]2C[C@@](C)(OC)[C@@H](O)[C@H](C)O2)C(C)[C@@H](O[C@@H]3O[C@H](C)C[C@@H]([C@H]3O)N(C)C)[C@](C)(O)C[C@@H](C)CN(C)[C@H](C)[C@@H](O)[C@]1(C)O,0.004917516
azo,CO\C=C(C(=O)OC)/c1ccccc1Oc2cc(Oc3ccccc3C#N)ncn2,0.004355543
azobenzene,c1ccc(cc1)N=Nc2ccccc2,0.013911297
azulenylium,c1ccc2cc[c+]c2cc1,0.011795606
azure_a,[Cl-].CN(C)c1ccc2nc3ccc(N)cc3[s+]c2c1,0.004797692
bacteriochlorin,C1Cc2cc3[nH]c(cc3)cc4CCc(cc5[nH]c(cc5)cc1n2)n4,0.004166773
baicalein,Oc1cc2OC(=CC(=O)c2c(O)c1O)c3ccccc3,0.004053804
baicalin,O[C@@H]1[C@@H](O)[C@@H](O[C@@H]([C@H]1O)C(O)=O)Oc2cc3OC(=CC(=O)c3c(O)c2O)c4ccccc4,0.002665986
benzaldehyde,O=Cc1ccccc1,0.014569277
benzene,c1ccccc1,0.019202704
benzenemethanethiol,SCc1ccccc1,0.012198087
benzenesulfinylchloride,Cl[S](=O)c1ccccc1,0.008385992
benzoic_acid,OC(=O)c1ccccc1,0.012315452
benzol,c1ccccc1,0.019184781
benzonitrile,N#Cc1ccccc1,0.014817113
benzothiazole,s1cnc2ccccc12,0.012057016
benzotriazole,[nH]1nnc2ccccc12,0.014522317
benzoxazine,N1Oc2ccccc2C=C1,0.04506196
benzphetamine,CC(Cc1ccccc1)N(C)Cc2ccccc2,0.006481814
benzyl_alcohol,OCc1ccccc1,0.014240799
benzyl_benzoate,O=C(OCc1ccccc1)c2ccccc2,0.00738994
benzyl_n-butyl_phthalate,CCCCOC(=O)c1ccccc1C(=O)OCc2ccccc2,0.004923727
benzylalcohol,OCc1ccccc1,0.014240799
benzyne,c1ccc#cc1,0.017792846
betaxolol,CC(C)NCC(O)COc1ccc(CCOCC2CC2)cc1,0.022769115
bic,NC(=O)[C@@H]1CCN2CC[C@@](N)(Cc3ccccc3)C(=O)N12,0.005063274
bilirubin,CC1=C(C=C)/C(NC1=O)=C/c2[nH]c(Cc3[nH]c(\C=C/4NC(=O)C(=C4C)C=C)c(C)c3CCC(O)=O)c(CCC(O)=O)c2C,0.008466271
biotin,OC(=O)CCCCC1SCC2NC(=O)NC12,0.00613959
biphenyl,c1ccc(cc1)c2ccccc2,0.011831116
bipyridine,c1ccc(nc1)c2ccccn2,0.028811432
bis-gma,CC(=C)C(=O)OCC(O)COc1ccc(cc1)C(C)(C)c2ccc(OCC(O)COC(=O)C(C)=C)cc2,0.003021855
bisdemethoxycurcumin,Oc1ccc(cc1)\C=C\C(=O)CC(=O)/C=C/c2ccc(O)cc2,0.004443248
bisphenol_a,CC(C)(c1ccc(O)cc1)c2ccc(O)cc2,0.007317415
bisphenol_a_diglycidyl_ether,CC(C)(c1ccc(O)cc1)c2ccc(O)cc2.C(OCC3CO3)C4CO4,0.004391324
bisphenol_af,Oc1ccc(cc1)C(c2ccc(O)cc2)(C(F)(F)F)C(F)(F)F,0.004797297
bisthiophene–fluorene,C1c2ccccc2c3ccccc13.s4cccc4.s5cccc5,0.004484184
blue_line,[H+].[Cl-].CN(C)CCN(Cc1sccc1)c2ccccn2,0.00705041
bmimcl,[Cl-].CCCCn1cc[n+](C)c1,0.008816373
bpc-c,BPCC,0.020400152
brij_35,CCCCCCCCCCCCOCCO,0.005837876
brimonidine,Brc1c(NC2=NCCN2)ccc3nccnc13,0.020538098
brinzolamide,CCN[C@H]1CN(CCCOC)[S](=O)(=O)c2sc(cc12)[S](N)(=O)=O,0.007822339
bromcresol_green,Cc1c(Br)c(O)c(Br)cc1C2(O[S](=O)(=O)c3ccccc23)c4cc(Br)c(O)c(Br)c4C,0.001911117
bromfenac,[Na+].Nc1c(CC([O-])=O)cccc1C(=O)c2ccc(Br)cc2,0.018250686
bromobenzene,Brc1ccccc1,0.009770715
bromocresol_green,Cc1c(Br)c(O)c(Br)cc1C2(O[S](=O)(=O)c3ccccc23)c4cc(Br)c(O)c(Br)c4C,0.003524249
bromodecane,CCCCCCCCCCBr,0.004837645
bromoethane,CCBr,0.013077474
bromonaphthalene,Brc1cccc2ccccc12,0.008016613
butadiene,C=CC=C,0.026436442
butan-1-ol,CCCCO,0.018875383
butan-2-ol,CCC(C)O,0.01886459
butanal,CCCC=O,0.019235303
butane,CCCC,0.023300186
butanenitrile,CCCC#N,0.020026915
butanoic_acid,CCCC(O)=O,0.077179761
butanol,CCCCO,0.018874034
butanone,CCC(C)=O,0.019124357
butanoylbromide,CCCC(Br)=O,0.010569326
butyl3-bromopropanoate,CCCCOC(=O)CCBr,0.006242019
butyl_4-hydroxybenzoate,CCCCOC(=O)c1ccc(O)cc1,0.008237656
butyl_acetate,CCCCOC(C)=O,0.012260675
butyl_butanoate,CCCCOC(=O)CCC,0.009671391
butyl_ether,CCCCOCCCC,0.010725557
butyl_ethyl_ether,CCCCOCC,0.013523591
butyl_laurate,CCCCCCCCCCCC(=O)OCCCC,0.005602309
butyl_levulinate,CCCCOC(=O)CCC(C)=O,0.008998757
butyl_methacrylate,CCCCOC(=O)C(C)=C,0.010001547
butylacetate,CCCCOC(C)=O,0.012269284
butylacrylate,CCCCOC(=O)C=C,0.011055543
butylamine,CCCCN,0.019051395
butylammonium_formate,CCCC[NH3+].[O-]C=O,0.012192441
butylbenzene,CCCCc1ccccc1,0.011099522
butylchloride,CCCCCl,0.015145459
butylcyclohexane,CCCCC1CCCCC1,0.010271619
butylene_glycol,OCCCCO,0.016040478
butyleneglycol,OCCCCO,0.011285813
butylethanoate,CCCCOC(C)=O,0.011921488
butylether,CCCCOCCCC,0.010734771
butylethylether,CCCCOCC,0.013523591
butyllaurate,CCCCCCCCCCCC(=O)OCCCC,0.005602309
butyrate,CCCC([O-])=O,0.016684654
butyric_acid,CCCC(O)=O,0.015862711
butyricacid,CCCC(O)=O,0.015862711
butyronitrile,CCCC#N,0.019969034
c-c,CC,0.219487862
c10,CCCCCCCCCCOCCOCCOCCOCCOCCOCCO,0.013014579
c10e8,CCCCCCCCCCOCCOCCOCCOCCOCCOCCOCCOCCO,0.015664498
c20,CC(C)[C@H](NC(C)=O)C(=O)N[C@@H](Cc1ccccc1)[C@@H](O)CN(CC2CCCCC2)NC(=O)[C@@H](NC(C)=O)C(C)C,0.00250288
c2h5oh,CCO,0.029520936
c2h6,CC,0.065181244
c60,CCCCNC(=O)[C@@H](CC(=O)[C@H](CC1CCCCC1)NC(=O)[C@H](Cc2[nH]cnc2)NC(=O)[C@H](Cc3ccccc3)C[S](=O)(=O)C(C)(C)C)C(C)C,0.002129083
c8,CC[C@H](C)[C@H](NC(=O)[C@H](Cc1c[nH]c2ccccc12)NC(=O)CNC(=O)[C@@H](NC(=O)[C@H](Cc3c[nH]c4ccccc34)NC(=O)[C@H](CC(O)=O)NC(=O)[C@H](CCC(O)=O)NC(=O)[C@H](Cc5c[nH]c6ccccc56)NC(C)=O)C(C)C)C(N)=O,0.001591149
caffeic_acid,OC(=O)\C=C/c1ccc(O)c(O)c1,0.029113172
calix_4_arene,Oc1c2Cc3cccc(Cc4cccc(Cc5cccc(Cc1ccc2)c5O)c4O)c3O,0.003592496
calixarene,COC(=O)COc1c2Cc3cc(cc(Cc4cc(cc(Cc5cc(cc(Cc1cc(c2)C(C)(C)C)c5OCC(=O)OC)C(C)(C)C)c4OCC(=O)OC)C(C)(C)C)c3OCC(=O)OC)C(C)(C)C,0.001568535
campesterol,CC(C)C(C)CCC(C)C1CCC2C3CC=C4CC(O)CCC4(C)C3CCC12C,0.007474588
camphene,CC1(C)C2CCC(C2)C1=C,0.01069452
camphor,CC1(C)C2CCC1(C)C(=O)C2,0.010156532
camphoric_acid,CC1(C)C(CCC1(C)C(O)=O)C(O)=O,0.009988314
camptothecin,CC[C@@]1(O)C(=O)OCC2=C1C=C3N(Cc4cc5ccccc5nc34)C2=O,0.004334621
caprate,CCCCCCCCCC([O-])=O,0.008388999
capric_acid_triglyceride,CCCCCCCCCC(=O)OCC(COC(=O)CCCCCCCCC)OC(=O)CCCCCCCCC,0.010453219
caprolactam,O=C1CCCCCN1,0.027454047
caprylic_acid_triglyceride,CCCCCCCC(=O)OCC(COC(=O)CCCCCCC)OC(=O)CCCCCCC,0.004249072
captopril,C[C@H](CS)C(=O)N1CCC[C@H]1C(O)=O,0.018408578
carbazole,[nH]1c2ccccc2c3ccccc13,0.017941403
cardamonin,COc1cc(O)cc(O)c1C(=O)\C=C\c2ccccc2,0.004698761
carmoisine,[Na+].[Na+].[O-][S](=O)(=O)c1ccc(N\N=C\2C=C(c3ccccc3C2=O)[S]([O-])(=O)=O)c4ccccc14,0.002149523
carnitine,C[N+](C)(C)CC(O)CC([O-])=O,0.012406871
carteolol,CC(C)(C)NCC(O)COc1cccc2NC(=O)CCc12,0.023941528
carvacrol,CC(C)c1ccc(C)c(O)c1,0.010131739
carvone,CC(=C)[C@H]1CC=C(C)C(=O)C1,0.009965318
catechin,O[C@H]1Cc2c(O)cc(O)cc2O[C@@H]1c3ccc(O)c(O)c3,0.004983274
cbn,ClCC#CCOC(=O)Nc1cccc(Cl)c1,0.008198246
cbp,ONC(=O)CC1(CCOCC1)[S](=O)(=O)c2ccc(Oc3ccc(Cl)cc3)cc2,0.004109042
cbz,O=COCc1ccccc1,0.010210797
ccm,CC1(CCCC1)C([O-])=O,0.009299089
cco,CCO,0.031545074
cdc,C[N+](C)(C)CCO[P]([O-])(=O)O[P](O)(=O)OC[C@H]1O[C@H]([C@H](O)[C@@H]1O)N2C=CC(=NC2=O)N,0.003199598
cefamandole,Cn1nnnc1SCC2=C(N3[C@H](SC2)[C@H](NC(=O)[C@H](O)c4ccccc4)C3=O)C(O)=O,0.002408581
cefpodoxime,[Na+].COCC1=C(N2[C@H](SC1)[C@H](NC(=O)C(=N/OC)\c3csc(N)n3)C2=O)C([O-])=O,0.008343605
cephalothin,CC(=O)OCC1=C(N2[C@H](SC1)[C@H](NC(=O)Cc3sccc3)C2=O)C(O)=O,0.015386711
cetyl_palmitate,CCCCCCCCCCCCCCCCOC(=O)CCCCCCCCCCCCCCC,0.002994622
cf3ch2oh,OCC(F)(F)F,0.012901968
ch2cch3cooch2ch2cf2ncf3,C.C.C[FH].CCCOOC.NC[FH],
ch3ch2oh,CCO,0.029542643
ch3cn,CCN,0.029765998
ch3cooh,CCOO,0.022098344
chalcone,O=C(C=Cc1ccccc1)c2ccccc2,0.010760588
chb,OC(=O)c1ccc(O)c(Cl)c1,0.008645917
chelating_agents,OC(=O)CN(CCN(CC(O)=O)CC(O)=O)CC(O)=O,0.006843596
chitin,CC(=O)NC1[C@H](O)OC(CO)[C@@H](COC[C@@H]2OC(CO)[C@@H](COC[C@@H]3OC(CO)[C@@H](O)[C@@H](O)C3NC(C)=O)[C@@H](O)C2NC(C)=O)[C@H]1O,0.002281686
chlorbenzene,Clc1ccccc1,0.013540454
chloro-benzene,Clc1ccccc1,0.013546673
chlorobenzene,Clc1ccccc1,0.013418385
chlorobutane,CCCCCl,0.016420184
chlorocurcumin,COc1cc(ccc1O)/C=C/C(=O)CC(=O)/C=C/c2ccc(O)c(OCCl)c2,0.003475411
chlorogenic_acid,O[C@@H]1C[C@](O)(C[C@@H](OC(=O)\C=C\c2ccc(O)c(O)c2)[C@@H]1O)C(O)=O,0.005164954
chloromethane,CCl,0.029297061
chloronaphthalene,Clc1cccc2ccccc12,0.009522258
chlorophyll_a,[Mg++].CCc1c(C)c2cc3[n-]c(cc4nc([C@@H](CCC(=O)OC\C=C(C)\CCCC(C)CCCC(C)CCCC(C)C)[C@@H]4C)c5C(C(=O)OC)C(=O)c6c(C)c([n-]c56)cc1n2)c(C)c3C=C,0.001678774
chloroquine,CCN(CC)CCCC(C)Nc1ccnc2cc(Cl)ccc12,0.005970989
cho,C[C@H](CCC(N)=O)[C@H]1CC[C@H]2[C@@H]3C(O)C[C@@H]4C[C@H](O)CC[C@]4(C)[C@H]3CC[C@]12C,0.003953054
cholesterol,CC(C)CCC[C@@H](C)[C@H]1CC[C@H]2[C@@H]3CC=C4C[C@@H](O)CC[C@]4(C)[C@H]3CC[C@]12C,0.009181098
choline,C[N+](C)(C)CCO,0.028510267
choline_chloride,[Cl-].C[N+](C)(C)CCO,0.017904975
chrysene,c1ccc2c(c1)ccc3c4ccccc4ccc23,0.007827626
chrysin,Oc1cc(O)c2C(=O)C=C(Oc2c1)c3ccccc3,0.008234706
cil,CCC/C=C(NC(=O)[C@H]1CC1(C)C)/C(O)=O,0.006728721
cimetidine,CN=C(NCCSCc1nc[nH]c1C)NC#N,0.031702378
cinchonidine,OC(C1CC2CCN1CC2C=C)c3ccnc4ccccc34,0.004619597
cinnamaldehyde,O=CC=Cc1ccccc1,0.0120319
cinnamic_acid,OC(=O)C=Cc1ccccc1,0.013498829
cinnamic_alcohol,OC/C=C/c1ccccc1,0.013377752
cinnamic_aldehyde,O=C/C=C/c1ccccc1,0.009458089
cip,CN1CC[N+](=C1Cl)C.F[P-](F)(F)(F)(F)F,0.005456556
ciprofloxacin,OC(=O)C1=CN(C2CC2)c3cc(N4CCNCC4)c(F)cc3C1=O,0.009618617
circadin,COc1ccc2[nH]cc(CCNC(C)=O)c2c1,0.022235807
cis-3-hexene,CC\C=C/CC,0.016575176
cis-4-octene,CCC\C=C/CCC,0.01260961
cis-5-decene,CCCC\C=C/CCCC,0.010166108
cis-decalin,C1CC[C@@H]2CCCC[C@@H]2C1,0.010704934
citraconic_anhydride,CC1=CC(=O)OC1=O,0.013124086
citral,CC(C)=CCCC(C)=CC=O,0.009626438
citrate,OC(CC([O-])=O)(CC([O-])=O)C([O-])=O,0.007139118
citric_acid,OC(=O)CC(O)(CC(O)=O)C(O)=O,0.007852782
citricacid,OC(=O)CC(O)(CC(O)=O)C(O)=O,0.007103522
citronellal,CC(CCC=C(C)C)CC=O,0.00937421
clenbuterol,CC(C)(C)NCC(O)c1cc(Cl)c(N)c(Cl)c1,0.00393225
clioquinol,Oc1c(I)cc(Cl)c2cccnc12,0.004582621
clonazepam,[O-][N+](=O)c1ccc2NC(=O)CN=C(c3ccccc3Cl)c2c1,0.003325774
cloxacillin,Cc1onc(c2ccccc2Cl)c1C(=O)N[C@H]3[C@H]4SC(C)(C)[C@@H](N4C3=O)C(O)=O,0.007708384
cne,CCOc1ccc(\C=C\C(=O)OC)cc1CC(=O)N[C@@H](C(C)C)C(=O)N[C@@H](CC(O)=O)C(=O)CSCc2c(F)cccc2Cl,0.002283181
cnh,CC(C)(O)C#N,0.014605316
cno,CC(C)(Oc1ccc(CC(=O)Nc2cccc(NC(=O)Cc3ccc(OC(C)(C)C(O)=O)cc3)c2)cc1)C(O)=O,0.002391577
coch2ch2–ch2,[CH2]CCO[CH2],0.032035725
coch2–ch2ch2,[CH2]CCO[CH2],0.032451773
colchicine,COC1=CC=C2C(=CC1=O)[C@H](CCc3cc(OC)c(OC)c(OC)c23)NC(C)=O,0.005282356
conferone,CC1=CCC2C(C)(C)C(=O)CC[C@]2(C)C1COc3ccc4C=CC(=O)Oc4c3,0.003219583
congo_red,[Na+].[Na+].Nc1c(cc(c2ccccc12)[S]([O-])(=O)=O)N=Nc3ccc(cc3)c4ccc(cc4)N=Nc5cc(c6ccccc6c5N)[S]([O-])(=O)=O,0.002178912
coniferaldehyde,COc1cc(/C=C/C=O)ccc1O,0.050508735
coralyne,[Cl-].COc1cc2cc[n+]3c(C)c4cc(OC)c(OC)cc4cc3c2cc1OC,0.002550804
cortisol,C[C@]12CCC(=O)C=C1CC[C@H]3[C@@H]4CC[C@](O)(C(=O)CO)[C@@]4(C)C[C@H](O)[C@H]23,0.018567259
cos,CC(C)(CO[P](O)(=O)O[P](O)(=O)OC[C@H]1O[C@H]([C@H](O)[C@@H]1O[P](O)(O)=O)n2cnc3c(N)ncnc23)[C@@H](O)C(=O)NCCC(=O)NCCSS,0.001940951
coumarin,O=C1Oc2ccccc2C=C1,0.009223716
coumarin_102,CC1=CC(=O)Oc2c3CCCN4CCCc(cc12)c34,0.006031717
creatinine,CN1CC(=O)N=C1N,0.025636492
cresyl_violet,[Cl-].CN(C)c1cc2[o+]c3cc(N)c4ccccc4c3nc2cc1C,0.004060902
cristal,OCC(O)CO,0.014550351
ctma,CONC(=O)COc1ccc(Cl)cc1C,0.006583559
cumene,CC(C)c1ccccc1,0.012409002
curcumin,COc1cc(\C=C\C(=O)CC(=O)\C=C\c2ccc(O)c(OC)c2)ccc1O,0.003746081
curcumin–,COc1cc(\C=C\C(=O)CC(=O)\C=C\c2ccc(O)c(OC)c2)ccc1O,0.003176025
cyanine,[Cl-].Nc1ccc2nc3ccc(N)cc3[s+]c2c1,0.00619519
cyanoacrylate,C=CC(=O)OC#N,0.015246258
cyanobiphenyl,N#Cc1ccccc1c2ccccc2,0.032083115
cyclo-hexane,C1CCCCC1,0.01709679
cyclobutane,C1CCC1,0.024274613
cyclodecane,C1CCCCCCCCC1,0.010491196
cycloheptane,C1CCCCCC1,0.014795955
cycloheptene,C1CCC=CCC1,0.015128986
cyclohexane,C1CCCCC1,0.01694589
cyclohexanol,OC1CCCCC1,0.014624455
cyclohexanone,O=C1CCCCC1,0.014905497
cyclohexene,C1CCC=CC1,0.017602805
cyclohexyl_acetate,CC(=O)OC1CCCCC1,0.010142548
cyclohexylacetate,[O-]C(=O)CC1CCCCC1,0.010216729
cyclohexylamine,NC1CCCCC1,0.013390201
cyclohexylbenzene,C1CCC(CC1)c2ccccc2,0.009520155
cyclone,O=C1C(=C(c2ccccc2)C(=C1c3ccccc3)c4ccccc4)c5ccccc5,0.005201858
cyclooctane,C1CCCCCCC1,0.012974977
cyclooctene,C1CCCC=CCC1,0.013344828
cyclopentadiene,C1C=CC=C1,0.063688486
cyclopentan,C1CCCC1,0.020054181
cyclopentane,C1CCCC1,0.0200113
cyclopentanol,OC1CCCC1,0.016848167
cyclopentanone,O=C1CCCC1,0.026547231
cyclosporine,CCC1NC(=O)C(C(O)C(C)C\C=C\C)N(C)C(=O)C(C(C)C)N(C)C(=O)C(CC(C)C)N(C)C(=O)C(CC(C)C)N(C)C(=O)C(C)NC(=O)C(C)NC(=O)C(CC(C)C)N(C)C(=O)C(NC(=O)C(CC(C)C)N(C)C(=O)CN(C)C1=O)C(C)C,0.002727345
cysteamine,NCCS,0.018794069
cysteamine_hydrochloride,Cl.NCCS,0.021124343
c–c,CC,0.09976721
d-aspartate,N[C@H](CC([O-])=O)C([O-])=O,0.010565502
d-glu,N[C@H](CCC(O)=O)C(O)=O,0.009120846
d-limonene,CC(=C)C1CCC(=CC1)C,0.010811961
d-limonène,CC(=C)C1CCC(=CC1)C,0.010811961
d3f,Cc1cc(c(Cl)cc1Cl)[S](=O)(=O)c2c(cc(cc2[N+]([O-])=O)C(F)(F)F)[N+]([O-])=O,0.002953385
daba,CCN(CC)CC(=O)Nc1cccc(OCc2ccccc2)c1,0.00495818
dac,NC1=NC(=O)N(C=N1)C2CC(O)C(CO)O2,0.004951623
daidzein,Oc1ccc(cc1)C2=COc3cc(O)ccc3C2=O,0.00613591
dakar,Cc1c(C[S](=O)c2[nH]c3ccccc3n2)nccc1OCC(F)(F)F,0.004033917
dansylamide,CN(C)c1cccc2c1cccc2[S](N)(=O)=O,0.00540262
dap,Nc1cccc(N)n1,0.013396621
dapi,NC(=N)c1ccc(cc1)c2[nH]c3cc(ccc3c2)C(N)=N,0.005480815
daptomycin,CCCCCCCCCC(=O)N[C@@H](Cc1c[nH]c2ccccc12)C(=O)N[C@@H](CC(N)=O)C(=O)N[C@@H](CC(O)=O)C(=O)NC3C(C)OC(=O)[C@H](CC(=O)c4ccccc4N)NC(=O)[C@@H](NC(=O)[C@@H](CO)NC(=O)CNC(=O)[C@H](CC(O)=O)NC(=O)[C@@H](C)NC(=O)[C@H](CC(O)=O)NC(=O)[C@H](CCCN)NC(=O)CNC3=O)C(C)CC(O)=O,0.00246808
dast,CCN(CC)[S](F)(F)F,0.0170604
datp,Nc1ncnc2n(cnc12)C3CC(O)C(CO[P](O)(=O)O[P](O)(=O)O[P](O)(O)=O)O3,0.003102713
db,O=C1C=C(N2CC2)C(=O)C=C1N3CC3,0.007728625
dbp,CCCCOC(=O)c1ccccc1C(=O)OCCCC,0.006161352
dce,ClCCCl,0.014551334
dcf,OCC1OC(CC1O)n2cnc3[C@H](O)CN=CNc23,0.010064375
dcmp,NC1=NC(=O)N(C=C1)C2CC(O)C(CO[P](O)(O)=O)O2,0.005611672
dcs,Cc1ncc(CO[P](O)(O)=O)c(CN[C@@H]2CONC2=O)c1O,0.004238725
dctp,NC1=NC(=O)N(C=C1)C2CC(O)C(CO[P](O)(=O)O[P](O)(=O)O[P](O)(O)=O)O2,0.00278279
dda,Nc1ncnc2n(cnc12)[C@H]3CC[C@@H](CO)O3,0.006529307
ddab,[Br-].CCCCCCCCCCCC[N+](C)(C)CCCCCCCCCCCC,0.003933902
ddao,CCCCCCCCCCCC[N+](C)(C)[O-],0.008282187
ddoh,OCC(c1ccc(Cl)cc1)c2ccc(Cl)cc2,0.005397616
ddq,CCCCCCCCCC[N+](C)(C)O,0.008387444
dea,OCCNCCO,0.013547562
decahydronaphthalene,C1CCC2CCCCC2C1,0.010661536
decalin,C1CCC2CCCCC2C1,0.01065141
decaline,C1CCC2CCCCC2C1,0.010676002
decan-1-ol,CCCCCCCCCCO,0.009065925
decane,CCCCCCCCCC,0.009909619
decane-1_10-diamine,NCCCCCCCCCCN,0.008704937
decanethiol,CCCCCCCCCCS,0.008373816
decanoic_acid,CCCCCCCCCC(O)=O,0.008417118
decanoicacid,CCCCCCCCCC(O)=O,0.008417118
decanol,CCCCCCCCCCO,0.009078561
decyl_oleate,CCCCCCCCCCOC(=O)CCCCCCC\C=C/CCCCCCCC,0.003432102
decylamine,CCCCCCCCCCN,0.009073369
decylcaprate,CCCCCCCCCCOC(=O)CCCCCCCCC,0.004622798
decylethanoate,CCCCCCCCCCOC(C)=O,0.007097573
decyloleate,CCCCCCCCCCOC(=O)CCCCCCC\C=C/CCCCCCCC,0.003448803
deg,OCCOCCO,0.013663648
degmee,CCOCCOCCO,0.010586175
dekalin,C1CCC2CCCCC2C1,0.010632604
den,CCN(CC)N=O,0.01408892
des,CC\C(c1ccc(O)cc1)=C(\CC)c2ccc(O)cc2,0.005536519
dex,[Cl-].C[C@H](c1[nH]cnc1)c2cccc(C)c2C.[H+],0.006335904
dexamethasone,C[C@@H]1C[C@H]2[C@@H]3CCC4=CC(=O)C=C[C@]4(C)[C@@]3(F)[C@@H](O)C[C@]2(C)[C@@]1(O)C(=O)CO,0.017835894
dha,CC\C=C/C/C=C\C\C=C/C/C=C\C\C=C/C/C=C\CCC(O)=O,0.007001607
di-2-naphthyldisulfide,S(Sc1ccc2ccccc2c1)c3ccc4ccccc4c3,0.004570347
di-_4-n_n-ditolyl-amino-phenyl__cyclohexane,Cc1ccccc1N(c2ccc(cc2)C3(CCCCC3)c4ccc(cc4)N(c5ccccc5C)c6ccccc6C)c7ccccc7C,0.002711808
di-ethyl-hexyl-sebacate,CCCCCCC(CC)(C(CC)CCCCCCC([O-])=O)C([O-])=O,0.004258393
di-ethylether,CCOCC,0.01821297
di-iso-propylether,CC(C)OC(C)C,0.013388532
di-isopropylnaphthalene,CC(C)c1ccc2ccccc2c1C(C)C,0.007262075
di-n-butyl_phthalate,CCCCOC(=O)c1ccccc1C(=O)OCCCC,0.005353011
di-n-butyldiphenyltin,CCCC[Sn](CCCC)(c1ccccc1)c2ccccc2,0.00403456
di-n-butylether,CCCCOCCCC,0.01074245
di-n-propyl_ether,CCCOCCC,0.013488358
di-tert-butyl_peroxide,CC(C)(C)OOC(C)(C)C,0.008890105
diacetonalcohol,CC(=O)CC(C)(C)O,0.012224518
diammonium_hydrogen_citrate,[NH4+].[NH4+].OC(=O)CC(O)(CC([O-])=O)C([O-])=O,0.005880142
diatrizoic_acid,CC(=O)Nc1c(I)c(NC(C)=O)c(I)c(C(O)=O)c1I,0.002373293
dibenzo-p-dioxin,O1c2ccccc2Oc3ccccc13,0.013409774
dibenzo_a_h_anthracene,c1ccc2c(c1)ccc3cc4c(ccc5ccccc45)cc23,0.014010936
dibenzyl_ether,C(OCc1ccccc1)c2ccccc2,0.007666507
dibenzylether,C(OCc1ccccc1)c2ccccc2,0.007875823
dibk,CC(C)CC(=O)CC(C)C,0.009939048
dibromobenzene,Brc1ccccc1Br,0.006816274
dibutyl_adipate,CCCCOC(=O)CCCCC(=O)OCCCC,0.005558566
dibutyl_azelate,CCCCOC(=O)CCCCCCCC(=O)OCCCC,0.004795982
dibutyl_ether,CCCCOCCCC,0.010723322
dibutyl_phthalate,CCCCOC(=O)c1ccccc1C(=O)OCCCC,0.005356065
dibutyladipate,CCCCOC(=O)CCCCC(=O)OCCCC,0.005558566
dibutylamine,CCCCNCCCC,0.010912826
dibutylazelate,CCCCOC(=O)CCCCCCCC(=O)OCCCC,0.004795982
dibutylether,CCCCOCCCC,0.01074273
dibutylphthalate,CCCCOC(=O)c1ccccc1C(=O)OCCCC,0.005353011
dic,CC(C)N=C=NC(C)C,0.011227942
dicarboxylate,OC(=O)CC(O)=O,0.019219496
dichlorobenzene,Clc1ccccc1Cl,0.011841515
dichloroethane,CC(Cl)Cl,0.014599838
dichloromethan,ClCCl,0.016768512
dichloromethane,ClCCl,0.016766157
dicinnamyl_glutarate,O=C(CCCC(=O)OCC=Cc1ccccc1)OCC=Cc2ccccc2,0.004047294
dicinnamyl_succinate,O=C(CCC(=O)OCC=Cc1ccccc1)OCC=Cc2ccccc2,0.00421216
dicinnamylglutarate,O=C(CCCC(=O)OCC=Cc1ccccc1)OCC=Cc2ccccc2,0.004047294
dicinnamylsuccinate,O=C(CCC(=O)OCC=Cc1ccccc1)OCC=Cc2ccccc2,0.00421216
dicitronellyl_glutarate,CC(CCOC(=O)CCCC(=O)OCCC(C)CCC=C(C)C)CCC=C(C)C,0.003617026
dicitronellyl_succinate,CC(CCOC(=O)CCC(=O)OCCC(C)CCC=C(C)C)CCC=C(C)C,0.003738
diclofenac,OC(=O)Cc1ccccc1Nc2c(Cl)cccc2Cl,0.007074046
diclofenac_sodium,[Na+].[O-]C(=O)Cc1ccccc1Nc2c(Cl)cccc2Cl,0.012573279
dicloxacillin,Cc1onc(c1C(=O)N[C@H]2[C@H]3SC(C)(C)[C@@H](N3C2=O)C(O)=O)c4c(Cl)cccc4Cl,0.007016291
dicyclohexyl,C1CCC(CC1)C2CCCCC2,0.008893739
dicyclohexylphthalate,O=C(OC1CCCCC1)c2ccccc2C(=O)OC3CCCCC3,0.004330799
didodecyl_maleate,CCCCCCCCCCCCOC(=O)\C=C/C(=O)OCCCCCCCCCCCC,0.003224951
didp,CC(C)CCCCCCCOC(=O)c1ccccc1C(=O)OCCCCCCCC(C)C,0.003313393
dien,NCCNCCN,0.01438814
diethanolamine,OCCNCCO,0.014054044
diethoxyethane,CCOC(C)OCC,0.011760425
diethyl_acetamide,CCN(CC)C(C)=O,0.012641523
diethyl_adipate,CCOC(=O)CCCCC(=O)OCC,0.019777503
diethyl_azelate,CCOC(=O)CCCCCCCC(=O)OCC,0.005874408
diethyl_carbonate,CCOC(=O)OCC,0.011705973
diethyl_ether,CCOCC,0.018248047
diethyl_malonate,CCOC(=O)CC(=O)OCC,0.008803202
diethyl_phthalate,CCOC(=O)c1ccccc1C(=O)OCC,0.021936423
diethyl_pimelate,CCOC(=O)CCCCCC(=O)OCC,0.006611891
diethyl_sebacate,CCOC(=O)CCCCCCCCC(=O)OCC,0.005559921
diethyl_succinate,CCOC(=O)CCC(=O)OCC,0.01148132
diethylamine,CCNCC,0.018922873
diethylammonium_acetate,CC[NH2+]CC.CC([O-])=O,0.010720469
diethylammonium_hydrogen_sulfate,CC[NH2+]CC.O[S]([O-])(=O)=O,0.008330841
diethylazelate,CCOC(=O)CCCCCCCC(=O)OCC,0.005874408
diethylbromomalonate,CCOC(=O)C(Br)C(=O)OCC,0.00603727
diethylcarbonate,CCOC(=O)OCC,0.011711475
diethylene_glycol,OCCOCCO,0.013635378
diethylene_glycol_dimethyl_ether,COCCOCCOC,0.010494951
diethyleneglycol,OCCOCCO,0.013192488
diethylenetriamine,NCCNCCN,0.014370596
diethylether,CCOCC,0.018253444
diethylmalonate,CCC(CC)(C([O-])=O)C([O-])=O,0.006671388
diethylphthalate,CCOC(=O)c1ccccc1C(=O)OCC,0.006767459
diethylsebacate,CCOC(=O)CCCCCCCCC(=O)OCC,0.005559921
digeranyl_glutarate,CC(C)=CCCC(/C)=C/COC(=O)CCCC(=O)OC\C=C(/C)CCC=C(C)C,0.003670373
digeranyl_succinate,CC(C)=CCCC(/C)=C/COC(=O)CCC(=O)OC\C=C(/C)CCC=C(C)C,0.003804754
digitoxin,C[C@H]1O[C@H](C[C@H](O)[C@@H]1O)O[C@H]2[C@@H](O)C[C@@H](O[C@@H]2C)O[C@H]3[C@@H](O)C[C@@H](O[C@@H]3C)O[C@H]4CC[C@@]5(C)[C@H](CC[C@@H]6[C@@H]5CC[C@]7(C)[C@@H](CC[C@]67O)C8=CC(=O)OC8)C4,0.001647166
diglycerol,OCC(O)COCC(O)CO,0.008948505
diglyme,COCCOCCOC,0.010478181
digoxin,C[C@H]1O[C@H](C[C@H](O)[C@@H]1O)O[C@H]2[C@@H](O)C[C@@H](O[C@@H]2C)O[C@H]3[C@@H](O)C[C@@H](O[C@@H]3C)O[C@H]4CC[C@@]5(C)[C@H](CC[C@@H]6[C@@H]5C[C@@H](O)[C@]7(C)[C@H](CC[C@]67O)C8=CC(=O)OC8)C4,0.001536592
diheptyl_ether,CCCCCCCOCCCCCCC,0.004790735
diheptylether,CCCCCCCOCCCCCCC,0.005724534
dihexyl_ether,CCCCCCOCCCCCC,0.005493214
dihexylamine,CCCCCCNCCCCCC,0.007717623
dihexylether,CCCCCCOCCCCCC,0.00655794
dihydropyridine,C1NC=CC=C1,0.0202791
diisobutylketone,CC(C)CC(=O)CC(C)C,0.009925339
diisopentyl_ether,CC(C)CCOCCC(C)C,0.006444072
diisopentylether,CC(C)CCOCCC(C)C,0.007671289
diisopropyl_ether,CC(C)OC(C)C,0.013362107
diisopropylamine,CC(C)NC(C)C,0.013664977
diisopropylether,CC(C)OC(C)C,0.013364064
dimethoxycurcumin,COC(OC)Oc1cc(\C=C\C(=O)CC(=O)\C=C\c2ccc(O)c(OC)c2)ccc1O,0.003150988
dimethyl,CC,0.046425008
dimethyl_adipate,COC(=O)CCCCC(=O)OC,0.02296264
dimethyl_azelate,COC(=O)CCCCCCCC(=O)OC,0.032365901
dimethyl_butane,CCCC(C)C,0.015885725
dimethyl_glutarate,COC(=O)CCCC(=O)OC,0.008875032
dimethyl_phthalate,COC(=O)c1ccccc1C(=O)OC,0.007796134
dimethyl_succinate,COC(=O)CCC(=O)OC,0.01368532
dimethyladamantane,CC1C2CC3CC(C2)CC1(C)C3,0.009000438
dimethyladipate,COC(=O)CCCCC(=O)OC,0.008046396
dimethylbenzene,Cc1ccccc1C,0.014128551
dimethylbutane,CCCC(C)C,0.015885725
dimethylglutarate,COC(=O)CCCC(=O)OC,0.008865636
dimethylheptanol,CCCCCCC(C)(C)O,0.024262086
dimethylpentane,CCCCC(C)C,0.013781747
dimethylsuccinate,COC(=O)CCC(=O)OC,0.009716577
din,Oc1ccc2c(O)cccc2c1,0.009789476
din-butyl_ether,CCCCOCCCC,0.010780843
din-pentyl_ether,CCCCCOCCCCC,0.008920618
din-propyl_ether,CCCOCCC,0.01358427
dineryl_glutarate,CC(C)=CCCC(\C)=C/COC(=O)CCCC(=O)OC\C=C(\C)CCC=C(C)C,0.003673339
dineryl_succinate,CC(C)=CCCC(\C)=C/COC(=O)CCC(=O)OC\C=C(\C)CCC=C(C)C,0.003802194
dioctyl_adipate,CCCCCCCCOC(=O)CCCCC(=O)OCCCCCCCC,0.003905967
dioctyl_azelate,CCCCCCCCOC(=O)CCCCCCCC(=O)OCCCCCCCC,0.003517224
dioctyl_ether,CCCCCCCCOCCCCCCCC,0.005076161
dioctyl_sebacate,CCCCCCCCOC(=O)CCCCCCCCC(=O)OCCCCCCCC,0.003398315
dioctyladipate,CCCCCCCCOC(=O)CCCCC(=O)OCCCCCCCC,0.003905967
dioctylamine,CCCCCCCCNCCCCCCCC,0.005971929
dioctylazelate,CCCCCCCCOC(=O)CCCCCCCC(=O)OCCCCCCCC,0.003517224
dioctylether,CCCCCCCCOCCCCCCCC,0.005905621
dioksan,C1COCCO1,0.01614419
diol,C[C@H](O)[C@H]1CC[C@H]2[C@@H]3CC[C@@H]4C[C@H](O)CC[C@]4(C)[C@H]3CC[C@]12C,0.021839715
dioxan,C1COCCO1,0.01613965
dioxane,C1COCCO1,0.01614419
dipa,CC(C)NC(C)C,0.014427875
dipentyl_ether,CCCCCOCCCCC,0.007682977
dipentylether,CCCCCOCCCCC,0.008919986
diphenyl,c1ccc(cc1)c2ccccc2,0.010751433
diphenyl_ether,O(c1ccccc1)c2ccccc2,0.009276721
diphenyl_sulphide,S(c1ccccc1)c2ccccc2,0.00876642
diphenyl_sulphoxide,O=[S](c1ccccc1)c2ccccc2,0.007939568
dipropyl_ether,CCCOCCC,0.013490316
dipropylamine,CCCNCCC,0.01381222
discoid,N[S](=O)(=O)c1cc(C(O)=O)c(NCc2occc2)cc1Cl,0.005139849
disodium_hydrogen_citrate,[Na+].[Na+].OC(=O)CC(O)(CC([O-])=O)C([O-])=O,0.005633516
dithizone,S=C(NNc1ccccc1)N=Nc2ccccc2,0.005344589
diuron,CN(C)C(=O)Nc1ccc(Cl)c(Cl)c1,0.006435062
dma,CC(C)=CCO[P](O)(=O)O[P](O)(O)=O,0.005801895
dmam,CC(C)CC(C)OC(=O)\C=C/C(=O)OC(C)CC(C)C,0.005538053
dmap,CN(C)c1ccncc1,0.01285084
dmc,CC(O)(c1ccc(Cl)cc1)c2ccc(Cl)cc2,0.005333421
dme,C[N+](C)(C)CCCCCCCCCC[N+](C)(C)C,0.027079932
dmm,CC(CCC(C)O[S](C)(=O)=O)O[S](C)(=O)=O,0.004924187
dmpa,C[C@H]1C[C@@H]2[C@H](CC[C@@]3(C)[C@H]2CC[C@]3(OC(C)=O)C(C)=O)[C@@]4(C)CCC(=O)C=C14,0.003751306
dmpe,COc1ccc(CCN)cc1OC,0.007338538
dmpu,OCN1CCCN(CO)C1=O,0.010128111
dnd,Nc1ncnc2n(cnc12)[C@@H]3O[C@H](CO[P](O)(=O)O[P](O)(=O)OC[C@H]4OC([C@H](O)[C@@H]4O)[n+]5cccc(c5)C(O)=O)[C@@H](O)[C@H]3O,0.002479629
doc,C[C@]12CC[C@H]3[C@@H](CCC4=CC(=O)CC[C@]34C)[C@@H]1CC[C@@H]2C(=O)CO,0.006899306
docetaxel,CC(=O)O[C@@]12CO[C@@H]1C[C@H](O)[C@]3(C)[C@@H]2[C@H](OC(=O)c4ccccc4)[C@]5(O)C[C@H](OC(=O)[C@H](O)[C@@H](NC(=O)OC(C)(C)C)c6ccccc6)C(=C([C@@H](O)C3=O)C5(C)C)C,0.001293493
docosahexaenoic_acid,CCCCCCCCCC=CC=CC=CC=CC=CC=CC(O)=O,0.020395987
doda,CCCCCCCCCCCCCCCCCCNCCCCCCCCCCCCCCCCCC,0.002921439
dodecan-4-ol,CCCCCCCCC(O)CCC,0.007727851
dodecane,CCCCCCCCCCCC,0.008342139
dodecanedioic_acid,OC(=O)CCCCCCCCCCC(O)=O,0.018562422
dodecanol,CCCCCCCCCCCCO,0.007650036
dodecyl_laurate,CCCCCCCCCCCCOC(=O)CCCCCCCCCCC,0.003924632
dodecylamine,CCCCCCCCCCCCN,0.007745677
dodecylethanoate,CCCCCCCCCCCCOC(C)=O,0.006241024
dodecyllaurate,CCCCCCCCCCCCOC(=O)CCCCCCCCCCC,0.003924632
domperidone,Clc1ccc2N(C3CCN(CCCN4C(=O)Nc5ccccc45)CC3)C(=O)Nc2c1,0.008945342
dop,CCCCC(CC)COC(=O)c1ccccc1C(=O)OCC(CC)CCCC,0.004261786
dopamine,NCCc1ccc(O)c(O)c1,0.037537292
dopc,CCCCCCCC\C=C/CCCCCCCC(=O)OCC(CO[P]([O-])(=O)OCC[N+](C)(C)C)OC(=O)CCCCCCC\C=C/CCCCCCCC,0.003561756
dope,CCCCCCCC\C=C/CCCCCCCC(=O)OC[C@H](CO[P](O)(=O)OCCN)OC(=O)CCCCCCC\C=C/CCCCCCCC,0.002365439
dorzolamide,CCN[C@H]1C[C@H](C)[S](=O)(=O)c2sc(cc12)[S](N)(=O)=O,0.015410743
dotap,CCCCCCCC\C=C/CCCCCCCC(=O)OCC(C[N+](C)(C)C)OC(=O)CCCCCCC\C=C/CCCCCCCC,0.002352569
dox,[Cl-].COc1cccc2C(=O)c3c(O)c4C[C@](O)(C[C@H](O[C@H]5C[C@H](N)[C@H](O)[C@H](C)O5)c4c(O)c3C(=O)c12)C(=O)CO.[H+],0.00306904
doxo,CC(=O)OCC(=O)C1CCC2C3CCC4=CC(=O)CCC4(C)C3CCC12C,0.008053583
doxorubicin,COc1cccc2C(=O)c3c(O)c4C[C@](O)(C[C@H](O[C@H]5C[C@H](N)[C@H](O)[C@H](C)O5)c4c(O)c3C(=O)c12)C(=O)CO,0.005519525
dph,C[C@@H](Cc1ccccc1)C(N)=O,0.008215905
dpi,[Cl].[I-]1c2ccccc2c3ccccc13.[H],0.004456825
dpp,CC(C)=CCO[P](O)(=O)O[P](O)(O)=O,0.026412886
dppc,Cl[P](=O)(Oc1ccccc1)Oc2ccccc2,0.007556694
dppe,[H+].[Cl-].CCN(CC)CCOc1ccc(Cc2ccccc2)cc1,0.007815529
dpph,[O-][N+](=O)c1cc(c(NN(c2ccccc2)c3ccccc3)c(c1)[N+]([O-])=O)[N+]([O-])=O,0.008043892
dtab,[Br-].CCCCCCCCCCCC[N+](C)(C)C,0.005286235
duloxetine,CNCCC(Oc1cccc2ccccc12)c3sccc3,0.010086644
duran,CN(C)C(=O)Nc1ccc(Cl)c(Cl)c1,0.006319231
durene,Cc1cc(C)c(C)cc1C,0.016688769
dynasan_118,CCCCCCCCCCCCCCCCCC(=O)OCC(COC(=O)CCCCCCCCCCCCCCCCC)OC(=O)CCCCCCCCCCCCCCCCC,0.001613571
e-3-hexen-1-ol,CC/C=C/CCO,0.044927666
edta,OC(=O)CN(CCN(CC(O)=O)CC(O)=O)CC(O)=O,0.00848606
efron,NC(=O)NC(=O)Cc1ccccc1,0.014591085
eg3,N[C@@H](Cc1ccccc1)C(=O)NCCOCCOCCNC(=O)c2ccc(cc2)[S](N)(=O)=O,0.006268662
egcg,Oc1cc(O)c2C[C@@H](OC(=O)c3cc(O)c(O)c(O)c3)[C@H](Oc2c1)c4cc(O)c(O)c(O)c4,0.012653395
egta,OC(=O)CN(CCOCCOCCN(CC(O)=O)CC(O)=O)CC(O)=O,0.014184304
eicosanedioic_acid,OC(=O)CCCCCCCCCCCCCCCCCCC(O)=O,0.008364475
eletriptan,CN1CCC[C@@H]1Cc2c[nH]c3ccc(CC[S](=O)(=O)c4ccccc4)cc23,0.007162856
em,CCC1OC(=O)C(C)C(OC2CC(C)(OC)C(O)C(C)O2)C(C)C(OC3OC(C)CC(C3O)N(C)C)C(C)(O)CC(C)C(=O)C(C)C(O)C1(C)O,0.001975646
entellan,CCCCOC(=O)C(C)=C.COC(=O)C(C)=C,0.006161401
eosin,[Na+].[Na+].[O-]C(=O)c1ccccc1C2=C3C=C(Br)C(=O)C(=C3Oc4c(Br)c([O-])c(Br)cc24)Br,0.002058223
epa,CC/C=C\C\C=C/C/C=C\C\C=C/C/C=C\CCCC(O)=O,0.012166979
epicatechin,O[C@@H]1Cc2c(O)cc(O)cc2OC1c3ccc(O)c(O)c3,0.01033517
epinephrine,CNC[C@H](O)c1ccc(O)c(O)c1,0.020905315
eplerenone,COC(=O)[C@@H]1CC2=CC(=O)CC[C@]2(C)[C@@]34O[C@@H]3C[C@@]5(C)[C@@H](CC[C@@]56CCC(=O)O6)[C@H]14,0.014475341
epoxy_resin,CC(C)(c1ccc(O)cc1)c2ccc(O)cc2.OC(=O)C=C.ClCC3CO3,0.00399665
erlotinib,[H+].[Cl-].COCCOc1cc2ncnc(Nc3cccc(c3)C#C)c2cc1OCCOC,0.009304403
ertapenem,C[C@@H](O)[C@@H]1[C@H]2[C@@H](C)C(=C(N2C1=O)C(O)=O)S[C@@H]3CN[C@@H](C3)C(=O)Nc4cccc(c4)C(O)=O,0.006308843
erythrodiol,CC1(C)CC[C@]2(CO)CC[C@]3(C)C(=CC[C@@H]4[C@@]5(C)CC[C@H](O)C(C)(C)[C@@H]5CC[C@@]34C)[C@@H]2C1,0.00359137
erythromycin,CC[C@H]1OC(=O)[C@H](C)[C@@H](O[C@H]2C[C@@](C)(OC)[C@@H](O)[C@H](C)O2)[C@H](C)[C@@H](O[C@@H]3O[C@H](C)C[C@@H]([C@H]3O)N(C)C)[C@](C)(O)C[C@@H](C)C(=O)[C@H](C)[C@@H](O)[C@]1(C)O,0.002684154
erythrosine,[Na+].[Na+].[O-]C(=O)c1ccccc1C2=C3C=C(I)C(=O)C(=C3Oc4c(I)c([O-])c(I)cc24)I,0.003750601
escor,COC(=O)C1=C(NC(=C(C1c2cccc(c2)[N+]([O-])=O)C(=O)OC(C)C)C)C#N,0.006097941
estane_5703,CCOC(N)=O,0.016712685
estragole,COc1ccc(CC=C)cc1,0.025235316
et,CC[n+]1c2cc(N)ccc2c3ccc(N)cc3c1c4ccccc4,0.009541621
etbe,CCOC(C)(C)C,0.013437466
etbr,[Br-].CC[n+]1c2cc(N)ccc2c3ccc(N)cc3c1c4ccccc4,0.003372929
ethane,CC,0.047888261
ethanol,CCO,0.029542643
ethanolamine,NCCO,0.023721433
ethanol–,CCO,0.029249604
ether,CCOCC,0.018253444
ethyl-alcohol,CCO,0.030832013
ethyl-hexylalcohol,CCCCCC(O)CC,0.010995846
ethyl-lactate,CCOC(=O)C(C)O,0.023448346
ethyl2-phenoxypropanoate,CCOC(=O)C(C)Oc1ccccc1,0.007002008
ethyl4-bromoacetoacetate,CCOC(=O)CC(=O)CBr,0.007310119
ethyl4-methyl-3-oxopentanoate,CCOC(=O)CC(=O)C(C)C,0.00790154
ethyl_acetat,CCOC(C)=O,0.068326788
ethyl_acetate,CCOC(C)=O,0.015575557
ethyl_acetoacetate,CCOC(=O)CC(C)=O,0.010903391
ethyl_alcohol,CCO,0.029560008
ethyl_benzene,CCc1ccccc1,0.01406356
ethyl_benzoate,CCOC(=O)c1ccccc1,0.010014849
ethyl_bromide,CCBr,0.032120111
ethyl_butanoate,CCCC(=O)OCC,0.01188447
ethyl_butyrate,CCCC(=O)OCC,0.011974862
ethyl_cyanide,CCC#N,0.02476398
ethyl_dichloroacetate,CCOC(=O)C(Cl)Cl,0.009159469
ethyl_ester,CCOC(C)=O,0.016543709
ethyl_ether,CCOCC,0.019075051
ethyl_isoamyl_ketone,CCC(=O)CCC(C)C,0.011070975
ethyl_levulinate,CCOC(=O)CCC(C)=O,0.010732552
ethyl_methacrylate,CCOC(=O)C(C)=C,0.01236114
ethyl_propionate,CCOC(=O)CC,0.01353823
ethylacetate,CCOC(C)=O,0.015575557
ethylacetoacetate,CCCC(=O)CC([O-])=O,0.011420219
ethylalcohol,CCO,0.029544813
ethylammonium_acetate,CC[NH3+].CC([O-])=O,0.013819112
ethylammonium_butyrate,CC[NH3+].CCCC([O-])=O,0.010908395
ethylammonium_formate,CC[NH3+].[O-]C=O,0.015946658
ethylammonium_glycolate,CC[NH3+].OCC([O-])=O,0.012004689
ethylammonium_hydrogen_sulfate,CC[NH3+].O[S]([O-])(=O)=O,0.010148501
ethylammonium_lactate,CC[NH3+].CC(O)C([O-])=O,0.010758862
ethylammonium_nitrate,CC[NH3+].[O-][N+]([O-])=O,0.013427755
ethylammonium_propionate,CC[NH3+].CCC([O-])=O,0.012192441
ethylbenzene,CCc1ccccc1,0.013936591
ethylbenzoate,CCOC(=O)c1ccccc1,0.010033494
ethylbutyrate,CCCC(=O)OCC,0.011983471
ethylcyclohexane,CCC1CCCCC1,0.012770015
ethyldichloroacetate,CCC(Cl)(Cl)C([O-])=O,0.009218658
ethylendiamine,NCCN,0.026023295
ethylene-glycol,OCCO,0.02307147
ethylene_carbonate,O=C1OCCO1,0.016181781
ethylene_glycol,OCCO,0.023055359
ethylene_glycol_monophenyl_ether,OCCOc1ccccc1,0.011073636
ethylene_glycol_tetraacetic_acid,CC(O)=O.CC(O)=O.CC(O)=O.CC(O)=O.OCCO,0.017847927
ethylene_propylene,CC=C.C=C,0.01910601
ethylene_vinyl_acetate,CC(=O)OC=C.C=C,0.013141295
ethylenediamine,NCCN,0.026455907
ethyleneglycol,OCCO,0.023068248
ethylethanoate,CCOC(C)=O,0.015474542
ethylether,CCOCC,0.018253444
ethylformate,CCOC=O,0.018358779
ethylhexylalcohol,CCCCCC(O)CC,0.010988167
ethyloxalate,CCOC(=O)C([O-])=O,0.012045012
ethylpentanoate,CCCCC(=O)OCC,0.029803283
ethylpropanate,CCOC(=O)CC,0.033192014
ethylpropionate,CCOC(=O)CC,0.013456473
etoh,CCO,0.029542643
etp,CCc1cc(ccn1)C(N)=S,0.009052686
eucalyptol,CC12CCC(CC1)C(C)(C)O2,0.008881513
eugenol,COc1cc(CC=C)ccc1O,0.009382841
eusolex,c1ccc(cc1)\C=N\N=C\c2ccccc2,0.007067952
fenoprofen,CC(C(O)=O)c1cccc(Oc2ccccc2)c1,0.007388329
ferulic_acid,COc1cc(\C=C\C(O)=O)ccc1O,0.007158086
finesse,COc1nc(C)nc(NC(=O)N[S](=O)(=O)c2ccccc2Cl)n1,0.006805877
fitc,Oc1ccc2c(Oc3cc(O)ccc3C24OC(=O)c5cc(ccc45)N=C=S)c1,0.004571276
flavone,O=C1C=C(Oc2ccccc12)c3ccccc3,0.008334301
flavonoid,Oc1ccc(cc1)C2=CC(=O)c3c(O)c(O)c(O)cc3O2,0.005785375
fluconazole,OC(Cn1cncn1)(Cn2cncn2)c3ccc(F)cc3F,0.022855202
fluocinolone_acetonide,CC1(C)O[C@@H]2C[C@H]3[C@@H]4C[C@H](F)C5=CC(=O)C=C[C@]5(C)[C@@]4(F)[C@@H](O)C[C@]3(C)[C@@]2(O1)C(=O)CO,0.006629922
fluoranthene,c1ccc2c(c1)c3cccc4cccc2c34,0.013843841
fluorene,C1c2ccccc2c3ccccc13,0.010004632
fluorescein,Oc1ccc2c(Oc3cc(O)ccc3C24OC(=O)c5ccccc45)c1,0.004183732
fluorescein_isothiocyanate,Oc1ccc2c(Oc3cc(O)ccc3C24OC(=O)c5cc(ccc45)N=C=S)c1,0.017976928
fluorobenzene,Fc1ccccc1,0.015070132
fmoc-pro-oh,OC(=O)[C@@H]1CCCN1C(=O)OCC2c3ccccc3c4ccccc24,0.024305298
folic_acid,NC1=Nc2ncc(CNc3ccc(cc3)C(=O)N[C@@H](CCC(O)=O)C(O)=O)nc2C(=O)N1,0.017444337
folicacid,NC1=Nc2ncc(CNc3ccc(cc3)C(=O)N[C@@H](CCC(O)=O)C(O)=O)nc2C(=O)N1,0.009265888
forsythiaside,C[C@@H]1O[C@@H](OC[C@H]2O[C@@H](OCCc3ccc(O)c(O)c3)[C@H](O)[C@@H](O)[C@@H]2OC(=O)/C=C/c4ccc(O)c(O)c4)[C@H](O)[C@H](O)[C@H]1O,0.002273484
furan,o1cccc1,0.020876974
furfural,O=Cc1occc1,0.014918562
furfurol,OCc1occc1,0.011818432
furfuryl_alcohol,OCc1occc1,0.016441219
furoic_acid,OC(=O)c1occc1,0.014676493
furoicacid,OC(=O)c1occc1,0.014676493
galangin,Oc1cc(O)c2C(=O)C(=C(Oc2c1)c3ccccc3)O,0.011101243
gallic_acid,OC(=O)c1cc(O)c(O)c(O)c1,0.048436398
gamma-linolenic_acid,CCCCC\C=C/C/C=C\C\C=C/CCCCC(O)=O,0.015084256
gbl,O=C1CCCO1,0.012777326
gdma,SCC(=O)OCCOC(=O)CS,0.00698891
gefitinib,COc1cc2ncnc(Nc3ccc(F)c(Cl)c3)c2cc1OCCCN4CCOCC4,0.002259963
genistein,Oc1ccc(cc1)C2=COc3cc(O)cc(O)c3C2=O,0.004218472
gentamicin,CNC(C)C1CCC(N)C(O1)OC2C(N)CC(N)C(OC3OCC(C)(O)C(NC)C3O)C2O,0.012562735
gentisic_acid,OC(=O)c1cc(O)ccc1O,0.019465225
geranial,CC(C)=CCC\C(C)=C\C=O,0.009554182
geraniol,CC(C)=CCC\C(C)=C\CO,0.009564158
geranyl_acetate,CC(=O)OC\C=C(/C)CCC=C(C)C,0.007427785
germacrene_d,CC(C)[C@@H]\1CCC(=C/CCC(=C)/C=C1)/C,0.026644549
gflx,O.O.O.COc1c(N2CCNC(C)C2)c(F)cc3C(=O)C(=CN(C4CC4)c13)C(O)=O.COc5c(N6CCNC(C)C6)c(F)cc7C(=O)C(=CN(C8CC8)c57)C(O)=O,0.001453696
ghb,[Na+].OCCCC([O-])=O,0.011892582
glu,NC(CCC(O)=O)C(O)=O,0.009603752
glutamate,N[C@@H](CCC([O-])=O)C([O-])=O,0.024360158
glutaraldehyde,O=CCCCC=O,0.013484223
glutaric_acid,OC(=O)CCCC(O)=O,0.010939333
glutathione,N[C@@H](CCC(=O)N[C@@H](CS)C(=O)NCC(O)=O)C(O)=O,0.006605321
gly,NCC(O)=O,0.053685374
glycerine,OCC(O)CO,0.015492866
glycerol,OCC(O)CO,0.015918518
glycerol_triacetate,CC(=O)OCC(COC(C)=O)OC(C)=O,0.00655347
glycerol–,OCC(O)CO,0.015147567
glycerol−,OCC(O)CO,0.015853367
glycidyl_methacrylate,CC(=C)C(=O)OCC1CO1,0.010193171
glycine,NCC(O)=O,0.017808091
glycol,OCCO,0.023103693
glycol_dimethacrylate,CC(=C)C(=O)OCCOC(=O)C(C)=C,0.007305088
glycolaldehyde,OCC=O,0.024598681
glyme,COCCOC,0.066576419
glyoxal,O=CC=O,0.0249328
gma,N[C@H](CCC(O)=O)C(N)=O,0.009921585
gmbs,O=C(CCCN1C(=O)C=CC1=O)ON2C(=O)CCC2=O,0.005209895
gnr,ONC(=O)C[C@H]1Sc2ccccc2NC1=O,0.00461665
golden_yellow,Oc1c2ccccc2c(cc1[N+]([O-])=O)[N+]([O-])=O,0.006213514
gps,N[C@@H](CCC(=O)N[C@@H](CS[C@@H]1[C@@H](O)c2ccccc2c3ccccc13)C(=O)NCC(O)=O)C(O)=O,0.002863062
grilon,CCCCCC(N)=O,0.01215531
gsh,NC(CCC(=O)NC(CS)C(=O)NCC(O)=O)C(O)=O,0.009615134
gst,CC(C)=CCC\C(C)=C\CS[P](O)(=O)O[P](O)(O)=O,0.01356429
hcfc-141b,CC(F)(Cl)Cl,0.011628901
hcnp,OCCn1c(ccc1[N+]([O-])=O)C#N,0.010725859
hcpt,CC[C@@]1(O)C(=O)OCC2=C1C=C3N(Cc4cc5cc(O)ccc5nc34)C2=O,0.002997884
hema,CC(=C)C(=O)OCCO,0.011156958
hepes,OCCN1CCN(CC1)CC[S](O)(=O)=O,0.005593578
heptaldehyde,CCCCCCC=O,0.01237433
heptan-1-ol,CCCCCCCO,0.012254311
heptanal,CCCCCCC=O,0.038445371
heptane,CCCCCCC,0.013847612
heptanoate,CCCCCCC([O-])=O,0.011262667
heptanol,CCCCCCCO,0.012250009
heptanone,CCCCCC(C)=O,0.012341927
heptene,CCCCCC=C,0.014258216
heptylbenzene,CCCCCCCc1ccccc1,0.008431507
heptylmethylether,CCCCCCCOC,0.010792361
hesperetin,COc1ccc(cc1O)[C@@H]2CC(=O)c3c(O)cc(O)cc3O2,0.004267538
hesperidin,COc1ccc(cc1O)[C@@H]2CC(=O)c3c(O)cc(O[C@@H]4O[C@H](CO[C@@H]5O[C@@H](C)[C@H](O)[C@@H](O)[C@H]5O)[C@@H](O)[C@H](O)[C@H]4O)cc3O2,0.002140804
hexadecane,CCCCCCCCCCCCCCCC,0.00633258
hexadecanethiol,CCCCCCCCCCCCCCCCS,0.005655378
hexadecanoic_acid,CCCCCCCCCCCCCCCC(O)=O,0.027297898
hexadecyl_acetate,CCCCCCCCCCCCCCCCOC(C)=O,0.005076911
hexadecylacetate,CCCCCCCCCCCCCCCCCC([O-])=O,0.005094964
hexaethylene_glycol,OCCOCCOCCOCCOCCOCCO,0.007083834
hexan-1-ol,CCCCCCO,0.013880815
hexanal,CCCCCC=O,0.014017432
hexane,CCCCCC,0.015955348
hexanediol_diacrylate,CCCCCC(O)O.OC(=O)C=C.OC(=O)C=C,0.005550854
hexanenitrile,CCCCCC#N,0.014470827
hexanes,CCCCCC,0.01578129
hexanethiol,CCCCCCS,0.01704089
hexanoic_acid,CCCCCC(O)=O,0.032713499
hexanoic_acid_ethyl_ester,CCCCCC(=O)OCC,0.008320967
hexanol,CCCCCCO,0.013877879
hexene,CCCCC=C,0.016492004
hexene-1,CCCCC=C,0.016492004
hexyl,[O-][N+](=O)c1cc(c(Nc2c(cc(cc2[N+]([O-])=O)[N+]([O-])=O)[N+]([O-])=O)c(c1)[N+]([O-])=O)[N+]([O-])=O,0.008601827
hexyl_acetate,CCCCCCOC(C)=O,0.009772283
hexyl_acetoacetate,CCCCCCOC(=O)CC(C)=O,0.007698214
hexylacetate,CCCCCCOC(C)=O,0.009772283
hexylacetoacetate,CCCCCCCC(=O)CC([O-])=O,0.007740104
hexylamine,CCCCCCN,0.013956993
hexylammonium,CCCCCC[NH3+],0.0244616
hexylcaprate,CCCCCCCCCC(=O)OCCCCCC,0.005602699
hfc-134a,FCC(F)(F)F,0.010426835
histodenz,CC(=O)N(CC(O)CO)c1c(I)c(C(=O)NCC(O)CO)c(I)c(C(=O)NCC(O)CO)c1I,0.001778014
hmimcl,[Cl-].CCCCCCn1cc[n+](C)c1,0.007433569
hoggar,CCC(Br)(CC)C(=O)NC(N)=O,0.016448964
homocysteine,N[C@@H](CCS)C(O)=O,0.014934758
hydrochlorothiazide,N[S](=O)(=O)c1cc2c(NCN[S]2(=O)=O)cc1Cl,0.004534081
hydrocortisone,C[C@]12CCC(=O)C=C1CC[C@H]3[C@@H]4CC[C@](O)(C(=O)CO)[C@@]4(C)C[C@H](O)[C@H]23,0.019312156
hydroquinone,Oc1ccc(O)cc1,0.014002107
hydroxyethylmethacrylate,CC(=C)C(=O)OCCO,0.011833137
hyperoside,OC[C@H]1O[C@@H](OC2=C(Oc3cc(O)cc(O)c3C2=O)c4ccc(O)c(O)c4)[C@H](O)[C@@H](O)[C@H]1O,0.003348558
i-butanol,CC(C)CO,0.018832211
i-propanol,CC(C)O,0.022923323
ibuprofen,CC(C)Cc1ccc(cc1)C(C)C(O)=O,0.005623288
indacaterol,CCc1cc2CC(Cc2cc1CC)NCC(O)c3ccc(O)c4NC(=O)C=Cc34,0.007872632
indane,C1Cc2ccccc2C1,0.012963386
indapamide,CC1Cc2ccccc2N1NC(=O)c3ccc(Cl)c(c3)[S](N)(=O)=O,0.004510144
indene,C1C=Cc2ccccc12,0.041923848
indole,[nH]1ccc2ccccc12,0.056508267
indoline,C1Cc2ccccc2N1,0.013314928
indomethacin,COc1ccc2n(c(C)c(CC(O)=O)c2c1)C(=O)c3ccc(Cl)cc3,0.013974561
iodobenzene,Ic1ccccc1,0.007940787
iohexol,CC(=O)N(CC(O)CO)c1c(I)c(C(=O)NCC(O)CO)c(I)c(C(=O)NCC(O)CO)c1I,0.00181333
iso-butanol,CC(C)CO,0.018832211
iso-butylalcohol,CC(C)CO,0.018820069
iso-octane,CCCCCC(C)C,0.012159027
iso-pentane,CCC(C)C,0.018710759
iso-propanol,CC(C)O,0.022875067
iso-propyl_alcohol,CC(C)O,0.022796858
iso-propylalcohol,CC(C)O,0.023113019
iso-propylbenzene,CC(C)c1ccccc1,0.012404842
isoamyl-acetate,CC(C)CCCC([O-])=O,0.030964785
isoamyl_alcohol,CC(C)CCO,0.015938741
isoamylacetate,CC(C)CCCC([O-])=O,0.010537316
isoamylalcohol,CC(C)CCO,0.015961429
isobornyl_acrylate,CC1(C)[C@H]2CC[C@]1(C)C(C2)OC(=O)C=C,0.007076298
isobutanol,CC(C)CO,0.018829513
isobutene,CC(C)=C,0.024773651
isobutyl_acetate,CC(C)COC(C)=O,0.011949036
isobutyl_alcohol,CC(C)CO,0.018820069
isobutylacetate,CC(C)CCC([O-])=O,0.012071002
isobutylalcohol,CC(C)CO,0.018825466
isobutylisobutyrate,CC(C)COC(=O)C(C)C,0.009693927
isobutyraldehyde,CC(C)C=O,0.019055015
isobutyric_acid,CC(C)C(O)=O,0.015812203
isobutyricacid,CC(C)C(O)=O,0.015813906
isoferulic_acid,COc1ccc(\C=C\C(O)=O)cc1O,0.015449105
isolongifolene,CC1(C)CCC=C2C(C)(C)C3CCC12C3,0.004905631
isooctane,CCCCCC(C)C,0.012176973
isopentyl_acetate,CC(C)CCOC(C)=O,0.010739168
isopentylacetate,CC(C)CCCC([O-])=O,0.010829934
isoprene,CC(=C)C=C,0.020875233
isopropanal,CC(C)=O,0.023846419
isopropanol,CC(C)O,0.022916667
isopropyl_acetate,CC(C)OC(C)=O,0.013463327
isopropyl_alcohol,CC(C)O,0.022905019
isopropyl_benzene,CC(C)c1ccccc1,0.012407754
isopropyl_ether,CC(C)OC(C)C,0.013388532
isopropylacetate,CC(C)CC([O-])=O,0.013913375
isopropylalcohol,CC(C)O,0.022921659
isopropylbenzene,CC(C)c1ccccc1,0.012404842
isopropylether,CC(C)OC(C)C,0.027041311
isorhamnetin,COc1cc(ccc1O)C2=C(O)C(=O)c3c(O)cc(O)cc3O2,0.028457148
isovitexin,OC[C@H]1O[C@H]([C@H](O)[C@@H](O)[C@@H]1O)c2c(O)cc3OC(=CC(=O)c3c2O)c4ccc(O)cc4,0.002520925
itaconate,[O-]C(=O)CC(=C)C([O-])=O,0.015614875
itraconazole,CCC(C)N1N=CN(C1=O)c2ccc(cc2)N3CCN(CC3)c4ccc(OC[C@H]5CO[C@@](Cn6cncn6)(O5)c7ccc(Cl)cc7Cl)cc4,0.006022841
kaempferol,Oc1ccc(cc1)C2=C(O)C(=O)c3c(O)cc(O)cc3O2,0.010480752
ketoconazole,CC(=O)N1CCN(CC1)c2ccc(OC[C@H]3CO[C@@](Cn4ccnc4)(O3)c5ccc(Cl)cc5Cl)cc2,0.002991871
ketoprofen,CC(C(O)=O)c1cccc(c1)C(=O)c2ccccc2,0.01010677
ketorolac,OC(=O)C1CCn2c1ccc2C(=O)c3ccccc3,0.015669499
kynurenic_acid,OC(=O)C1=CC(=O)c2ccccc2N1,0.010572501
l-carnitine,C[N+](C)(C)C[C@H](O)CC([O-])=O,0.037220613
lacdinac,CC(=O)N[C@@H](C=O)[C@@H](O)[C@H](O[C@@H]1O[C@H](CO)[C@H](O)[C@H](O)[C@H]1NC(C)=O)[C@H](O)CO,0.005419377
lactate,CC(O)C([O-])=O,0.067362748
lactic_acid,CC(O)C(O)=O,0.074935056
lacticacid,CC(O)C(O)=O,0.024534293
lactose,OCC1OC(OC2C(O)C(O)C(O)OC2CO)C(O)C(O)C1O,0.004086364
lamotrigine,Nc1nnc(c(N)n1)c2cccc(Cl)c2Cl,0.006091466
lap,CCCCCCCCCCCC(O)=O,0.00948473
lapatinib,C[S](=O)(=O)CCNCc1oc(cc1)c2ccc3ncnc(Nc4ccc(OCc5cccc(F)c5)c(Cl)c4)c3c2,0.001807014
latrunculin_a,C[C@H]\1CC[C@@H]2C[C@H](C[C@@](O)(O2)[C@@H]3CSC(=O)N3)OC(=O)\C=C(\C)CC\C=C\C=C1,0.007116442
lauric_acid,CCCCCCCCCCCC(O)=O,0.007138507
lauryl_methacrylate,CCCCCCCCCCCCOC(=O)C(C)=C,0.005667927
lazo,CCc1cccc(CC)c1N(COC)C(=O)CCl,0.007413668
leaf,COC(=O)[C@H]1[C@H](CC2CCC1N2C)OC(=O)c3ccccc3,0.008241088
leron,CC1CCN(CCN=C(N)N)C=C1.O[S](O)(=O)=O,0.004741591
leu,CC(C)CC(N)C(O)=O,0.045549838
leucite,CC(C)CC(O)C[O-],0.012951488
levocabastine,C[C@@H]1CN(CC[C@]1(C(O)=O)c2ccccc2)C3CC[C@@](CC3)(C#N)c4ccc(F)cc4,0.009511852
levofloxacin,C[C@H]1COc2c(N3CCN(C)CC3)c(F)cc4C(=O)C(=CN1c24)C(O)=O,0.010447377
levulinic_acid,CC(=O)CCC(O)=O,0.013278273
lidocaine,CCN(CC)CC(=O)Nc1c(C)cccc1C,0.017068997
light_green,[Cl-].[Cl-].CN(C)c1ccc(cc1)[C+](c2ccc(cc2)N(C)C)c3ccc(cc3)[N+](C)(C)C,0.00340257
limonene,CC(=C)C1CCC(=CC1)C,0.010811961
linalool,CC(C)=CCCC(C)(O)C=C,0.009477936
linarin,COc1ccc(cc1)C2=CC(=O)c3c(O)cc(O[C@@H]4O[C@H](CO[C@@H]5O[C@@H](C)[C@H](O)[C@@H](O)[C@H]5O)[C@@H](O)[C@H](O)[C@H]4O)cc3O2,0.001907012
lincomycin,CCCC1CC(N(C)C1)C(=O)NC(C(C)O)C2OC(SC)C(O)C(O)C2O,0.017218266
linoleic_acid,CCCCC/C=C\C\C=C/CCCCCCCC(O)=O,0.004154009
linoleicacid,CCCCC/C=C\C\C=C/CCCCCCCC(O)=O,0.005239934
liquiritigenin,Oc1ccc(cc1)[C@@H]2CC(=O)c3ccc(O)cc3O2,0.004955962
lissamine,[Na+].[Na+].[Na+].[O-][S](=O)(=O)c1ccc2c(c1)C=C(C(=O)/C2=N/Nc3ccc(c4ccccc34)[S]([O-])(=O)=O)[S]([O-])(=O)=O,0.004632057
listerine,CC1CCC(C(C)C)C(O)C1.CC(C)c2ccc(C)cc2O.CC34CCC(CC3)C(C)(C)O4,0.003290338
ln,CC(=O)N[C@H]1C(O)O[C@H](CO)[C@@H](O[C@@H]2O[C@H](CO)[C@H](O)[C@H](O)[C@H]2O)[C@@H]1O,0.003987218
luciferin,OC(=O)[C@H]1CSC(/N1)=C2/SC3=CC(=O)C=CC3=N2,0.010701673
lumen,CCC1(C(=O)NC(=O)NC1=O)c2ccccc2,0.005769918
lutein,CC(=C\C=C\C=C(C)\C=C\C=C(C)\C=C\C1=C(C)C[C@@H](O)CC1(C)C)/C=C/C=C(C)/C=C/[C@H]2C(=C[C@H](O)CC2(C)C)C,0.002497864
luteolin,Oc1cc(O)c2C(=O)C=C(Oc2c1)c3ccc(O)c(O)c3,0.004751274
luteolin-7-o-glucoside,OC[C@H]1O[C@@H](Oc2cc(O)c3C(=O)C=C(Oc3c2)c4ccc(O)c(O)c4)[C@H](O)[C@@H](O)[C@@H]1O,0.006690753
lutidine,Cc1cccc(C)n1,0.018151107
lys,NCCCCC(N)C(O)=O,0.02797729
lysine,NCCCC[C@H](N)C(O)=O,0.009954374
l−,N[C@@H](CCCN=C(N)N)C(O)=O,0.022961585
m-chloroaniline,Nc1cccc(Cl)c1,0.011671657
m-cresol,Cc1cccc(O)c1,0.014194563
m-hydroxybenzoic_acid,OC(=O)c1cccc(O)c1,0.021719929
m-tolualdehyde,Cc1cccc(C=O)c1,0.012825528
m-toluic_acid,Cc1cccc(c1)C(O)=O,0.011083364
m-xylene,Cc1cccc(C)c1,0.014100294
magenta,[H+].[Cl-].CC1=CC(C=CC1=N)=C(c2ccc(N)cc2)c3ccc(N)cc3,0.004682496
magnesium_acetate,[Mg++].CC([O-])=O.CC([O-])=O,0.007584643
magnesium_phthalocyanine,[Mg++].[n-]1c2nc3nc(nc4[n-]c(nc5nc(nc1c6ccccc26)c7ccccc57)c8ccccc48)c9ccccc39,0.003520595
malic_acid,OC(CC(O)=O)C(O)=O,0.009247727
malicacid,OC(CC(O)=O)C(O)=O,0.010080023
malondialdehyde,O=CCC=O,0.027753493
malonic_acid,OC(=O)CC(O)=O,0.014040803
maltose,OCC1OC(OC2C(O)C(O)C(O)OC2CO)C(O)C(O)C1O,0.012591405
maltotetraose,OCC1OC(OC2C(O)C(O)C(OC2CO)OC3C(O)C(O)C(OC3CO)OC4C(O)C(O)C(O)OC4CO)C(O)C(O)C1O,0.009001184
maltotriose,OCC1OC(OC2C(O)C(O)C(OC2CO)OC3C(O)C(O)C(O)OC3CO)C(O)C(O)C1O,0.009119059
mangiferin,OC[C@H]1O[C@H]([C@H](O)[C@@H](O)[C@@H]1O)c2c(O)cc3Oc4cc(O)c(O)cc4C(=O)c3c2O,0.002917067
mbba,CCCCc1ccc(cc1)N=Cc2ccc(OC)cc2,0.006027183
mbp,CCCCOC(=O)c1ccccc1C(O)=O,0.006507829
mbta,[I-].C[N+](C)(C)Cc1ccc(cc1)N2C(=O)C=CC2=O,0.004337652
mch,CC1=CC(=O)CCC1,0.031092269
mdea,CN(CCO)CCO,0.012253617
mea,NCCS,0.017535514
mecn,CC#N,0.032786885
meg,[Br-].NC([NH3+])=NCCS,0.006922366
meglumine_diatrizoate,CNC[C@H](O)[C@@H](O)[C@H](O)[C@H](O)CO.CC(=O)Nc1c(I)c(NC(C)=O)c(I)c(C(O)=O)c1I,0.001792048
mek,CCC(C)=O,0.019068884
mel,NC(=N)c1ccc(CNC(=O)[C@@H]2CCN2C(=O)[C@H](NCC(O)=O)C3CCCCC3)cc1,0.002334228
melibiose,OCC1OC(OCC2OC(O)C(O)C(O)C2O)C(O)C(O)C1O,0.005988951
melittin,CCC(C)C(NC(=O)CN)C(=O)NCC(=O)NC(C)C(=O)NC(C(C)C)C(=O)NC(CC(C)C)C(=O)NC(CCCCN)C(=O)NC(C(C)C)C(=O)NC(CC(C)C)C(=O)NC(C(C)O)C(=O)NC(C(C)O)C(=O)NCC(=O)NC(CC(C)C)C(=O)N1CCCC1C(=O)NC(C)C(=O)NC(CC(C)C)C(=O)NC(C(C)CC)C(=O)NC(CO)C(=O)NC(Cc2c[nH]c3ccccc23)C(=O)NC(C(C)CC)C(=O)NC(CCCCN)C(=O)NC(CCCNC(N)=N)C(=O)NC(CCCCN)C(=O)NC(CCCNC(N)=N)C(=O)NC(CCC(N)=O)C(=O)NC(CCC(N)=O)C(N)=O,0.000621989
mep,CCc1ccc(C)nc1,0.012584273
mesitylene,Cc1cc(C)cc(C)c1,0.018636383
met,CSCCC(N)C(O)=O,0.014676809
methacrolein,CC(=C)C=O,0.020202308
methacrylate,CC(=C)C([O-])=O,0.029265885
methotrexate,CN(Cc1cnc2nc(N)nc(N)c2n1)c3ccc(cc3)C(=O)N[C@@H](CCC(O)=O)C(O)=O,0.011002383
methoxybenzene,COc1ccccc1,0.013578694
methyl2-furanacrylate,COC(=O)C=Cc1occc1,0.009495297
methyl2-isothiocyanatobenzoate,COC(=O)c1ccccc1N=C=S,0.00795127
methyl2-thiofuroate,COC(=O)c1sccc1,0.011050155
methyl_butanoate,CCCC(=O)OC,0.013560455
methyl_ethyl_ketone,CCC(C)=O,0.04710673
methyl_heptanoate,CCCCCCC(=O)OC,0.009773323
methyl_isobutyl_ketone,CC(C)CC(C)=O,0.013935564
methyl_linoleate,CCCCC/C=C\C\C=C/CCCCCCCC(=O)OC,0.004963002
methyl_oleate,CCCCCCCC\C=C/CCCCCCCC(=O)OC,0.004696707
methyl_palmitate,CCCCCCCCCCCCCCCC(=O)OC,0.005299179
methyl_pentanoate,CCCCC(=O)OC,0.012007576
methyl_propanoate,CCC(=O)OC,0.015598427
methyl_salicylate,COC(=O)c1ccccc1O,0.010038186
methyl_stearate,CCCCCCCCCCCCCCCCCC(=O)OC,0.004812218
methyl_succinic_acid,CC(CC(O)=O)C(O)=O,0.011186466
methyl_vinyl_ketone,CC(=O)C=C,0.020130973
methylanisole,COc1ccccc1C,0.012379775
methylbutane,CCCCC,0.018766199
methylbutanoate,CCCC(=O)OC,0.013785946
methylbutyrate,CCCC(=O)OC,0.033485749
methylchloride,CCl,0.026521154
methylcyclohexane,CC1CCCCC1,0.014492968
methylcyclopentane,CC1CCCC1,0.017099166
methylene_blue,[Cl-].CN(C)c1ccc2nc3ccc(cc3[s+]c2c1)N(C)C,0.016257062
methylene_chloride,ClCCl,0.016769689
methylene_dichloride,ClCCl,0.016766157
methylenechloride,ClCCl,0.016770866
methylenedichloride,ClCCl,0.016766157
methylethylacetone,CCC(C)C(C)=O,0.013767834
methylethylketone,CCC(C)=O,0.019128517
methylheptanoate,CCCCCCC(=O)OC,0.009773323
methylisobutylketone,CC(C)CC(C)=O,0.013936562
methyllevulinate,COC(=O)CCC(C)=O,0.010876451
methylnaphthalene,Cc1cccc2ccccc12,0.011357163
methyloctanol,CCCCCCCC(C)O,0.03951254
methylparaben,COC(=O)c1ccc(O)cc1,0.012454896
methylpentene,CCCC=CC,0.017395024
methylphenylsulfoxide,C[S](=O)c1ccccc1,0.011197729
methylpropanoate,CCC(=O)OC,0.015599732
methylpropionate,CCC(=O)OC,0.015511997
methylsalicylate,COc1ccccc1C([O-])=O,0.010100833
mha,NC(=O)CN(CC(O)=O)CC(O)=O,0.007677947
miak,CC(C)CCC(C)=O,0.012320034
mibk,CC(C)CC(C)=O,0.01438484
milli,C[C@]12CC[C@H]3[C@@H](CCC4=CC(=O)CC[C@H]34)[C@@H]1CC[C@@]2(O)C#C,0.005115171
mitoxantrone,OCCNCCNc1ccc(NCCNCCO)c2C(=O)c3c(O)ccc(O)c3C(=O)c12,0.002531002
mmf,COc1c(C)c2COC(=O)c2c(O)c1C\C=C(C)\CCC(=O)OCCN3CCOCC3,0.003331734
mne,COC12CC(COC(=O)c3cncc(Br)c3)CN(C)C1Cc4cn(C)c5cccc2c45,0.002786987
mns,CN(C)c1cccc2c1cccc2[S](N)(=O)=O,0.019974193
monensin,CC[C@]1(CC[C@@H](O1)[C@]2(C)CC[C@]3(C[C@H](O)[C@@H](C)[C@H](O3)[C@@H](C)[C@@H](OC)[C@H](C)C(O)=O)O2)[C@@H]4O[C@H](C[C@@H]4C)[C@H]5O[C@@](O)(CO)[C@H](C)C[C@@H]5C,0.002399829
monobromonaphthalene,Brc1cccc2ccccc12,0.008016613
monochlorobenzene,Clc1ccccc1,0.013504029
monoethylene_glycol,OCCO,0.02307147
monoglyme,COCCOC,0.015281285
monoterpenes,CC1=CCC2CC1C2(C)C,0.01070186
morin,Oc1ccc(c(O)c1)C2=C(O)C(=O)c3c(O)cc(O)cc3O2,0.003904208
morpholine,C1COCCN1,0.016723675
morpholine-4-carbaldehyde,O=CN1CCOCC1,0.01289737
mpa,COc1c(C)c2COC(=O)c2c(O)c1C\C=C(C)\CCC(O)=O,0.006555514
mpep,Cc1cccc(n1)C#Cc2ccccc2,0.018111349
mr3,Cn1cccc1,0.018547055
mta,CSCC1OC(C(O)C1O)n2cnc3c(N)ncnc23,0.005391135
mtt,[Br-].Cc1sc(nc1C)[n+]2nc(nn2c3ccccc3)c4ccccc4,0.010860856
mxf,COc1c(N2C[C@@H]3CCCN[C@@H]3C2)c(F)cc4C(=O)C(=CN(C5CC5)c14)C(O)=O,0.014946268
mycophenolate_mofetil,COc1c(C)c2COC(=O)c2c(O)c1C\C=C(C)\CCC(=O)OCCN3CCOCC3,0.009227199
myricetin,Oc1cc(O)c2C(=O)C(=C(Oc2c1)c3cc(O)c(O)c(O)c3)O,0.003409409
myristic_acid,CCCCCCCCCCCCCC(O)=O,0.005210705
myristicacid,CCCCCCCCCCCCCC(O)=O,0.006348303
n-_tert-butylperoxymethyl_acrylamide,CC(C)(C)OOCNC(=O)C=C,0.008378172
n-amyl_acetate,CCCCCOC(C)=O,0.010750459
n-butanol,CCCCO,0.018874034
n-butyl-acetate,CCCCCC([O-])=O,0.012114423
n-butyl_acetate,CCCCOC(C)=O,0.011983471
n-butyl_chloride,CCCCCl,0.015145459
n-butylacetate,CCCCCC([O-])=O,0.012106173
n-butylacrylate,CCCCOC(=O)C=C,0.011859157
n-butylalcohol,CCCCO,0.018880779
n-butylamine,CCCCN,0.019155307
n-butylammonium_acetate,CCCC[NH3+].CC([O-])=O,0.010908395
n-butylammonium_nitrate,CCCC[NH3+].[O-][N+]([O-])=O,0.010657652
n-butylbenzene,CCCCc1ccccc1,0.011093561
n-butylchloride,CCCCCl,0.015123854
n-butylpropanate,CCCCOC(=O)CC,0.030494596
n-butyraldehyde,CCCC=O,0.031203628
n-decane,CCCCCCCCCC,0.010085673
n-decanol,CCCCCCCCCCO,0.009078561
n-dodecane,CCCCCCCCCCCC,0.008342139
n-eicosane,CCCCCCCCCCCCCCCCCCCC,0.005105183
n-heptadecane,CCCCCCCCCCCCCCCCC,0.006340784
n-heptane,CCCCCCC,0.013841625
n-heptanoic_acid,CCCCCCC(O)=O,0.010907387
n-heptanol,CCCCCCCO,0.012219889
n-hexadecane,CCCCCCCCCCCCCCCC,0.006327722
n-hexane,CCCCCC,0.015955348
n-hexanol,CCCCCCO,0.013863198
n-hexylacetate,CCCCCCCC([O-])=O,0.029049062
n-hexylalcohol,CCCCCCO,0.013877879
n-methyl-2-hydroxyethylammonium_acetate,C[NH2+]CCO.CC([O-])=O,0.010723349
n-methyl-2-hydroxyethylammonium_butyrate,CCCC([O-])=O.C[NH2+]CCO,0.008775924
n-methyl-2-hydroxyethylammonium_formate,C[NH2+]CCO.[O-]C=O,0.011935345
n-methyl-2-hydroxyethylammonium_isobutyrate,C[NH2+]CCO.CC(C)C([O-])=O,0.008890618
n-methyl-2-hydroxyethylammonium_pentanoate,CCCCC([O-])=O.C[NH2+]CCO,0.008202252
n-methyl-2-hydroxyethylammonium_propionate,CCC([O-])=O.C[NH2+]CCO,0.00974194
n-methyl-2-naphthalenamine,CNc1ccc2ccccc2c1,0.010636322
n-methyl-2-pyrrolidinone,CN1CCCC1=O,0.014766929
n-methyl-2-pyrrolidone,CN1CCCC1=O,0.014803345
n-methylimidazole,Cn1ccnc1,0.018622269
n-methylpyridine,CN1CC=CC=C1,0.021020548
n-methylpyrrolidone,CN1CCCC1=O,0.014828564
n-methylthiopyrrolidone,CN1CCCC1=S,0.013699534
n-nonadecane,CCCCCCCCCCCCCCCCCCC,0.005365901
n-nonane,CCCCCCCCC,0.010957516
n-nonanol,CCCCCCCCCO,0.009914182
n-octane,CCCCCCCC,0.012220744
n-octanol,CCCCCCCCO,0.010976649
n-octyl-2-pyrrolidone,CCCCCCCCN1CCCC1=O,0.007391877
n-octylalcohol,CCCCCCCCO,0.01097281
n-pentadecane,CCCCCCCCCCCCCCC,0.006736622
n-pentane,CCCCC,0.018814708
n-pentanol,CCCCCO,0.015984118
n-pentylacetate,CCCCCCC([O-])=O,0.030732549
n-pentylbutyrate,CCCCCOC(=O)CCC,0.027679299
n-propanol,CCCO,0.023046459
n-propyl_acetate,CCCOC(C)=O,0.013531376
n-propyl_alcohol,CCCO,0.023036808
n-propyl_cyanide,CCCC#N,0.019997974
n-propylacetate,CCCCC([O-])=O,0.023401731
n-propylalcohol,CCCO,0.023123669
n-propylamine,CCCN,0.033495737
n-propylammonium_nitrate,CCC[NH3+].[O-][N+]([O-])=O,0.011902656
n-propylbenzene,CCCc1ccccc1,0.012404842
n-propylbutyrate,CCCOC(=O)CCC,0.030264158
n-propylpropanate,CCCOC(=O)CC,0.032024793
n-tetradecane,CCCCCCCCCCCCCC,0.007202839
n-tetradecyl-triethylammonium,CCCCCCCCCCCCCC[N+](CC)(CC)CC,0.004782218
n-tridecane,CCCCCCCCCCCCC,0.007729691
n-undecane,CCCCCCCCCCC,0.009058748
n_n-dimethylaniline,CN(C)c1ccccc1,0.012859229
nac,CC(=O)N[C@@H](CS)C(O)=O,0.01654432
nadolol,CC(C)(C)NCC(O)COc1cccc2C[C@@H](O)[C@@H](O)Cc12,0.022623996
naphtalene,c1ccc2ccccc2c1,0.013434862
naphthalene,c1ccc2ccccc2c1,0.012662474
naringenin,Oc1ccc(cc1)C2CC(=O)c3c(O)cc(O)cc3O2,0.003746474
naringin,C[C@@H]1O[C@@H](O[C@@H]2[C@@H](O)[C@H](O)[C@@H](CO)O[C@H]2Oc3cc(O)c4C(=O)C[C@H](Oc4c3)c5ccc(O)cc5)[C@H](O)[C@H](O)[C@H]1O,0.002165229
navan,CN1CCN(CC/C=C/2c3ccccc3Sc4ccc(cc24)[S](=O)(=O)N(C)C)CC1,0.00676227
ncf,OC(=O)C1=N[C@H](SCC1)[C@H](NC(=O)Cc2sccc2)C=O,0.004074767
neostigmine,CN(C)C(=O)Oc1cccc(c1)[N+](C)(C)C,0.017913442
neoxanthin,CC(=C/C=C/C=C(C)/C=C/C=C(\C)[CH]=[C]=[C]1C(C)(C)C[C@H](O)C[C@@]1(C)O)\C=C\C=C(C)\C=C\[C@@]23O[C@]2(C)C[C@@H](O)CC3(C)C,0.002596175
neral,CC(C)=CCC\C(C)=C/C=O,0.009564035
neryl_acetate,CC(=O)OC\C=C(\C)CCC=C(C)C,0.007427785
nethanol,CCC(C(=O)OCCN1CCOC(C1C)c2ccccc2)c3ccccc3,0.00369807
nic,O[C@H]([C@H](CC(O)=O)[N+]([O-])=O)C(O)=O,0.041426951
nicorandil,[O-][N+](=O)OCCNC(=O)c1cccnc1,0.018941457
nicotine,CN1CCCC1c2cccnc2,0.020118839
nicotinic_acid,OC(=O)c1cccnc1,0.013776186
nicotinicacid,OC(=O)c1cccnc1,0.013378171
nitrobenzene,[O-][N+](=O)c1ccccc1,0.011472492
nitroethane,CC[N+]([O-])=O,0.018516792
nonan-1-ol,CCCCCCCCCO,0.009936364
nonanal,CCCCCCCCC=O,0.010032199
nonane,CCCCCCCCC,0.010941143
nonanoate,CCCCCCCCC([O-])=O,0.009261415
nonanoate_nonanoate,CCCCCCCCC(O)=O.CCCCCCCCC(O)=O,0.004599156
nonanol,CCCCCCCCCO,0.009891999
nonylnaphthalene,CCCCCCCCCc1cccc2ccccc12,0.00608332
norfloxacin,CCN1C=C(C(O)=O)C(=O)c2cc(F)c(cc12)N3CCNCC3,0.005323546
npa,OC(=O)c1ccccc1C(=O)Nc2cccc3ccccc23,0.006865633
ntpc,FC(F)(F)C(=O)N1CCC[C@H]1C(Cl)=O,0.006315744
nylon-6,CCCCCC(N)=O,0.05122595
nylon_6,CCCCCC(N)=O,0.013197194
o-anisidine,COc1ccccc1N,0.01185092
o-chloroaniline,Nc1ccccc1Cl,0.011530563
o-cresol,Cc1ccccc1O,0.014047531
o-dichlorobenzene,Clc1ccccc1Cl,0.010554135
o-nitrobenzyl_acetate,CC(=O)OCc1ccccc1[N+]([O-])=O,0.007916013
o-tolualdehyde,Cc1ccccc1C=O,0.012875465
o-toluenethiosulfonicacid,Cc1ccccc1[S](O)(=O)=S,0.008148274
o-toluic_acid,Cc1ccccc1C(O)=O,0.011105398
o-xylene,Cc1ccccc1C,0.014175646
octa,OC(=O)CN(CC(O)=O)C1CCCCC1N(CC(O)=O)CC(O)=O,0.005370507
octadecyl_ethyl_ether,CCCCCCCCCCCCCCCCCCOCC,0.004803303
octadecylethylether,CCCCCCCCCCCCCCCCCCOCC,0.004803303
octan-1-ol,CCCCCCCCO,0.010973578
octanal,CCCCCCCC=O,0.050696096
octane,CCCCCCCC,0.012223326
octanenitrile,CCCCCCCC#N,0.011340494
octanol,CCCCCCCCO,0.01097281
octyl_acetoacetate,CCCCCCCCOC(=O)CC(C)=O,0.006718229
octyl_laurate,CCCCCCCCCCCC(=O)OCCCCCCCC,0.004624398
octyl_palmitate,CCCCCCCCCCCCCCCC(=O)OCCCCCCCC,0.003925717
octylacetoacetate,CCCCCCCCCC(=O)CC([O-])=O,0.006749978
octylamine,CCCCCCCCN,0.011019985
octylethylether,CCCCCCCCOCC,0.008935465
octyllaurate,CCCCCCCCCCCC(=O)OCCCCCCCC,0.004624398
octylpalmitate,CCCCCCCCCCCCCCCC(=O)OCCCCCCCC,0.003925717
odcb,Clc1ccccc1Cl,0.01700634
oestradiol,C[C@]12CC[C@H]3[C@@H](CCc4cc(O)ccc34)[C@@H]1CC[C@@H]2O,0.015786305
oleic_acid,CCCCCCCC\C=C/CCCCCCCC(O)=O,0.005161293
oleic_acid_methyl_ester,CCCCCCCC\C=C/CCCCCCCC(=O)OC,0.004897216
oleicacid,CCCCCCCC\C=C/CCCCCCCC(O)=O,0.00516324
olein,CCCCCCCC\C=C/CCCCCCCC(=O)OCC(COC(=O)CCCCCCC\C=C/CCCCCCCC)OC(=O)CCCCCCC\C=C/CCCCCCCC,0.001647744
oleyl_alcohol,CCCCCCCC\C=C/CCCCCCCCO,0.00543792
oleylalcohol,CCCCCCCC\C=C/CCCCCCCCO,0.00543792
olmesartan,CCCc1nc(c(n1Cc2ccc(cc2)c3ccccc3c4n[nH]nn4)C(O)=O)C(C)(C)O,0.012877622
omeprazole,COc1ccc2nc([nH]c2c1)[S](=O)Cc3ncc(C)c(OC)c3C,0.012448469
orientin,OC[C@H]1O[C@H]([C@H](O)[C@@H](O)[C@@H]1O)c2c(O)cc(O)c3C(=O)C=C(Oc23)c4ccc(O)c(O)c4,0.006690753
ouabain,C[C@@H]1O[C@@H](O[C@H]2C[C@@H](O)[C@]3(CO)C4[C@H](O)C[C@]5(C)[C@H](CC[C@]5(O)C4CC[C@]3(O)C2)C6=CC(=O)OC6)[C@H](O)[C@H](O)[C@H]1O,0.005088436
oxacillin,Cc1onc(c2ccccc2)c1C(=O)N[C@H]3[C@H]4SC(C)(C)[C@@H](N4C3=O)C(O)=O,0.008270145
oxane,C1CCOCC1,0.016253744
p-benzoquinone,O=C1C=CC(=O)C=C1,0.013599023
p-cimene,CC(C)c1ccc(C)cc1,0.010959455
p-coumaric_acid,OC(=O)/C=C/c1ccc(O)cc1,0.036701998
p-cresol,Cc1ccc(O)cc1,0.014122434
p-cymene,CC(C)c1ccc(C)cc1,0.011107717
p-dimethylaminobenzaldehyde,CN(C)c1ccc(C=O)cc1,0.010779326
p-dioxane,C1COCCO1,0.016129719
p-hydroxybenzoic_acid,OC(=O)c1ccc(O)cc1,0.021719929
p-methoxyazobenzene,COc1ccc(cc1)N=Nc2ccccc2,0.028268285
p-terphenyl,c1ccc(cc1)c2ccc(cc2)c3ccccc3,0.007164257
p-tolualdehyde,Cc1ccc(C=O)cc1,0.012858819
p-xylene,Cc1ccc(C)cc1,0.014081456
paam,OC(=O)Cc1ccc(cc1)N(CCCl)CCCl,0.004815996
pac,OC(=O)Cc1ccccc1,0.033051781
padc,C=CCOC(=O)OCCOCCOC(=O)OCC=C,0.005443561
palmitic_acid,CCCCCCCCCCCCCCCC(O)=O,0.005541083
palmiticacid,CCCCCCCCCCCCCCCC(O)=O,0.005637016
para-cymene,CC(C)c1ccc(C)cc1,0.011108462
para-cymène,CC(C)c1ccc(C)cc1,0.011101012
paracetamol,CC(=O)Nc1ccc(O)cc1,0.013945027
paraldehyde,CC1OC(C)OC(C)O1,0.010631134
paramethadione,CCC1(C)OC(=O)N(C)C1=O,0.009219375
paraoxon,CCO[P](=O)(OCC)Oc1ccc(cc1)[N+]([O-])=O,0.023619444
paraquat,C[n+]1ccc(cc1)c2cc[n+](C)cc2,0.005481644
peg_1500,CC.CO.CO.CO.CO.CCO.CCO.COC,0.004867682
peg_400,OCCO,0.021959786
peg_600,OCCO,0.025617065
pema,O.CCC(C(N)=O)(C(N)=O)c1ccccc1,0.006719879
penicillin_f,CC/C=C/CC(=O)N[C@H]1[C@H]2SC(C)(C)[C@@H](N2C1=O)C(O)=O,0.005211418
penicillin_g,CC1(C)S[C@@H]2[C@H](NC(=O)Cc3ccccc3)C(=O)N2[C@H]1C(O)=O,0.009928319
pentacene,c1ccc2cc3cc4cc5ccccc5cc4cc3cc2c1,0.009340624
pentadecane,CCCCCCCCCCCCCCC,0.006698961
pentan-1-ol,CCCCCO,0.015995462
pentanal,CCCCC=O,0.016184085
pentane,CCCCC,0.018821638
pentanenitrile,CCCCC#N,0.016804196
pentanol,CCCCCO,0.016460579
pentanol-1,CCCCCO,0.015711855
pentyl,[Na+].CCCC(C)C1(CC)C(=O)NC(=O)NC1=O,0.00627041
pentyl_acetate,CCCCCOC(C)=O,0.010690776
pentylacetate,CCCCCOC(C)=O,0.010729182
pentylammonium_formate,CCCCC[NH3+].[O-]C=O,0.010908395
pentylbenzene,CCCCCc1ccccc1,0.010035818
pentylcyclohexane,CCCCCC1CCCCC1,0.00935663
perhydrofluorene,C1CCC2C(C1)CC3CCCCC23,0.008424228
perylene,c1cc2cccc3c4cccc5cccc(c(c1)c23)c45,0.008838124
peta,OCC(COC(=O)C=C)(COC(=O)C=C)COC(=O)C=C,0.004998475
petg,OC[C@H]1O[C@@H](SCCc2ccccc2)[C@H](O)[C@@H](O)[C@@H]1O,0.005226782
phc,C[C@H](N(C)C=O)c1ccccc1,0.020524446
phema,CC(=C)C(=O)OCCO,0.011295268
phen,c1cnc2c(c1)ccc3cccnc23,0.007941013
phenanthrene,c1ccc2c(c1)ccc3ccccc23,0.009585713
phenethyl-alcohol,OCCc1ccccc1,0.080054352
phenol,Oc1ccccc1,0.016660823
phenol-formaldehyde,Oc1ccccc1.C=O,0.013694327
phenolphthalein,Oc1ccc(cc1)C2(OC(=O)c3ccccc23)c4ccc(O)cc4,0.004743535
phenyl,c1ccccc1,0.019970812
phenylacetate,[O-]C(=O)Cc1ccccc1,0.010514866
phenylacetylene,C#Cc1ccccc1,0.09134879
phenylalanine,N[C@@H](Cc1ccccc1)C(O)=O,0.024214248
phenylbutazone,CCCCC1C(=O)N(N(C1=O)c2ccccc2)c3ccccc3,0.003871834
phenylephrine,CNC[C@H](O)c1cccc(O)c1,0.01196115
phenylethylacrylate,C=CC(=O)OCCc1ccccc1,0.008796073
phenylethylamine,NCCc1ccccc1,0.01211391
phenylethylmethacrylate,CC(=C)C(=O)OCCc1ccccc1,0.007989823
phenyloctane,CCCCCCCCc1ccccc1,0.007828508
phloroglucinol,Oc1cc(O)cc(O)c1,0.014706568
phosphorylcholine,C[N+](C)(CCO)C#[P]=O,0.009451668
photobiotin,CN(CCCNC(=O)CCCCC1SC[C@@H]2NC(=O)N[C@H]12)CCCNc3ccc(cc3[N+]([O-])=O)N=[N+]=[N-],0.002717091
phthalocyanine,[nH]1c2nc3[nH]c(nc4nc(nc5nc(nc1c6ccccc26)c7ccccc57)c8ccccc48)c9ccccc39,0.00309201
phytantriol,CC(C)CCCC(C)CCCC(C)CCCC(C)CC(O)(O)O,0.004438018
picric_acid,Oc1c(cc(cc1[N+]([O-])=O)[N+]([O-])=O)[N+]([O-])=O,0.009035198
pilocarpine,CC[C@H]1[C@H](COC1=O)Cc2cncn2C,0.03361167
pimelic_acid,OC(=O)CCCCCC(O)=O,0.029406439
pindolol,CC(C)NCC(O)COc1cccc2[nH]ccc12,0.004429661
pinobanksin,O[C@@H]1[C@H](Oc2cc(O)cc(O)c2C1=O)c3ccccc3,0.033057123
piperazine,C1CNCCN1,0.016787016
piperazine-diol,OC1CNCCN1O,0.013212738
piperidinium,C1CC[NH2+]CC1,0.016388496
piperine,O=C(/C=C/C=C/c1ccc2OCOc2c1)N3CCCCC3,0.024531879
plt,CC1=NC=C(CO[P](O)(O)=O)/C(=C/N[C@@H](Cc2c[nH]c3ccccc23)C(O)=O)C1=O,0.004153619
pluronic,CC1CO1.C2CO2,0.012879285
pluronic_f127,CC1CO1.C2CO2,0.025554914
pmda,O=C1OC(=O)c2cc3C(=O)OC(=O)c3cc12,0.007713873
pmea,Nc1ncnc2n(CCOC[P](O)(O)=O)cnc12,0.004941634
poloxamer_188,CC1CO1.C2CO2,0.009982082
poloxamer_407,CC1CO1.C2CO2,0.0099625
poly-d-lysine,NCCCC[C@@H](N)C(O)=O,0.010329024
poly-hema,CC(=C)C(=O)OCCO,0.011641041
poly1-decene,CCCCCCCCC=C,0.010501176
poly2-vinylpyridine,C=Cc1ccccn1,0.04755564
poly4-methyl-1-pentene,CC(C)CC=C,0.017395024
polyacrylonitrile,C=CC#N,0.028644656
polybenzylmethacrylate,CC(=C)C(=O)OCc1ccccc1,0.008892546
polycarbonate,CC(C)(c1ccc(O)cc1)c2ccc(O)cc2,0.006947273
polyethylene_glycol,OCCO,0.02366759
polyethylmethacrylate,CCOC(=O)C(C)=C,0.013009882
polylysine,NCCCC[C@H](N)C(O)=O,0.01026062
polymethacrylic_acid,CC(=C)C(O)=O,0.017946335
polyn-vinylpyrrolidone,C=CN1CCCC1=O,0.013765925
polynorbornene,C=CC1CCC(C1)C=C,0.012682983
polypropylene,CC=C,0.035621777
polypyrrole,[NH2+]1C=CC=C1,0.02276098
polysorbate_80,CCCCCCCC/C=C/CCCCCCCC(=O)OCCOCC(OCCO)C1OCC(OCCO)C1OCCO,0.004960137
polystyrene,C=Cc1ccccc1,0.015266149
polystyrene-co-acrylonitrile,C=CC#N.C=Cc1ccccc1,0.010005343
polysulfone,CC(C)(c1ccc(O)cc1)c2ccc(O)cc2.Oc3ccc(cc3)[S](=O)(=O)c4ccc(O)cc4,0.003406009
polysulphone,CC(C)(c1ccc(O)cc1)c2ccc(O)cc2.Oc3ccc(cc3)[S](=O)(=O)c4ccc(O)cc4,0.003406009
polythiophene,s1cccc1,0.023293679
polyurethane,OCCO.OCCCCO.OC(=O)CCCCC(O)=O.O=C=Nc1ccc(Cc2ccc(cc2)N=C=O)cc1,0.00269783
polyvinyl_fluoride,CCF,0.031002913
polyvinylcarbazole,C=Cn1c2ccccc2c3ccccc13,0.008667574
polyvinylpyrrolidone,C=CN1CCCC1=O,0.013855899
porphine,[nH]1c2ccc1cc3ccc(cc4[nH]c(cc4)cc5ccc(c2)n5)n3,0.004382008
porphyrin,[nH]1c2ccc1cc3ccc(cc4[nH]c(cc4)cc5ccc(c2)n5)n3,0.006347467
potassium_acetate,[K+].CC([O-])=O,0.011921501
potassium_thiocyanate_glycerol,[K+].OCC(O)CO.[S-]C#N,0.007829794
povidone,C=CN1CCCC1=O,0.012326351
pravastatin,CC[C@H](C)C(=O)O[C@H]1C[C@H](O)C=C2C=C[C@H](C)[C@H](CC[C@@H](O)C[C@@H](O)CC(O)=O)[C@@H]12,0.008008781
prednisolone,C[C@]12C[C@H](O)[C@H]3[C@@H](CCC4=CC(=O)C=C[C@]34C)[C@@H]1CC[C@]2(O)C(=O)CO,0.010403662
pristane,CC(C)CCCC(C)CCCC(C)CCCC(C)C,0.00555508
proanthocyanidins,COc1c(O)cc(cc1O)C2Oc3c(C[C@H]2O)c(O)cc(O)c3[C@@H]4[C@@H](O)[C@H](Oc5cc(O)cc(O)c45)c6ccc(O)cc6,0.004995334
prolate,CO[P](=S)(OC)SCN1C(=O)c2ccccc2C1=O,0.005042102
proline,OC(=O)[C@@H]1CCCN1,0.011585745
promazine,CN(C)CCCN1c2ccccc2Sc3ccccc13,0.003867411
propan-1-ol,CCCO,0.023022331
propan-2-ol,CC(C)O,0.022913339
propan-2-one,CC(C)=O,0.023379821
propane,CCC,0.033290247
propane-2-ol,CC(C)O,0.022913339
propanediol,CCC(O)O,0.018358631
propanenitrile,CCC#N,0.02480029
propanol,CCCO,0.023046459
propanol-1,CCCO,0.023056443
propanone,CC(C)=O,0.023350551
propene,CC=C,0.032247333
propionaldehyde,CCC=O,0.030216942
propionic_acid,CCC(O)=O,0.01864361
propionicacid,CCC(O)=O,0.018709756
propionitrile,CCC#N,0.02480029
propiophenone,CCC(=O)c1ccccc1,0.011361773
propranolol,CC(C)NCC(O)COc1cccc2ccccc12,0.011567425
propyl,[CH2]CC,0.035809603
propyl_acetate,CCCOC(C)=O,0.01392498
propyl_butanoate,CCCOC(=O)CCC,0.010661587
propyl_propanoate,CCCOC(=O)CC,0.011971419
propylacetate,CCCOC(C)=O,0.013553406
propylamine,CCCN,0.02343179
propylammonium_acetate,CCC[NH3+].CC([O-])=O,0.012192441
propylbenzene,CCCc1ccccc1,0.036241108
propylcyclohexane,CCCC1CCCCC1,0.011383601
propylene,CC=C,0.062260878
propylene_carbonate,CC1COC(=O)O1,0.013890037
propylene_glycol,CC(O)CO,0.018823839
propyleneglycol,CC(O)CO,0.015678428
propylethanoate,CCCOC(C)=O,0.013454026
protocatechuic_acid,OC(=O)c1ccc(O)c(O)c1,0.019465225
pseudocumene,Cc1ccc(C)c(C)c1,0.012520488
ptea,CCCCC[N+](CC)(CC)CC,0.009040479
ptma,[I-].C[N+](C)(C)c1ccc(O)cc1,0.010783854
puromycin,COc1ccc(C[C@H](N)C(=O)NC2[C@@H](O)[C@@H](O[C@@H]2CO)n3cnc4c(ncnc34)N(C)C)cc1,0.007168337
purum,[H+].[H+].[Cl-].[Cl-].CCC1CN2CCc3cc(OC)c(OC)cc3C2CC1CC4NCCc5cc(OC)c(OC)cc45,0.002594067
putrescine,NCCCCN,0.015133346
pyrene,c1cc2ccc3cccc4ccc(c1)c2c34,0.009987343
pyreneacetonitrile,N#CCc1ccc2ccc3cccc4ccc1c2c34,0.005628427
pyridine,c1ccncc1,0.019089277
pyridine-dicarboxamide,NC(=O)c1cccnc1C(N)=O,0.024220112
pyridinium,c1cc[nH+]cc1,0.018075147
pyrite,[O-]CC1OC=CC=C1,0.024838013
pyrolysate,CN(CC(O)=O)C(N)=N,0.013871201
pyrrole,[nH]1cccc1,0.022398235
pyrrolidinium,C1CC[NH2+]C1,0.019339812
pyrromethene,[nH]1cccc1\C=C2\C=CC=N2,0.009536889
pyruvic_acid,CC(=O)C(O)=O,0.016215848
quercetin,Oc1cc(O)c2C(=O)C(=C(Oc2c1)c3ccc(O)c(O)c3)O,0.003440997
quinidine,COc1ccc2nccc([C@H](O)[C@H]3C[C@@H]4CCN3C[C@@H]4C=C)c2c1,0.021576702
quinine_sulfate,O.O.COc1ccc2nccc([C@@H](O)[C@@H]3CC4CCN3C[C@@H]4C=C)c2c1.COc5ccc6nccc([C@@H](O)[C@@H]7CC8CCN7C[C@@H]8C=C)c6c5.O[S](O)(=O)=O,0.001698688
quinine_sulphate,O.O.COc1ccc2nccc([C@@H](O)[C@@H]3CC4CCN3C[C@@H]4C=C)c2c1.COc5ccc6nccc([C@@H](O)[C@@H]7CC8CCN7C[C@@H]8C=C)c6c5.O[S](O)(=O)=O,0.00170252
quinoline,c1ccc2ncccc2c1,0.012612069
quinolinium_2-carboxy-6-nitrophthalate_monohydrate,O.OC(=O)C1(C=CC=C(C1C([O-])=O)[N+]([O-])=O)C([O-])=O.c2ccc3[nH+]cccc3c2.c4ccc5[nH+]cccc5c4,0.005567083
quinone,O=C1C=CC(=O)C=C1,0.012118857
r6g,CCNc1cc2[o+]c3cc(NCC)c(C)cc3c(c4ccc(cc4C(O)=O)C(=O)NCCCCCCO)c2cc1C,0.003543948
rac-1-phenylethanol,CC(O)c1ccccc1,0.012462449
rac-1-phenylethyl_propionate,CCC(=O)OC(C)c1ccccc1,0.0083403
rac-1-phenylethylpropionate,CCC(=O)OC(C)c1ccccc1,0.0083403
rap,CO[C@@H]1C[C@@H](CC[C@H]1O)C[C@@H](C)[C@@H]2CC(=O)[C@H](C)\C=C(C)/[C@@H](O)[C@@H](OC)C(=O)[C@H](C)C[C@H](C)\C=C\C=C/C=C(C)/[C@H](C[C@@H]3CC[C@@H](C)[C@@](O)(O3)C(=O)C(=O)N4CCCC[C@H]4C(=O)O2)OC,0.005469341
rattler,CC(C)N.OC(=O)CNC[P](O)(O)=O,0.013147227
resorcinol–formaldehyde,Oc1cccc(OC=O)c1,0.019547936
resveratrol,Oc1ccc(cc1)C=Cc2cc(O)cc(O)c2,0.015772387
retinal,CC(=C\C=O)/C=C/C=C(C)/C=C/C1=C(C)CCCC1(C)C,0.007031286
rhodamine,[Cl-].CCN(CC)c1ccc2c(c1)[o+]c3cc(ccc3c2c4ccccc4C(O)=O)N(CC)CC,0.010437978
rhodamine_6g,[Cl-].CCNc1cc2[o+]c3cc(NCC)c(C)cc3c(c2cc1C)c4ccccc4C(=O)OCC,0.002782765
rhodamine_b,[Cl-].CCN(CC)c1ccc2c(c1)[o+]c3cc(ccc3c2c4ccccc4C(O)=O)N(CC)CC,0.00350716
rocket_fuel,C1CCN(CC1)C2(CCCCC2)c3ccccc3,0.005975291
rose_bengal,[Na+].[Na+].[O-]C(=O)c1c(Cl)c(Cl)c(Cl)c(Cl)c1C2=C3C=C(I)C(=O)C(=C3Oc4c(I)c([O-])c(I)cc24)I,0.001965333
royal_blue,CCN(CC)C(=O)[C@H]1CN(C)[C@@H]2Cc3c[nH]c4cccc(C2=C1)c34,0.005998021
rpa,CC(C)=C/C=C/C(C)=C/C=C/C(C)=C/C=C/C(CO)=C/C=C/C=C(C)/C=C/C=C(C)/C=C/C=C(C)/CCCC(C)(C)O[C@@H]1O[C@H](CO)[C@@H](O)[C@H](O)[C@H]1O,0.008549616
ruboxistaurin,CN(C)C[C@@H]1CCn2cc(c3ccccc23)C4=C(C(=O)NC4=O)c5cn(CCO1)c6ccccc56,0.017287118
rubrene,c1ccc(cc1)c2c3ccccc3c(c4ccccc4)c5c(c6ccccc6)c7ccccc7c(c8ccccc8)c25,0.00353867
rutaecarpine,O=C1N2CCc3c([nH]c4ccccc34)C2=Nc5ccccc15,0.008352998
rutin,C[C@@H]1O[C@@H](OC[C@H]2O[C@@H](OC3=C(Oc4cc(O)cc(O)c4C3=O)c5ccc(O)c(O)c5)[C@H](O)[C@@H](O)[C@@H]2O)[C@H](O)[C@H](O)[C@H]1O,0.004913836
sabinene,CC(C)C12CCC(=C)C1C2,0.010885362
salbutamol,CC(C)(C)NCC(O)c1ccc(O)c(CO)c1,0.005758101
salicylic_acid,OC(=O)c1ccccc1O,0.014479953
salmeterol,OCc1cc(ccc1O)C(O)CNCCCCCCOCCCCc2ccccc2,0.003657592
saquinavir,CC(C)(C)NC(=O)[C@@H]1C[C@@H]2CCCC[C@@H]2CN1C[C@@H](O)[C@H](Cc3ccccc3)NC(=O)[C@H](CC(N)=O)NC(=O)c4ccc5ccccc5n4,0.006335199
sauflon,C=CN1CCCC1=O,0.012587274
scoparone,COc1cc2OC(=O)C=Cc2cc1OC,0.006207656
scopoletin,COc1cc2C=CC(=O)Oc2cc1O,0.005463912
scutellarin,O[C@@H]1[C@@H](O)[C@@H](O[C@@H]([C@H]1O)C(O)=O)Oc2cc3OC(=CC(=O)c3c(O)c2O)c4ccc(O)cc4,0.002465595
sebacic_acid,OC(=O)CCCCCCCCC(O)=O,0.022694685
sec-butylbenzene,CCC(C)c1ccccc1,0.011093561
shield,OC(=O)c1nc(Cl)ccc1Cl,0.015624919
shikimic_acid,OC1CC(=CC(O)C1O)C(O)=O,0.018948964
sialic_acid,CC(=O)N[C@@H]1[C@@H](O)C[C@](O)(O[C@H]1[C@H](O)[C@H](O)CO)C(O)=O,0.004203433
silibinin,COc1cc(ccc1O)C2Oc3cc(ccc3OC2CO)C4Oc5cc(O)cc(O)c5C(=O)C4O,0.0023236
silymarin,COc1cc(ccc1O)C2Oc3cc(ccc3OC2CO)C4Oc5cc(O)cc(O)c5C(=O)C4O,0.002570262
simazine,CCNc1nc(Cl)nc(NCC)n1,0.00746302
simvastatin,CCC(C)(C)C(=O)O[C@H]1C[C@@H](C)C=C2C=C[C@H](C)[C@H](CC[C@@H]3C[C@@H](O)CC(=O)O3)[C@@H]12,0.003583596
sodium_acetate,[Na+].CC([O-])=O,0.014262379
sodium_benzoate,[Na+].[O-]C(=O)c1ccccc1,0.009399924
sodium_fluorescein,[Na+].[Na+].[O-]C(=O)c1ccccc1C2=C3C=CC(=O)C=C3Oc4cc([O-])ccc24,0.018603415
sodium_lactate,[Na+].CC(O)C([O-])=O,0.013385686
soma,CCCC(C)(COC(N)=O)COC(=O)NC(C)C,0.02573617
sorafenib,CNC(=O)c1cc(Oc2ccc(NC(=O)Nc3ccc(Cl)c(c3)C(F)(F)F)cc2)ccn1,0.002387965
sparteine,C1CCN2C[C@@H]3C[C@@H](CN4CCCC[C@H]34)[C@@H]2C1,0.006698324
spermidine,NCCCCNCCCN,0.009182685
spermine,NCCCNCCCCNCCCN,0.025624425
squalane,CC(C)CCCC(C)CCCC(C)CCCCC(C)CCCC(C)CCCC(C)C,0.003436402
squalene,CC(C)=CCC\C(C)=C\CC\C(C)=C\CC\C=C(/C)CC\C=C(/C)CCC=C(C)C,0.003634991
stardust,C1CCN(CC1)C2(CCCCC2)c3ccccc3,0.011914838
stearic_acid,CCCCCCCCCCCCCCCCCC(O)=O,0.007030272
stearicacid,CCCCCCCCCCCCCCCCCC(O)=O,0.004707822
stearin,CCCCCCCCCCCCCCCCCC(=O)OCC(COC(=O)CCCCCCCCCCCCCCCCC)OC(=O)CCCCCCCCCCCCCCCCC,0.001636454
stigmasterol,CC[C@H](/C=C/[C@@H](C)[C@H]1CC[C@H]2[C@@H]3CC=C4C[C@@H](O)CC[C@]4(C)[C@H]3CC[C@]12C)C(C)C,0.002483632
stilbene,c1ccc(cc1)C=Cc2ccccc2,0.009098474
stilbite,[O-]Cc1ccccc1C=Cc2ccccc2,0.007120057
styrene,C=Cc1ccccc1,0.014852331
styrene–divinyl-benzene,C=Cc1ccccc1.C=Cc2ccccc2C=C,0.006786236
suberic_acid,OC(=O)CCCCCCC(O)=O,0.009489885
succinate,[O-]C(=O)CCC([O-])=O,0.017230684
succinic_acid,OC(=O)CCC(O)=O,0.014923193
succinic_anhydride,O=C1CCC(=O)O1,0.012091173
succinicacid,OC(=O)CCC(O)=O,0.011324605
sulfasalazine,OC(=O)C1=C\C(C=CC1=O)=N/Nc2ccc(cc2)[S](=O)(=O)Nc3ccccn3,0.015060241
sulfolane,O=[S]1(=O)CCCC1,0.012332221
sulfoxide,CCCCCCCC[S](=O)C(C)Cc1ccc2OCOc2c1,0.004869239
sulphanilamide,Nc1ccc(cc1)[S](N)(=O)=O,0.009720746
sulpiride,CCN1CCCC1CNC(=O)c2cc(ccc2OC)[S](N)(=O)=O,0.004071077
sunitinib,CCN(CC)CCNC(=O)c1c(C)[nH]c(\C=C2/C(=O)Nc3ccc(F)cc23)c1C,0.002559714
sunset_yellow,[Na+].[Na+].[O-][S](=O)(=O)c1ccc(N\N=C2\C(=O)C=Cc3cc(ccc23)[S]([O-])(=O)=O)cc1,0.006786375
surfactin,CC(C)CCCCCCCCC[C@@H]1CC(=O)N[C@@H](CCC(O)=O)C(=O)N[C@@H](CC(C)C)C(=O)N[C@H](CC(C)C)C(=O)N[C@@H](C(C)C)C(=O)N[C@@H](CC(O)=O)C(=O)N[C@H](CC(C)C)C(=O)N[C@@H](CC(C)C)C(=O)O1,0.001244738
syringaldehyde,COc1cc(C=O)cc(OC)c1O,0.049403047
syringic_acid,COc1cc(cc(OC)c1O)C(O)=O,0.018317236
t-butanol,CC(C)(C)O,0.018797809
taa,CC(N)=S,0.021200224
tac,CN(C)C1[C@@H]2C[C@H]3C(=C(O)c4c(O)cccc4[C@@]3(C)O)C(=O)[C@]2(O)C(=O)\C(=C(N)\O)C1=O,0.003388534
tacrolimus,CO[C@@H]1C[C@@H](CC[C@H]1O)/C=C(C)/[C@H]2OC(=O)[C@@H]3CCCCN3C(=O)C(=O)[C@]4(O)O[C@H]([C@H](C[C@@H](C)CC(=C/[C@@H](CC=C)C(=O)C[C@H](O)[C@H]2C)/C)OC)[C@H](C[C@H]4C)OC,0.003731199
taic,C=CCN1C(=O)N(CC=C)C(=O)N(CC=C)C1=O,0.006069724
tamoxifen,CC/C(c1ccccc1)=C(c2ccccc2)/c3ccc(OCCN(C)C)cc3,0.004350998
tamsulosin,CCOc1ccccc1OCCN[C@H](C)Cc2ccc(OC)c(c2)[S](N)(=O)=O,0.020806815
tannic_acid,Oc1cc(cc(O)c1O)C(=O)Oc2cc(cc(O)c2O)C(=O)OCC3OC(OC(=O)c4cc(O)c(O)c(OC(=O)c5cc(O)c(O)c(O)c5)c4)C(OC(=O)c6cc(O)c(O)c(OC(=O)c7cc(O)c(O)c(O)c7)c6)C(OC(=O)c8cc(O)c(O)c(OC(=O)c9cc(O)c(O)c(O)c9)c8)C3OC(=O)c%10cc(O)c(O)c(OC(=O)c%11cc(O)c(O)c(O)c%11)c%10,0.000758286
taxifolin,O[C@@H]1[C@H](Oc2cc(O)cc(O)c2C1=O)c3ccc(O)c(O)c3,0.009860183
taxol,CC(=O)O[C@H]1C(=O)[C@]2(C)[C@@H](O)C[C@H]3OC[C@@]3(OC(C)=O)[C@H]2[C@H](OC(=O)c4ccccc4)[C@]5(O)C[C@H](OC(=O)[C@H](O)[C@@H](NC(=O)c6ccccc6)c7ccccc7)C(=C1C5(C)C)C,0.007026436
tba,CCCC[N+](CCCC)(CCCC)CCCC,0.008042199
tbhq,CC(C)(C)c1cc(O)ccc1O,0.006587655
tbn,Nc1ncnc2n(ccc12)[C@@H]3O[C@H](CO)[C@@H](O)[C@H]3O,0.005526615
tbo,C[C@H]1CN2C(=S)Nc3ccc(Cl)c(CN1CC=C(C)C)c23,0.00319998
tbp,CCCCO[P](=O)(OCCCC)OCCCC,0.00559857
tbt,Cc1ccc(cc1)C(C)(C)C,0.03372704
tch,C[C@@H](CCC(=O)NCC[S](O)(=O)=O)[C@H]1CC[C@H]2[C@@H]3[C@H](O)C[C@H]4C[C@@H](O)CC[C@]4(C)C3C[C@H](O)[C@]12C,0.003878126
tcnb,[O-][N+](=O)c1c(Cl)c(Cl)cc(Cl)c1Cl,0.00648585
tcnq,N#CC(C#N)=C1C=CC(C=C1)=C(C#N)C#N,0.008472418
tco,CC(C)(C)OC(=O)N[C@H](C=O)C1CCCCC1,0.007790131
tcp,Oc1cc(Cl)c(Cl)cc1Cl,0.007674426
tcpp,OC(=O)c1ccc(cc1)c2c3[nH]c(cc3)c(c4ccc(cc4)C(O)=O)c5ccc(n5)c(c6ccc(cc6)C(O)=O)c7ccc(n7)c(c8[nH]c2cc8)c9ccc(cc9)C(O)=O,0.001827291
tde,ClC(Cl)C(c1ccc(Cl)cc1)c2ccc(Cl)cc2,0.00459309
tea,OCCN(CCO)CCO,0.010426302
teah,[H+].CCN(CC)CC,0.013424526
teg,OCCOCCOCCO,0.009408553
terphenyl,c1ccc(cc1)c2ccccc2c3ccccc3,0.00732491
terpinolene,CC(C)=C1CCC(=CC1)C,0.010922063
tert-butanol,CC(C)(C)O,0.018712141
tert-butyl_benzene,CC(C)(C)c1ccccc1,0.010961728
tert-butylbenzene,CC(C)(C)c1ccccc1,0.011108797
tert-butylcumylperoxide,CC(C)(C)OOC(C)(C)c1ccccc1,0.006821859
tertiary_butyl_acetate,CC(=O)OC(C)(C)C,0.012331698
tertiarybutylacetate,CC(C)(C)CC([O-])=O,0.012439645
teta,NCCNCCNCCN,0.010223061
tetra-hydrofuran,C1CCOC1,0.019512669
tetrabromoethane,BrCC(Br)(Br)Br,0.00469834
tetracyanoethene,N#CC(C#N)=C(C#N)C#N,0.012178556
tetracyanoethylene,N#CC(C#N)=C(C#N)C#N,0.015379331
tetracycline,CN(C)[C@H]1[C@@H]2C[C@H]3C(=C(O)c4c(O)cccc4[C@@]3(C)O)C(=O)[C@]2(O)C(=O)\C(=C(N)/O)C1=O,0.005625056
tetradecane,CCCCCCCCCCCCCC,0.007207879
tetradecyl_acetate,CCCCCCCCCCCCCCOC(C)=O,0.005600749
tetradecylacetate,CCCCCCCCCCCCCCCC([O-])=O,0.005622852
tetraethyleneglycol,OCCOCCOCCOCCO,0.007516978
tetraethylenepentamine,NCCNCCNCCNCCN,0.007952691
tetraglyme,COCCOCCOCCOCCOC,0.006436065
tetrahydrofuran,C1CCOC1,0.019512669
tetrahydrofurane,C1CCOC1,0.019512669
tetrahydronaphthalene,C1CCc2ccccc2C1,0.011657565
tetrahydropyran,C1CCOCC1,0.016156338
tetralin,C1CCc2ccccc2C1,0.011057214
tetraline,C1CCc2ccccc2C1,0.011656052
tetramethylenesulfoxide,O=[S]1CCCC1,0.014600572
tfe,OCC(F)(F)F,0.034986355
thc,CCCCCc1cc(O)c2[C@@H]3C=C(C)CC[C@H]3C(C)(C)Oc2c1,0.009539891
thf,C1CCOC1,0.019512669
thianthrene,S1c2ccccc2Sc3ccccc13,0.007248186
thioanisole,CSc1ccccc1,0.012778565
thiol-ene,C1CC=[SH]C1,0.018599376
thiol–ene,C1CC=[SH]C1,0.01717607
thiophene,s1cccc1,0.016925353
thioridazine,CSc1ccc2Sc3ccccc3N(CCC4CCCCN4C)c2c1,0.004317475
thpp,Cc1ncc(C[n+]2csc(CCO[P](O)(=O)O[P](O)(O)=O)c2C)c(N)n1,0.007171071
thymol_blue,CC(C)c1cc(c(C)cc1O)C2(O[S](=O)(=O)c3ccccc23)c4cc(C(C)C)c(O)cc4C,0.002413207
thz,s1cnc2ccccc12,0.012944649
tic,[Cl].O=C(Nc1ccc(cc1)C2=NCCN2)c3ccc(cc3)C(=O)Nc4ccc(cc4)C5=NCCN5,0.003637511
timolol,CC(C)(C)NC[C@H](O)COc1nsnc1N2CCOCC2,0.018961719
tizanidine,Clc1ccc2nsnc2c1NC3=NCCN3,0.015765535
tmb,Cc1cc(cc(C)c1N)c2cc(C)c(N)c(C)c2,0.005579363
tmmp,COc1cc(C)c(\C=C\C(C)=C\C=C\C(C)=C\C(O)=O)c(C)c1C,0.00458727
tmpta,CCC(COC(=O)C=C)(COC(=O)C=C)COC(=O)C=C,0.005245698
tmpyp4,C[n+]1ccc(cc1)c2c3[nH]c(cc3)c(c4cc[n+](C)cc4)c5ccc(n5)c(c6cc[n+](C)cc6)c7ccc(n7)c(c8[nH]c2cc8)c9cc[n+](C)cc9,0.00271049
tnt,Cc1c(cc(cc1[N+]([O-])=O)[N+]([O-])=O)[N+]([O-])=O,0.013208179
tocopherol,CC(C)CCCC(C)CCCC(C)CCCC1(C)CCc2cc(O)c(C)c(C)c2O1,0.00357424
tocopherols,CC(C)CCCC(C)CCCC(C)CCCC1(C)CCc2cc(O)c(C)c(C)c2O1,0.003510043
tol,COc1ccc2c(cccc2c1C(F)(F)F)C(=S)N(C)CC(O)=O,0.004188855
toluene,Cc1ccccc1,0.016237071
toluidine_blue,[Cl-].CN(C)c1ccc2nc3cc(C)c(N)cc3[s+]c2c1,0.004963477
tpa,CCCCCCCCCCCCCC(=O)O[C@@H]1[C@@H](C)[C@@]2(O)[C@@H](C=C(CO)C[C@@]3(O)[C@H]2C=C(C)C3=O)[C@@H]4C(C)(C)[C@]14OC(C)=O,0.002756
tpaoh,[OH-].CCC[N+](CCC)(CCC)CCC,0.006800413
tpe,CC(=O)O[C@H]1C[C@@H](O[C@@H]1CO[P](O)(=O)O[P](O)(=O)Oc2ccccc2)N3C=C(C)C(=O)NC3=O,0.003613133
tpen,C(CN(Cc1ccccn1)Cc2ccccn2)N(Cc3ccccn3)Cc4ccccn4,0.021198817
tpp,Cc1ncc(C[n+]2csc(CCO[P](O)(=O)O[P](O)(O)=O)c2C)c(N)n1,0.003996991
tr1,COC(=O)[C@@H](NC(=O)CNC(=O)[C@H](CS)NCc1ccc(cc1)c2ccccc2)C(C)C,0.004589201
trans-3-hexene,CC\C=C\CC,0.016563295
trans-4-octene,CCC\C=C\CCC,0.012573964
trans-5-decene,CCCC\C=C\CCCC,0.01015185
trans-cinnamic_acid,OC(=O)\C=C\c1ccccc1,0.020248243
trans-resveratrol,Oc1ccc(cc1)/C=C/c2cc(O)cc(O)c2,0.005082214
transcutol,CCOCCOCCO,0.010210546
trap,CC(C)CC(NC(=O)C(CC(C)C)NC(=O)C(Cc1ccccc1)NC(=O)C(N)CO)C(=O)NC(CCCNC(N)=N)C(=O)NC(CC(N)=O)C(=O)N2CCCC2C(=O)NC(CC(N)=O)C(=O)NC(CC(O)=O)C(=O)NC(CCCCN)C(=O)NC(Cc3ccc(O)cc3)C(=O)NC(CCC(O)=O)C(=O)N4CCCC4C(=O)NC(Cc5ccccc5)C(O)=O,0.003046061
trehalose,OCC1OC(OC2OC(CO)C(O)C(O)C2O)C(O)C(O)C1O,0.005550735
tri-n-caprylylamine,CCCCCCCCN(CCCCCCCC)CCCCCCCC,0.004099763
tri-n-heptyltrimellitate,CCCCCCCc1c(CCCCCCC)c(C([O-])=O)c(C([O-])=O)c(CCCCCCC)c1C([O-])=O,0.002796581
triacetin,CC(=O)OCC(COC(C)=O)OC(C)=O,0.006554616
triacetylmethane,CC(=O)C(C(C)=O)C(C)=O,0.010460487
triamcinolone,C[C@]12C[C@H](O)[C@@]3(F)[C@@H](CCC4=CC(=O)C=C[C@]34C)[C@@H]1C[C@@H](O)[C@]2(O)C(=O)CO,0.003619064
triamcinolone_acetonide,CC1(C)O[C@@H]2C[C@H]3[C@@H]4CCC5=CC(=O)C=C[C@]5(C)[C@@]4(F)[C@@H](O)C[C@]3(C)[C@@]2(O1)C(=O)CO,0.010126489
triazole,[nH]1ccnn1,0.111775522
tributylamine,CCCCN(CCCC)CCCC,0.007672844
tributyrin,CCCC(=O)OCC(COC(=O)CCC)OC(=O)CCC,0.004745822
tricaprylin,CCCCCCCC(=O)OCC(COC(=O)CCCCCCC)OC(=O)CCCCCCC,0.003074501
tricin,COc1cc(cc(OC)c1O)C2=CC(=O)c3c(O)cc(O)cc3O2,0.003269834
tricosenoic_acid,CCCCCCCCCCCCCCCCCCCCC=CC(O)=O,0.004339158
tridecanedioic_acid,OC(=O)CCCCCCCCCCCC(O)=O,0.016780515
tridodecylamine,CCCCCCCCCCCCN(CCCCCCCCCCCC)CCCCCCCCCCCC,0.002782264
triethanol_amine,OCCN(CCO)CCO,0.009947047
triethanolamine,OCCN(CCO)CCO,0.007641263
triethylamine,CCN(CC)CC,0.013834949
triethylammonium_acetate,CC[NH+](CC)CC.CC([O-])=O,0.008855282
triethylammonium_hydrogen_sulfate,CC[NH+](CC)CC.O[S]([O-])(=O)=O,0.007165432
triethylene_glycol,OCCOCCOCCO,0.009694754
triethylene_glycol_monomethyl_ether,COCCOCCOCCO,0.008763649
triethyleneglycol,OCCOCCOCCO,0.009615513
triethyleneglycol_dimethacrylate,CC(=C)C(O)=O.CC(=C)C(O)=O.OCCOCCOCCO,0.004529182
triethylenetetramine,NCCNCCNCCN,0.010893201
triethylphosphate,CCO[P](=O)(OCC)OCC,0.007713169
triethylsulfonium,CC[S+](CC)CC,0.011947037
triethylsulfonium_bistrifluoromethylsulfonylimide,CC[S+](CC)CC.[O-][S](=O)(=N[S](=O)(=O)C(F)(F)F)C(F)(F)F,0.00356347
triglyceride,O=COCC(COC=O)OC=O,0.00965229
triglycerides,O=COCC(COC=O)OC=O,0.008621766
triglycine,NCC(=O)NCC(=O)NCC(O)=O,0.007041248
triglyme,COCCOCCOCCOC,0.007989205
trigonelline,C[n+]1cccc(c1)C([O-])=O,0.036459625
trihexylamine,CCCCCCN(CCCCCC)CCCCCC,0.005338439
triisooctylamine,CC(C)CCCCCN(CCCCCC(C)C)CCCCCC(C)C,0.004083081
trimethyl_pentane,CCCCC(C)(C)C,0.012168219
trimethylacetaldehyde,CC(C)(C)C=O,0.015998328
trimethylammonium_acetate,C[NH+](C)C.CC([O-])=O,0.011969974
trimethylbenzene,Cc1cccc(C)c1C,0.012513
trimethylolpropane_triacrylate,CCC(CO)(CO)CO.OC(=O)C=C.OC(=O)C=C.OC(=O)C=C,0.004195637
trimethylpentane,CCCCC(C)(C)C,0.012163842
trioctylamine,CCCCCCCCN(CCCCCCCC)CCCCCCCC,0.004081385
triolein,CCCCCCCC\C=C/CCCCCCCC(=O)OCC(COC(=O)CCCCCCC\C=C/CCCCCCCC)OC(=O)CCCCCCC\C=C/CCCCCCCC,0.002128114
tripalmitin,CCCCCCCCCCCCCCCC(=O)OCC(COC(=O)CCCCCCCCCCCCCCC)OC(=O)CCCCCCCCCCCCCCC,0.001907501
triphenyl_phosphate,O=[P](Oc1ccccc1)(Oc2ccccc2)Oc3ccccc3,0.004790247
triphenylbismuthine,c1ccc(cc1)[Bi](c2ccccc2)c3ccccc3,0.003870106
tripropylamine,CCCN(CCC)CCC,0.009839887
triptolide,CC(C)[C@]12O[C@H]1[C@@H]3O[C@@]34[C@@]5(C)CCC6=C(COC6=O)[C@@H]5C[C@@H]7O[C@]47[C@@H]2O,0.003832622
tris2-hydroxyethylmethylammonium_methylsulfate,CO[S]([O-])(=O)=O.C[N+](CCO)(CCO)CCO,0.005281796
tritan,c1ccc(cc1)C(c2ccccc2)c3ccccc3,0.020688639
tritc,[Cl-].CN(C)c1ccc2c(c1)[o+]c3cc(ccc3c2c4ccc(SC#N)cc4C(O)=O)N(C)C,0.003562582
triticonazole,CC1(C)CC\C(=C/c2ccc(Cl)cc2)C1(O)Cn3cncn3,0.008542571
triton_x-100,CC(C)(C)CC(C)(C)c1ccc(OCCO)cc1,0.015975589
troxerutin,CC1OC(OCC2OC(OC3=C(Oc4cc(O)cc(O)c4C3=O)c5ccc(O)c(O)c5)C(O)C(O)C2O)C(O)C(O)C1O,0.002072001
trp,NC(Cc1c[nH]c2ccccc12)C(O)=O,0.020663079
tryptophan,N[C@@H](Cc1c[nH]c2ccccc12)C(O)=O,0.006512297
turanose,OCC(O)C(O)C(OC1OC(CO)C(O)C(O)C1O)C(=O)CO,0.003973158
tween_20,CCCCCCCCCCCC(=O)OCCOCC(OCCO)C1OCC(OCCO)C1OCCO,0.002548424
tween_40,CCCCCCCCCCCC(=O)OCCOCC(OCCO)C1OCC(OCCO)C1OCCO,0.002758879
tween_60,CCCCCCCCCCCC(=O)OCCOCC(OCCO)C1OCC(OCCO)C1OCCO,0.002764619
tween_80,CCCCCCCC/C=C/CCCCCCCC(=O)OCCOCC(OCCO)C1OCC(OCCO)C1OCCO,0.00242716
tyr,NC(Cc1ccc(O)cc1)C(O)=O,0.018681943
tyrosine,N[C@@H](Cc1ccc(O)cc1)C(O)=O,0.019316633
tz,s1ccnc1,0.012627597
tzl,CC[C@@H](C)c1sccn1,0.02832079
undecane,CCCCCCCCCCC,0.011323434
undecanedioic_acid,OC(=O)CCCCCCCCCC(O)=O,0.020714177
undecanol,CCCCCCCCCCCO,0.008339524
urethane,CCOC(N)=O,0.016818192
urethane_dimethacrylate,CCOC(N)=O.CC(=C)C(O)=O.CC(=C)C(O)=O,0.005664551
uridine,OC[C@H]1O[C@H]([C@H](O)[C@@H]1O)N2C=CC(=O)NC2=O,0.007616614
valeraldehyde,CCCCC=O,0.016857455
valeric_acid,CCCCC(O)=O,0.01379182
valericacid,CCCCC(O)=O,0.0137928
valeronitrile,CCCCC#N,0.016804196
vanillic_acid,COc1cc(ccc1O)C(O)=O,0.024264339
vinyl_acetate,CC(=O)OC=C,0.016180741
vinyl_propionate,CCC(=O)OC=C,0.014003616
vinyl_tetrazole,C=Cc1[nH]nnn1,0.015583861
vinylacetate,[O-]C(=O)CC=C,0.016384194
vinylcyclohexane,C=CC1CCCCC1,0.013203267
vinylpropionate,CCC(=O)OC=C,0.014003616
vitamin_b1,[Cl-].Cc1ncc(C[n+]2csc(CCO)c2C)c(N)n1,0.005485099
vitamin_b2,Cc1cc2N=C3C(=O)NC(=O)N=C3N(CC(O)C(O)C(O)CO)c2cc1C,0.017164007
vitamin_e,CC(C)CCC[C@@H](C)CCC[C@@H](C)CCC[C@]1(C)CCc2c(C)c(O)c(C)c(C)c2O1,0.02234646
vivatec,NCCCC[C@H](N[C@@H](CCc1ccccc1)C(O)=O)C(=O)N2CCC[C@H]2C(O)=O,0.003773166
voriconazole,C[C@@H](c1ncncc1F)[C@](O)(Cn2cncn2)c3ccc(F)cc3F,0.01145095
warfarin,CC(=O)CC(c1ccccc1)C2=C(O)Oc3ccccc3C2=O,0.004410816
warfarin_sodium,[Na+].CC(=O)CC([C-]1C(=O)Oc2ccccc2C1=O)c3ccccc3,0.003996185
window_pane,CCN(CC)C(=O)[C@H]1CN(C)[C@@H]2Cc3c[nH]c4cccc(C2=C1)c34,0.004701212
xylene,Cc1ccccc1C,0.014102178
xylenes,CCc1ccccc1.Cc2ccc(C)cc2.Cc3cccc(C)c3.Cc4ccccc4C,0.003485514
xylol,Cc1ccccc1C,0.014080514
zst,OC(=O)CC1=NN(Cc2sc3ccc(cc3n2)C(F)(F)F)C(=O)c4ccccc14,0.007296416
−sparteine,C1CCN2C[C@@H]3C[C@@H](CN4CCCC[C@H]34)[C@@H]2C1,0.006519133
